nohup: ignoring input
INFO:     Will watch for changes in these directories: ['/root/backend-onmihub']
INFO:     Uvicorn running on http://0.0.0.0:8000 (Press CTRL+C to quit)
INFO:     Started reloader process [2962332] using WatchFiles
Server initialized for asgi.
INFO:     Started server process [2962335]
INFO:     Waiting for application startup.
INFO:     Application startup complete.
nqCd67sjMZzNYBOuAAAA: Sending packet OPEN data {'sid': 'nqCd67sjMZzNYBOuAAAA', 'upgrades': [], 'pingTimeout': 60000, 'pingInterval': 25000}
nqCd67sjMZzNYBOuAAAA: Received request to upgrade to websocket
INFO:     ('222.252.26.190', 0) - "WebSocket /socket.io/?EIO=4&transport=websocket" [accepted]
nqCd67sjMZzNYBOuAAAA: Upgrade to websocket successful
INFO:     connection open
nqCd67sjMZzNYBOuAAAA: Received packet MESSAGE data 0
emitting event "connection_established" to NtLcevauwhHEAdcwAAAB [/]
nqCd67sjMZzNYBOuAAAA: Sending packet MESSAGE data 2["connection_established",{"sid":"NtLcevauwhHEAdcwAAAB","message":"Connected. Please authenticate.","timestamp":"2026-08-04T04:12:55.553706+00:00"}]
nqCd67sjMZzNYBOuAAAA: Sending packet MESSAGE data 0{"sid":"NtLcevauwhHEAdcwAAAB"}
nqCd67sjMZzNYBOuAAAA: Received packet MESSAGE data 2["authenticate",{"token":"eyJhbGciOiJIUzI1NiIsInR5cCI6IkpXVCJ9.eyJ1c2VyX2lkIjoiMDE5ZmEzMGMtNzY4OC03NjU1LTk5NzctODFmNzcxMDQ0OWMwIiwidGVuYW50X2lkIjoiMDE5ZmEzMGMtNmJhMS03ZWJmLTkyM2MtNWMxZTJiNWE5NTNjIiwidG9rZW5fdmVyc2lvbiI6MCwiZXhwIjoxNzg1ODE4MTIzLCJ0b2tlbl90eXBlIjoiYWNjZXNzIn0.hsRUpli4QeXkoh0k3wWTBJ-ov2mANyTzzsh7WU0ebMc"}]
received event "authenticate" from NtLcevauwhHEAdcwAAAB [/]
2026-08-04 04:12:55,643 INFO sqlalchemy.engine.Engine select pg_catalog.version()
2026-08-04 04:12:55,643 INFO sqlalchemy.engine.Engine [raw sql] ()
2026-08-04 04:12:55,645 INFO sqlalchemy.engine.Engine select current_schema()
2026-08-04 04:12:55,645 INFO sqlalchemy.engine.Engine [raw sql] ()
2026-08-04 04:12:55,646 INFO sqlalchemy.engine.Engine show standard_conforming_strings
2026-08-04 04:12:55,646 INFO sqlalchemy.engine.Engine [raw sql] ()
2026-08-04 04:12:55,649 INFO sqlalchemy.engine.Engine BEGIN (implicit)
2026-08-04 04:12:55,854 INFO sqlalchemy.engine.Engine SELECT users.id, users.username, users.password, users.email, users.fullname, users.create_day, users.chat_id, users.is_active, users.token_version, users.role_id, users.level_id, users.tenant_id, users.webphone_enabled, users.sip_extension, users.sip_username, users.sip_password, users.sip_domain, users.sip_ws_server, users.sip_port, users.sip_protocol, users.webphone_api_key, users.webphone_process_id, users.webphone_agent_id, users.call_recording_enabled, users.call_log_enabled, users.meta_data 
FROM users 
WHERE users.id = $1::UUID
2026-08-04 04:12:55,854 INFO sqlalchemy.engine.Engine [generated in 0.00046s] (UUID('019fa30c-7688-7655-9977-81f7710449c0'),)
2026-08-04 04:12:55,863 INFO sqlalchemy.engine.Engine SELECT levels.id AS levels_id, levels.name AS levels_name, levels.description AS levels_description, levels.level_order AS levels_level_order 
FROM levels 
WHERE levels.id IN ($1::UUID)
2026-08-04 04:12:55,863 INFO sqlalchemy.engine.Engine [generated in 0.00054s] (UUID('019fa30c-6e16-717f-8c8f-786905fd29ed'),)
2026-08-04 04:12:55,868 INFO sqlalchemy.engine.Engine SELECT roles.id AS roles_id, roles.name AS roles_name, roles.description AS roles_description, roles.role_order AS roles_role_order, roles.tenant_id AS roles_tenant_id, roles.is_active AS roles_is_active 
FROM roles 
WHERE roles.id IN ($1::UUID)
2026-08-04 04:12:55,868 INFO sqlalchemy.engine.Engine [generated in 0.00041s] (UUID('019fa30c-6dfa-76b9-a1ec-702518695e5a'),)
2026-08-04 04:12:55,870 INFO sqlalchemy.engine.Engine ROLLBACK
NtLcevauwhHEAdcwAAAB is entering room user:019fa30c-7688-7655-9977-81f7710449c0 [/]
NtLcevauwhHEAdcwAAAB is entering room tenant:019fa30c-6ba1-7ebf-923c-5c1e2b5a953c [/]
emitting event "authenticated" to NtLcevauwhHEAdcwAAAB [/]
nqCd67sjMZzNYBOuAAAA: Sending packet MESSAGE data 2["authenticated",{"message":"Successfully authenticated","user_id":"019fa30c-7688-7655-9977-81f7710449c0","username":"admin","timestamp":"2026-08-04T04:12:55.871867+00:00"}]
2026-08-04 04:12:55,873 INFO sqlalchemy.engine.Engine BEGIN (implicit)
2026-08-04 04:12:55,876 INFO sqlalchemy.engine.Engine SELECT notifications.id, notifications.title, notifications.message, notifications.type, notifications.user_id, notifications.tenant_id, notifications.is_read, notifications.read_at, notifications.delivered, notifications.delivered_at, notifications.created_at, notifications.expires_at, notifications.data, notifications.sender_id 
FROM notifications 
WHERE notifications.user_id = $1::UUID AND notifications.delivered = $2::INTEGER AND (notifications.expires_at IS NULL OR notifications.expires_at > $3::TIMESTAMP WITH TIME ZONE) ORDER BY notifications.created_at ASC 
 LIMIT $4::INTEGER
2026-08-04 04:12:55,876 INFO sqlalchemy.engine.Engine [generated in 0.00035s] (UUID('019fa30c-7688-7655-9977-81f7710449c0'), 0, datetime.datetime(2026, 8, 4, 4, 12, 55, 872927, tzinfo=datetime.timezone.utc), 50)
2026-08-04 04:12:55,889 INFO sqlalchemy.engine.Engine ROLLBACK
nqCd67sjMZzNYBOuAAAA: Sending packet PING data None
nqCd67sjMZzNYBOuAAAA: Received packet PONG data 
nqCd67sjMZzNYBOuAAAA: Sending packet PING data None
nqCd67sjMZzNYBOuAAAA: Received packet PONG data 
service task canceled
nqCd67sjMZzNYBOuAAAA: Sending packet PING data None
nqCd67sjMZzNYBOuAAAA: Received packet PONG data 
nqCd67sjMZzNYBOuAAAA: Sending packet PING data None
nqCd67sjMZzNYBOuAAAA: Received packet PONG data 
nqCd67sjMZzNYBOuAAAA: Sending packet PING data None
nqCd67sjMZzNYBOuAAAA: Received packet PONG data 
nqCd67sjMZzNYBOuAAAA: Sending packet PING data None
nqCd67sjMZzNYBOuAAAA: Received packet PONG data 
nqCd67sjMZzNYBOuAAAA: Sending packet PING data None
nqCd67sjMZzNYBOuAAAA: Received packet PONG data 
nqCd67sjMZzNYBOuAAAA: Sending packet PING data None
nqCd67sjMZzNYBOuAAAA: Received packet PONG data 
nqCd67sjMZzNYBOuAAAA: Sending packet PING data None
nqCd67sjMZzNYBOuAAAA: Received packet PONG data 
nqCd67sjMZzNYBOuAAAA: Sending packet PING data None
nqCd67sjMZzNYBOuAAAA: Received packet PONG data 
nqCd67sjMZzNYBOuAAAA: Sending packet PING data None
nqCd67sjMZzNYBOuAAAA: Received packet PONG data 
nqCd67sjMZzNYBOuAAAA: Sending packet PING data None
nqCd67sjMZzNYBOuAAAA: Received packet PONG data 
nqCd67sjMZzNYBOuAAAA: Sending packet PING data None
nqCd67sjMZzNYBOuAAAA: Received packet PONG data 
nqCd67sjMZzNYBOuAAAA: Sending packet PING data None
nqCd67sjMZzNYBOuAAAA: Received packet PONG data 
WARNING:  Invalid HTTP request received.
WARNING:  Invalid HTTP request received.
WARNING:  Invalid HTTP request received.
nqCd67sjMZzNYBOuAAAA: Sending packet PING data None
nqCd67sjMZzNYBOuAAAA: Received packet PONG data 
nqCd67sjMZzNYBOuAAAA: Sending packet PING data None
nqCd67sjMZzNYBOuAAAA: Received packet PONG data 
nqCd67sjMZzNYBOuAAAA: Sending packet PING data None
nqCd67sjMZzNYBOuAAAA: Received packet PONG data 
nqCd67sjMZzNYBOuAAAA: Sending packet PING data None
nqCd67sjMZzNYBOuAAAA: Received packet PONG data 
nqCd67sjMZzNYBOuAAAA: Sending packet PING data None
nqCd67sjMZzNYBOuAAAA: Received packet PONG data 
nqCd67sjMZzNYBOuAAAA: Sending packet PING data None
nqCd67sjMZzNYBOuAAAA: Received packet PONG data 
nqCd67sjMZzNYBOuAAAA: Sending packet PING data None
nqCd67sjMZzNYBOuAAAA: Received packet PONG data 
nqCd67sjMZzNYBOuAAAA: Sending packet PING data None
nqCd67sjMZzNYBOuAAAA: Received packet PONG data 
nqCd67sjMZzNYBOuAAAA: Sending packet PING data None
nqCd67sjMZzNYBOuAAAA: Received packet PONG data 
nqCd67sjMZzNYBOuAAAA: Sending packet PING data None
nqCd67sjMZzNYBOuAAAA: Received packet PONG data 
nqCd67sjMZzNYBOuAAAA: Sending packet PING data None
nqCd67sjMZzNYBOuAAAA: Received packet PONG data 
nqCd67sjMZzNYBOuAAAA: Sending packet PING data None
nqCd67sjMZzNYBOuAAAA: Received packet PONG data 
nqCd67sjMZzNYBOuAAAA: Sending packet PING data None
nqCd67sjMZzNYBOuAAAA: Received packet PONG data 
nqCd67sjMZzNYBOuAAAA: Sending packet PING data None
nqCd67sjMZzNYBOuAAAA: Received packet PONG data 
nqCd67sjMZzNYBOuAAAA: Sending packet PING data None
nqCd67sjMZzNYBOuAAAA: Received packet PONG data 
nqCd67sjMZzNYBOuAAAA: Sending packet PING data None
nqCd67sjMZzNYBOuAAAA: Received packet PONG data 
nqCd67sjMZzNYBOuAAAA: Sending packet PING data None
nqCd67sjMZzNYBOuAAAA: Received packet PONG data 
nqCd67sjMZzNYBOuAAAA: Sending packet PING data None
nqCd67sjMZzNYBOuAAAA: Received packet PONG data 
nqCd67sjMZzNYBOuAAAA: Sending packet PING data None
nqCd67sjMZzNYBOuAAAA: Received packet PONG data 
nqCd67sjMZzNYBOuAAAA: Sending packet PING data None
nqCd67sjMZzNYBOuAAAA: Received packet PONG data 
nqCd67sjMZzNYBOuAAAA: Sending packet PING data None
nqCd67sjMZzNYBOuAAAA: Received packet PONG data 
WARNING:  Invalid HTTP request received.
WARNING:  Invalid HTTP request received.
WARNING:  Invalid HTTP request received.
nqCd67sjMZzNYBOuAAAA: Sending packet PING data None
nqCd67sjMZzNYBOuAAAA: Received packet PONG data 
nqCd67sjMZzNYBOuAAAA: Sending packet PING data None
nqCd67sjMZzNYBOuAAAA: Received packet PONG data 
nqCd67sjMZzNYBOuAAAA: Sending packet PING data None
nqCd67sjMZzNYBOuAAAA: Received packet PONG data 
nqCd67sjMZzNYBOuAAAA: Sending packet PING data None
nqCd67sjMZzNYBOuAAAA: Received packet PONG data 
nqCd67sjMZzNYBOuAAAA: Sending packet PING data None
nqCd67sjMZzNYBOuAAAA: Received packet PONG data 
nqCd67sjMZzNYBOuAAAA: Sending packet PING data None
nqCd67sjMZzNYBOuAAAA: Received packet PONG data 
nqCd67sjMZzNYBOuAAAA: Sending packet PING data None
nqCd67sjMZzNYBOuAAAA: Received packet PONG data 
nqCd67sjMZzNYBOuAAAA: Sending packet PING data None
nqCd67sjMZzNYBOuAAAA: Received packet PONG data 
nqCd67sjMZzNYBOuAAAA: Sending packet PING data None
nqCd67sjMZzNYBOuAAAA: Received packet PONG data 
nqCd67sjMZzNYBOuAAAA: Sending packet PING data None
nqCd67sjMZzNYBOuAAAA: Received packet PONG data 
nqCd67sjMZzNYBOuAAAA: Sending packet PING data None
nqCd67sjMZzNYBOuAAAA: Received packet PONG data 
nqCd67sjMZzNYBOuAAAA: Sending packet PING data None
nqCd67sjMZzNYBOuAAAA: Received packet PONG data 
nqCd67sjMZzNYBOuAAAA: Sending packet PING data None
nqCd67sjMZzNYBOuAAAA: Received packet PONG data 
nqCd67sjMZzNYBOuAAAA: Sending packet PING data None
nqCd67sjMZzNYBOuAAAA: Received packet PONG data 
nqCd67sjMZzNYBOuAAAA: Sending packet PING data None
nqCd67sjMZzNYBOuAAAA: Received packet PONG data 
WARNING:  Invalid HTTP request received.
WARNING:  Invalid HTTP request received.
WARNING:  Invalid HTTP request received.
nqCd67sjMZzNYBOuAAAA: Sending packet PING data None
nqCd67sjMZzNYBOuAAAA: Received packet PONG data 
nqCd67sjMZzNYBOuAAAA: Sending packet PING data None
nqCd67sjMZzNYBOuAAAA: Received packet PONG data 
nqCd67sjMZzNYBOuAAAA: Sending packet PING data None
nqCd67sjMZzNYBOuAAAA: Received packet PONG data 
nqCd67sjMZzNYBOuAAAA: Sending packet PING data None
nqCd67sjMZzNYBOuAAAA: Received packet PONG data 
nqCd67sjMZzNYBOuAAAA: Sending packet PING data None
nqCd67sjMZzNYBOuAAAA: Received packet PONG data 
nqCd67sjMZzNYBOuAAAA: Sending packet PING data None
nqCd67sjMZzNYBOuAAAA: Received packet PONG data 
nqCd67sjMZzNYBOuAAAA: Sending packet PING data None
nqCd67sjMZzNYBOuAAAA: Received packet PONG data 
nqCd67sjMZzNYBOuAAAA: Sending packet PING data None
nqCd67sjMZzNYBOuAAAA: Received packet PONG data 
nqCd67sjMZzNYBOuAAAA: Sending packet PING data None
INFO:     222.252.26.190:0 - "OPTIONS /api/v1/messaging/tenants/019fa30c-6ba1-7ebf-923c-5c1e2b5a953c/conversations/60/messages HTTP/1.1" 200 OK
nqCd67sjMZzNYBOuAAAA: Received packet PONG data 
INFO:     222.252.26.190:0 - "OPTIONS /api/v1/messaging/tenants/019fa30c-6ba1-7ebf-923c-5c1e2b5a953c/conversations/60/update_last_seen HTTP/1.1" 200 OK
INFO:     222.252.26.190:0 - "GET /api/v1/messaging/tenants/019fa30c-6ba1-7ebf-923c-5c1e2b5a953c/conversations/60/messages HTTP/1.1" 401 Unauthorized
INFO:     222.252.26.190:0 - "POST /api/v1/messaging/tenants/019fa30c-6ba1-7ebf-923c-5c1e2b5a953c/conversations/60/update_last_seen HTTP/1.1" 401 Unauthorized
INFO:     222.252.26.190:0 - "OPTIONS /api/v1/auth/access_token HTTP/1.1" 200 OK
2026-08-04 04:37:32,763 INFO sqlalchemy.engine.Engine BEGIN (implicit)
2026-08-04 04:37:32,767 INFO sqlalchemy.engine.Engine SELECT users.id, users.username, users.password, users.email, users.fullname, users.create_day, users.chat_id, users.is_active, users.token_version, users.role_id, users.level_id, users.tenant_id, users.webphone_enabled, users.sip_extension, users.sip_username, users.sip_password, users.sip_domain, users.sip_ws_server, users.sip_port, users.sip_protocol, users.webphone_api_key, users.webphone_process_id, users.webphone_agent_id, users.call_recording_enabled, users.call_log_enabled, users.meta_data 
FROM users 
WHERE users.id = $1::UUID AND users.is_active = $2::INTEGER
2026-08-04 04:37:32,767 INFO sqlalchemy.engine.Engine [generated in 0.00072s] ('019fa30c-7688-7655-9977-81f7710449c0', 1)
2026-08-04 04:37:32,775 INFO sqlalchemy.engine.Engine SELECT levels.id AS levels_id, levels.name AS levels_name, levels.description AS levels_description, levels.level_order AS levels_level_order 
FROM levels 
WHERE levels.id IN ($1::UUID)
2026-08-04 04:37:32,776 INFO sqlalchemy.engine.Engine [cached since 1477s ago] (UUID('019fa30c-6e16-717f-8c8f-786905fd29ed'),)
2026-08-04 04:37:32,779 INFO sqlalchemy.engine.Engine SELECT roles.id AS roles_id, roles.name AS roles_name, roles.description AS roles_description, roles.role_order AS roles_role_order, roles.tenant_id AS roles_tenant_id, roles.is_active AS roles_is_active 
FROM roles 
WHERE roles.id IN ($1::UUID)
2026-08-04 04:37:32,780 INFO sqlalchemy.engine.Engine [cached since 1477s ago] (UUID('019fa30c-6dfa-76b9-a1ec-702518695e5a'),)
2026-08-04 04:37:32,783 INFO sqlalchemy.engine.Engine SELECT refresh_tokens.id, refresh_tokens.refresh_token, refresh_tokens.ip, refresh_tokens.user_agent, refresh_tokens.created_at, refresh_tokens.expired_at, refresh_tokens.user_id, refresh_tokens.tenant_id 
FROM refresh_tokens 
WHERE refresh_tokens.user_id = $1::UUID
2026-08-04 04:37:32,783 INFO sqlalchemy.engine.Engine [generated in 0.00040s] ('019fa30c-7688-7655-9977-81f7710449c0',)
2026-08-04 04:37:32,787 INFO sqlalchemy.engine.Engine SELECT refresh_tokens.expired_at 
FROM refresh_tokens 
WHERE refresh_tokens.id = $1::UUID
2026-08-04 04:37:32,787 INFO sqlalchemy.engine.Engine [generated in 0.00035s] (UUID('019fc6dc-a67a-7b97-be42-b96c1fa583ad'),)
2026-08-04 04:37:32,793 INFO sqlalchemy.engine.Engine ROLLBACK
INFO:     222.252.26.190:0 - "GET /api/v1/auth/access_token HTTP/1.1" 200 OK
2026-08-04 04:37:32,832 INFO sqlalchemy.engine.Engine BEGIN (implicit)
2026-08-04 04:37:32,836 INFO sqlalchemy.engine.Engine SELECT users.id AS users_id, users.username AS users_username, users.password AS users_password, users.email AS users_email, users.fullname AS users_fullname, users.create_day AS users_create_day, users.chat_id AS users_chat_id, users.is_active AS users_is_active, users.token_version AS users_token_version, users.role_id AS users_role_id, users.level_id AS users_level_id, users.tenant_id AS users_tenant_id, users.webphone_enabled AS users_webphone_enabled, users.sip_extension AS users_sip_extension, users.sip_username AS users_sip_username, users.sip_password AS users_sip_password, users.sip_domain AS users_sip_domain, users.sip_ws_server AS users_sip_ws_server, users.sip_port AS users_sip_port, users.sip_protocol AS users_sip_protocol, users.webphone_api_key AS users_webphone_api_key, users.webphone_process_id AS users_webphone_process_id, users.webphone_agent_id AS users_webphone_agent_id, users.call_recording_enabled AS users_call_recording_enabled, users.call_log_enabled AS users_call_log_enabled, users.meta_data AS users_meta_data 
FROM users 
WHERE users.id = $1::UUID
2026-08-04 04:37:32,837 INFO sqlalchemy.engine.Engine [generated in 0.00051s] (UUID('019fa30c-7688-7655-9977-81f7710449c0'),)
2026-08-04 04:37:32,847 INFO sqlalchemy.engine.Engine SELECT levels.id AS levels_id, levels.name AS levels_name, levels.description AS levels_description, levels.level_order AS levels_level_order 
FROM levels 
WHERE levels.id IN ($1::UUID)
2026-08-04 04:37:32,847 INFO sqlalchemy.engine.Engine [cached since 1477s ago] (UUID('019fa30c-6e16-717f-8c8f-786905fd29ed'),)
2026-08-04 04:37:32,851 INFO sqlalchemy.engine.Engine SELECT roles.id AS roles_id, roles.name AS roles_name, roles.description AS roles_description, roles.role_order AS roles_role_order, roles.tenant_id AS roles_tenant_id, roles.is_active AS roles_is_active 
FROM roles 
WHERE roles.id IN ($1::UUID)
2026-08-04 04:37:32,851 INFO sqlalchemy.engine.Engine [cached since 1477s ago] (UUID('019fa30c-6dfa-76b9-a1ec-702518695e5a'),)
2026-08-04 04:37:32,892 INFO sqlalchemy.engine.Engine SELECT users.is_active 
FROM users 
WHERE users.id = $1::UUID
2026-08-04 04:37:32,892 INFO sqlalchemy.engine.Engine [generated in 0.00039s] (UUID('019fa30c-7688-7655-9977-81f7710449c0'),)
2026-08-04 04:37:32,894 INFO sqlalchemy.engine.Engine SELECT users.role_id 
FROM users 
WHERE users.id = $1::UUID
2026-08-04 04:37:32,894 INFO sqlalchemy.engine.Engine [generated in 0.00027s] (UUID('019fa30c-7688-7655-9977-81f7710449c0'),)
2026-08-04 04:37:32,897 INFO sqlalchemy.engine.Engine SELECT permissions.name 
FROM permissions JOIN role_permissions ON role_permissions.permission_id = permissions.id 
WHERE role_permissions.role_id = $1::UUID
2026-08-04 04:37:32,897 INFO sqlalchemy.engine.Engine [generated in 0.00024s] (UUID('019fa30c-6dfa-76b9-a1ec-702518695e5a'),)
2026-08-04 04:37:32,900 INFO sqlalchemy.engine.Engine BEGIN (implicit)
2026-08-04 04:37:32,900 INFO sqlalchemy.engine.Engine SELECT users.id AS users_id, users.username AS users_username, users.password AS users_password, users.email AS users_email, users.fullname AS users_fullname, users.create_day AS users_create_day, users.chat_id AS users_chat_id, users.is_active AS users_is_active, users.token_version AS users_token_version, users.role_id AS users_role_id, users.level_id AS users_level_id, users.tenant_id AS users_tenant_id, users.webphone_enabled AS users_webphone_enabled, users.sip_extension AS users_sip_extension, users.sip_username AS users_sip_username, users.sip_password AS users_sip_password, users.sip_domain AS users_sip_domain, users.sip_ws_server AS users_sip_ws_server, users.sip_port AS users_sip_port, users.sip_protocol AS users_sip_protocol, users.webphone_api_key AS users_webphone_api_key, users.webphone_process_id AS users_webphone_process_id, users.webphone_agent_id AS users_webphone_agent_id, users.call_recording_enabled AS users_call_recording_enabled, users.call_log_enabled AS users_call_log_enabled, users.meta_data AS users_meta_data 
FROM users 
WHERE users.id = $1::UUID
2026-08-04 04:37:32,900 INFO sqlalchemy.engine.Engine [cached since 0.06415s ago] (UUID('019fa30c-7688-7655-9977-81f7710449c0'),)
2026-08-04 04:37:32,903 INFO sqlalchemy.engine.Engine SELECT users.id, users.username, users.password, users.email, users.fullname, users.create_day, users.chat_id, users.is_active, users.token_version, users.role_id, users.level_id, users.tenant_id, users.webphone_enabled, users.sip_extension, users.sip_username, users.sip_password, users.sip_domain, users.sip_ws_server, users.sip_port, users.sip_protocol, users.webphone_api_key, users.webphone_process_id, users.webphone_agent_id, users.call_recording_enabled, users.call_log_enabled, users.meta_data 
FROM users 
WHERE users.id = $1::UUID
2026-08-04 04:37:32,903 INFO sqlalchemy.engine.Engine [cached since 1477s ago] ('019fa30c-7688-7655-9977-81f7710449c0',)
2026-08-04 04:37:32,904 INFO sqlalchemy.engine.Engine SELECT levels.id AS levels_id, levels.name AS levels_name, levels.description AS levels_description, levels.level_order AS levels_level_order 
FROM levels 
WHERE levels.id IN ($1::UUID)
2026-08-04 04:37:32,905 INFO sqlalchemy.engine.Engine [cached since 1477s ago] (UUID('019fa30c-6e16-717f-8c8f-786905fd29ed'),)
2026-08-04 04:37:32,906 INFO sqlalchemy.engine.Engine SELECT levels.id AS levels_id, levels.name AS levels_name, levels.description AS levels_description, levels.level_order AS levels_level_order 
FROM levels 
WHERE levels.id IN ($1::UUID)
2026-08-04 04:37:32,906 INFO sqlalchemy.engine.Engine [cached since 1477s ago] (UUID('019fa30c-6e16-717f-8c8f-786905fd29ed'),)
2026-08-04 04:37:32,907 INFO sqlalchemy.engine.Engine SELECT roles.id AS roles_id, roles.name AS roles_name, roles.description AS roles_description, roles.role_order AS roles_role_order, roles.tenant_id AS roles_tenant_id, roles.is_active AS roles_is_active 
FROM roles 
WHERE roles.id IN ($1::UUID)
2026-08-04 04:37:32,907 INFO sqlalchemy.engine.Engine [cached since 1477s ago] (UUID('019fa30c-6dfa-76b9-a1ec-702518695e5a'),)
2026-08-04 04:37:32,909 INFO sqlalchemy.engine.Engine SELECT max(levels.level_order) AS max_1 
FROM levels
2026-08-04 04:37:32,909 INFO sqlalchemy.engine.Engine [generated in 0.00020s] ()
2026-08-04 04:37:32,910 INFO sqlalchemy.engine.Engine SELECT roles.id AS roles_id, roles.name AS roles_name, roles.description AS roles_description, roles.role_order AS roles_role_order, roles.tenant_id AS roles_tenant_id, roles.is_active AS roles_is_active 
FROM roles 
WHERE roles.id IN ($1::UUID)
2026-08-04 04:37:32,910 INFO sqlalchemy.engine.Engine [cached since 1477s ago] (UUID('019fa30c-6dfa-76b9-a1ec-702518695e5a'),)
2026-08-04 04:37:32,913 INFO sqlalchemy.engine.Engine SELECT chatwoot_legacy_map.id, chatwoot_legacy_map.resource_type, chatwoot_legacy_map.local_uuid, chatwoot_legacy_map.chatwoot_id, chatwoot_legacy_map.tenant_id, chatwoot_legacy_map.created_at 
FROM chatwoot_legacy_map 
WHERE chatwoot_legacy_map.resource_type = $1 AND chatwoot_legacy_map.local_uuid = $2::UUID
2026-08-04 04:37:32,913 INFO sqlalchemy.engine.Engine [generated in 0.00024s] ('account', UUID('019fa30c-6ba1-7ebf-923c-5c1e2b5a953c'))
2026-08-04 04:37:32,914 INFO sqlalchemy.engine.Engine SELECT users.is_active 
FROM users 
WHERE users.id = $1::UUID
2026-08-04 04:37:32,914 INFO sqlalchemy.engine.Engine [cached since 0.02216s ago] (UUID('019fa30c-7688-7655-9977-81f7710449c0'),)
2026-08-04 04:37:32,915 INFO sqlalchemy.engine.Engine SELECT users.role_id 
FROM users 
WHERE users.id = $1::UUID
2026-08-04 04:37:32,916 INFO sqlalchemy.engine.Engine [cached since 0.02164s ago] (UUID('019fa30c-7688-7655-9977-81f7710449c0'),)
2026-08-04 04:37:32,927 INFO sqlalchemy.engine.Engine SELECT permissions.name 
FROM permissions JOIN role_permissions ON role_permissions.permission_id = permissions.id 
WHERE role_permissions.role_id = $1::UUID
2026-08-04 04:37:32,927 INFO sqlalchemy.engine.Engine [cached since 0.03036s ago] (UUID('019fa30c-6dfa-76b9-a1ec-702518695e5a'),)
2026-08-04 04:37:32,932 INFO sqlalchemy.engine.Engine SELECT users.id, users.username, users.password, users.email, users.fullname, users.create_day, users.chat_id, users.is_active, users.token_version, users.role_id, users.level_id, users.tenant_id, users.webphone_enabled, users.sip_extension, users.sip_username, users.sip_password, users.sip_domain, users.sip_ws_server, users.sip_port, users.sip_protocol, users.webphone_api_key, users.webphone_process_id, users.webphone_agent_id, users.call_recording_enabled, users.call_log_enabled, users.meta_data 
FROM users 
WHERE users.id = $1::UUID
2026-08-04 04:37:32,932 INFO sqlalchemy.engine.Engine [cached since 1477s ago] ('019fa30c-7688-7655-9977-81f7710449c0',)
2026-08-04 04:37:32,934 INFO sqlalchemy.engine.Engine SELECT levels.id AS levels_id, levels.name AS levels_name, levels.description AS levels_description, levels.level_order AS levels_level_order 
FROM levels 
WHERE levels.id IN ($1::UUID)
2026-08-04 04:37:32,935 INFO sqlalchemy.engine.Engine [cached since 1477s ago] (UUID('019fa30c-6e16-717f-8c8f-786905fd29ed'),)
2026-08-04 04:37:32,936 INFO sqlalchemy.engine.Engine SELECT roles.id AS roles_id, roles.name AS roles_name, roles.description AS roles_description, roles.role_order AS roles_role_order, roles.tenant_id AS roles_tenant_id, roles.is_active AS roles_is_active 
FROM roles 
WHERE roles.id IN ($1::UUID)
2026-08-04 04:37:32,936 INFO sqlalchemy.engine.Engine [cached since 1477s ago] (UUID('019fa30c-6dfa-76b9-a1ec-702518695e5a'),)
2026-08-04 04:37:32,937 INFO sqlalchemy.engine.Engine SELECT max(levels.level_order) AS max_1 
FROM levels
2026-08-04 04:37:32,937 INFO sqlalchemy.engine.Engine [cached since 0.02832s ago] ()
2026-08-04 04:37:32,939 INFO sqlalchemy.engine.Engine SELECT chatwoot_legacy_map.id, chatwoot_legacy_map.resource_type, chatwoot_legacy_map.local_uuid, chatwoot_legacy_map.chatwoot_id, chatwoot_legacy_map.tenant_id, chatwoot_legacy_map.created_at 
FROM chatwoot_legacy_map 
WHERE chatwoot_legacy_map.resource_type = $1 AND chatwoot_legacy_map.local_uuid = $2::UUID
2026-08-04 04:37:32,939 INFO sqlalchemy.engine.Engine [cached since 0.02665s ago] ('account', UUID('019fa30c-6ba1-7ebf-923c-5c1e2b5a953c'))
2026-08-04 04:37:33,110 INFO sqlalchemy.engine.Engine SELECT chatwoot_legacy_map.chatwoot_id, chatwoot_legacy_map.local_uuid 
FROM chatwoot_legacy_map 
WHERE chatwoot_legacy_map.resource_type = $1 AND chatwoot_legacy_map.tenant_id = $2::UUID
2026-08-04 04:37:33,110 INFO sqlalchemy.engine.Engine [generated in 0.00046s] ('agent', UUID('019fa30c-6ba1-7ebf-923c-5c1e2b5a953c'))
2026-08-04 04:37:33,113 INFO sqlalchemy.engine.Engine ROLLBACK
INFO:     222.252.26.190:0 - "POST /api/v1/messaging/tenants/019fa30c-6ba1-7ebf-923c-5c1e2b5a953c/conversations/60/update_last_seen HTTP/1.1" 200 OK
2026-08-04 04:37:33,174 INFO sqlalchemy.engine.Engine SELECT chatwoot_legacy_map.chatwoot_id, chatwoot_legacy_map.local_uuid 
FROM chatwoot_legacy_map 
WHERE chatwoot_legacy_map.resource_type = $1 AND chatwoot_legacy_map.tenant_id = $2::UUID
2026-08-04 04:37:33,174 INFO sqlalchemy.engine.Engine [cached since 0.06437s ago] ('agent', UUID('019fa30c-6ba1-7ebf-923c-5c1e2b5a953c'))
2026-08-04 04:37:33,180 INFO sqlalchemy.engine.Engine ROLLBACK
INFO:     222.252.26.190:0 - "GET /api/v1/messaging/tenants/019fa30c-6ba1-7ebf-923c-5c1e2b5a953c/conversations/60/messages HTTP/1.1" 200 OK
INFO:     222.252.26.190:0 - "OPTIONS /api/v1/messaging/tenants/019fa30c-6ba1-7ebf-923c-5c1e2b5a953c/conversations/60/toggle_typing_status HTTP/1.1" 200 OK
2026-08-04 04:37:35,714 INFO sqlalchemy.engine.Engine BEGIN (implicit)
2026-08-04 04:37:35,715 INFO sqlalchemy.engine.Engine SELECT users.id AS users_id, users.username AS users_username, users.password AS users_password, users.email AS users_email, users.fullname AS users_fullname, users.create_day AS users_create_day, users.chat_id AS users_chat_id, users.is_active AS users_is_active, users.token_version AS users_token_version, users.role_id AS users_role_id, users.level_id AS users_level_id, users.tenant_id AS users_tenant_id, users.webphone_enabled AS users_webphone_enabled, users.sip_extension AS users_sip_extension, users.sip_username AS users_sip_username, users.sip_password AS users_sip_password, users.sip_domain AS users_sip_domain, users.sip_ws_server AS users_sip_ws_server, users.sip_port AS users_sip_port, users.sip_protocol AS users_sip_protocol, users.webphone_api_key AS users_webphone_api_key, users.webphone_process_id AS users_webphone_process_id, users.webphone_agent_id AS users_webphone_agent_id, users.call_recording_enabled AS users_call_recording_enabled, users.call_log_enabled AS users_call_log_enabled, users.meta_data AS users_meta_data 
FROM users 
WHERE users.id = $1::UUID
2026-08-04 04:37:35,715 INFO sqlalchemy.engine.Engine [cached since 2.879s ago] (UUID('019fa30c-7688-7655-9977-81f7710449c0'),)
2026-08-04 04:37:35,719 INFO sqlalchemy.engine.Engine SELECT levels.id AS levels_id, levels.name AS levels_name, levels.description AS levels_description, levels.level_order AS levels_level_order 
FROM levels 
WHERE levels.id IN ($1::UUID)
2026-08-04 04:37:35,719 INFO sqlalchemy.engine.Engine [cached since 1480s ago] (UUID('019fa30c-6e16-717f-8c8f-786905fd29ed'),)
2026-08-04 04:37:35,721 INFO sqlalchemy.engine.Engine SELECT roles.id AS roles_id, roles.name AS roles_name, roles.description AS roles_description, roles.role_order AS roles_role_order, roles.tenant_id AS roles_tenant_id, roles.is_active AS roles_is_active 
FROM roles 
WHERE roles.id IN ($1::UUID)
2026-08-04 04:37:35,722 INFO sqlalchemy.engine.Engine [cached since 1480s ago] (UUID('019fa30c-6dfa-76b9-a1ec-702518695e5a'),)
2026-08-04 04:37:35,725 INFO sqlalchemy.engine.Engine SELECT users.is_active 
FROM users 
WHERE users.id = $1::UUID
2026-08-04 04:37:35,725 INFO sqlalchemy.engine.Engine [cached since 2.834s ago] (UUID('019fa30c-7688-7655-9977-81f7710449c0'),)
2026-08-04 04:37:35,727 INFO sqlalchemy.engine.Engine SELECT users.role_id 
FROM users 
WHERE users.id = $1::UUID
2026-08-04 04:37:35,727 INFO sqlalchemy.engine.Engine [cached since 2.834s ago] (UUID('019fa30c-7688-7655-9977-81f7710449c0'),)
2026-08-04 04:37:35,729 INFO sqlalchemy.engine.Engine SELECT permissions.name 
FROM permissions JOIN role_permissions ON role_permissions.permission_id = permissions.id 
WHERE role_permissions.role_id = $1::UUID
2026-08-04 04:37:35,730 INFO sqlalchemy.engine.Engine [cached since 2.833s ago] (UUID('019fa30c-6dfa-76b9-a1ec-702518695e5a'),)
2026-08-04 04:37:35,734 INFO sqlalchemy.engine.Engine SELECT users.id, users.username, users.password, users.email, users.fullname, users.create_day, users.chat_id, users.is_active, users.token_version, users.role_id, users.level_id, users.tenant_id, users.webphone_enabled, users.sip_extension, users.sip_username, users.sip_password, users.sip_domain, users.sip_ws_server, users.sip_port, users.sip_protocol, users.webphone_api_key, users.webphone_process_id, users.webphone_agent_id, users.call_recording_enabled, users.call_log_enabled, users.meta_data 
FROM users 
WHERE users.id = $1::UUID
2026-08-04 04:37:35,734 INFO sqlalchemy.engine.Engine [cached since 1480s ago] ('019fa30c-7688-7655-9977-81f7710449c0',)
2026-08-04 04:37:35,738 INFO sqlalchemy.engine.Engine SELECT levels.id AS levels_id, levels.name AS levels_name, levels.description AS levels_description, levels.level_order AS levels_level_order 
FROM levels 
WHERE levels.id IN ($1::UUID)
2026-08-04 04:37:35,738 INFO sqlalchemy.engine.Engine [cached since 1480s ago] (UUID('019fa30c-6e16-717f-8c8f-786905fd29ed'),)
2026-08-04 04:37:35,741 INFO sqlalchemy.engine.Engine SELECT roles.id AS roles_id, roles.name AS roles_name, roles.description AS roles_description, roles.role_order AS roles_role_order, roles.tenant_id AS roles_tenant_id, roles.is_active AS roles_is_active 
FROM roles 
WHERE roles.id IN ($1::UUID)
2026-08-04 04:37:35,742 INFO sqlalchemy.engine.Engine [cached since 1480s ago] (UUID('019fa30c-6dfa-76b9-a1ec-702518695e5a'),)
2026-08-04 04:37:35,747 INFO sqlalchemy.engine.Engine SELECT max(levels.level_order) AS max_1 
FROM levels
2026-08-04 04:37:35,747 INFO sqlalchemy.engine.Engine [cached since 2.838s ago] ()
2026-08-04 04:37:35,748 INFO sqlalchemy.engine.Engine SELECT chatwoot_legacy_map.id, chatwoot_legacy_map.resource_type, chatwoot_legacy_map.local_uuid, chatwoot_legacy_map.chatwoot_id, chatwoot_legacy_map.tenant_id, chatwoot_legacy_map.created_at 
FROM chatwoot_legacy_map 
WHERE chatwoot_legacy_map.resource_type = $1 AND chatwoot_legacy_map.local_uuid = $2::UUID
2026-08-04 04:37:35,749 INFO sqlalchemy.engine.Engine [cached since 2.836s ago] ('account', UUID('019fa30c-6ba1-7ebf-923c-5c1e2b5a953c'))
2026-08-04 04:37:35,906 INFO sqlalchemy.engine.Engine SELECT users.id, users.username, users.password, users.email, users.fullname, users.create_day, users.chat_id, users.is_active, users.token_version, users.role_id, users.level_id, users.tenant_id, users.webphone_enabled, users.sip_extension, users.sip_username, users.sip_password, users.sip_domain, users.sip_ws_server, users.sip_port, users.sip_protocol, users.webphone_api_key, users.webphone_process_id, users.webphone_agent_id, users.call_recording_enabled, users.call_log_enabled, users.meta_data 
FROM users 
WHERE users.id = $1::UUID
2026-08-04 04:37:35,907 INFO sqlalchemy.engine.Engine [cached since 1480s ago] ('019fa30c-7688-7655-9977-81f7710449c0',)
2026-08-04 04:37:35,909 INFO sqlalchemy.engine.Engine SELECT levels.id AS levels_id, levels.name AS levels_name, levels.description AS levels_description, levels.level_order AS levels_level_order 
FROM levels 
WHERE levels.id IN ($1::UUID)
2026-08-04 04:37:35,910 INFO sqlalchemy.engine.Engine [cached since 1480s ago] (UUID('019fa30c-6e16-717f-8c8f-786905fd29ed'),)
2026-08-04 04:37:35,911 INFO sqlalchemy.engine.Engine SELECT roles.id AS roles_id, roles.name AS roles_name, roles.description AS roles_description, roles.role_order AS roles_role_order, roles.tenant_id AS roles_tenant_id, roles.is_active AS roles_is_active 
FROM roles 
WHERE roles.id IN ($1::UUID)
2026-08-04 04:37:35,912 INFO sqlalchemy.engine.Engine [cached since 1480s ago] (UUID('019fa30c-6dfa-76b9-a1ec-702518695e5a'),)
2026-08-04 04:37:35,915 INFO sqlalchemy.engine.Engine INSERT INTO logs (id, user_name, action, create_time, data, user_id, tenant_id) VALUES ($1::UUID, $2::VARCHAR, $3::VARCHAR, $4::TIMESTAMP WITH TIME ZONE, $5::VARCHAR, $6::UUID, $7::UUID)
2026-08-04 04:37:35,915 INFO sqlalchemy.engine.Engine [generated in 0.00050s] (UUID('019fcb10-122b-7389-ba9c-ccd02c860bc6'), 'admin', 'chatwootToggleConversationTyping', datetime.datetime(2026, 8, 4, 4, 37, 35, 913405, tzinfo=datetime.timezone.utc), '{"ip": "222.252.26.190", "user_agent": "Mozilla/5.0 (Windows NT 10.0; Win64; x64) AppleWebKit/537.36 (KHTML, like Gecko) Chrome/151.0.0.0 Safari/537.36", "method": "POST", "query_params": {}, "body": {"typing_status": "on"}}', UUID('019fa30c-7688-7655-9977-81f7710449c0'), None)
2026-08-04 04:37:35,918 INFO sqlalchemy.engine.Engine COMMIT
INFO:     222.252.26.190:0 - "POST /api/v1/messaging/tenants/019fa30c-6ba1-7ebf-923c-5c1e2b5a953c/conversations/60/toggle_typing_status HTTP/1.1" 200 OK
2026-08-04 04:37:38,378 INFO sqlalchemy.engine.Engine BEGIN (implicit)
2026-08-04 04:37:38,379 INFO sqlalchemy.engine.Engine SELECT users.id AS users_id, users.username AS users_username, users.password AS users_password, users.email AS users_email, users.fullname AS users_fullname, users.create_day AS users_create_day, users.chat_id AS users_chat_id, users.is_active AS users_is_active, users.token_version AS users_token_version, users.role_id AS users_role_id, users.level_id AS users_level_id, users.tenant_id AS users_tenant_id, users.webphone_enabled AS users_webphone_enabled, users.sip_extension AS users_sip_extension, users.sip_username AS users_sip_username, users.sip_password AS users_sip_password, users.sip_domain AS users_sip_domain, users.sip_ws_server AS users_sip_ws_server, users.sip_port AS users_sip_port, users.sip_protocol AS users_sip_protocol, users.webphone_api_key AS users_webphone_api_key, users.webphone_process_id AS users_webphone_process_id, users.webphone_agent_id AS users_webphone_agent_id, users.call_recording_enabled AS users_call_recording_enabled, users.call_log_enabled AS users_call_log_enabled, users.meta_data AS users_meta_data 
FROM users 
WHERE users.id = $1::UUID
2026-08-04 04:37:38,379 INFO sqlalchemy.engine.Engine [cached since 5.543s ago] (UUID('019fa30c-7688-7655-9977-81f7710449c0'),)
2026-08-04 04:37:38,380 INFO sqlalchemy.engine.Engine BEGIN (implicit)
2026-08-04 04:37:38,381 INFO sqlalchemy.engine.Engine SELECT users.id AS users_id, users.username AS users_username, users.password AS users_password, users.email AS users_email, users.fullname AS users_fullname, users.create_day AS users_create_day, users.chat_id AS users_chat_id, users.is_active AS users_is_active, users.token_version AS users_token_version, users.role_id AS users_role_id, users.level_id AS users_level_id, users.tenant_id AS users_tenant_id, users.webphone_enabled AS users_webphone_enabled, users.sip_extension AS users_sip_extension, users.sip_username AS users_sip_username, users.sip_password AS users_sip_password, users.sip_domain AS users_sip_domain, users.sip_ws_server AS users_sip_ws_server, users.sip_port AS users_sip_port, users.sip_protocol AS users_sip_protocol, users.webphone_api_key AS users_webphone_api_key, users.webphone_process_id AS users_webphone_process_id, users.webphone_agent_id AS users_webphone_agent_id, users.call_recording_enabled AS users_call_recording_enabled, users.call_log_enabled AS users_call_log_enabled, users.meta_data AS users_meta_data 
FROM users 
WHERE users.id = $1::UUID
2026-08-04 04:37:38,381 INFO sqlalchemy.engine.Engine [cached since 5.545s ago] (UUID('019fa30c-7688-7655-9977-81f7710449c0'),)
2026-08-04 04:37:38,386 INFO sqlalchemy.engine.Engine SELECT levels.id AS levels_id, levels.name AS levels_name, levels.description AS levels_description, levels.level_order AS levels_level_order 
FROM levels 
WHERE levels.id IN ($1::UUID)
2026-08-04 04:37:38,386 INFO sqlalchemy.engine.Engine [cached since 1483s ago] (UUID('019fa30c-6e16-717f-8c8f-786905fd29ed'),)
2026-08-04 04:37:38,387 INFO sqlalchemy.engine.Engine SELECT levels.id AS levels_id, levels.name AS levels_name, levels.description AS levels_description, levels.level_order AS levels_level_order 
FROM levels 
WHERE levels.id IN ($1::UUID)
2026-08-04 04:37:38,388 INFO sqlalchemy.engine.Engine [cached since 1483s ago] (UUID('019fa30c-6e16-717f-8c8f-786905fd29ed'),)
2026-08-04 04:37:38,389 INFO sqlalchemy.engine.Engine SELECT roles.id AS roles_id, roles.name AS roles_name, roles.description AS roles_description, roles.role_order AS roles_role_order, roles.tenant_id AS roles_tenant_id, roles.is_active AS roles_is_active 
FROM roles 
WHERE roles.id IN ($1::UUID)
2026-08-04 04:37:38,389 INFO sqlalchemy.engine.Engine [cached since 1483s ago] (UUID('019fa30c-6dfa-76b9-a1ec-702518695e5a'),)
2026-08-04 04:37:38,390 INFO sqlalchemy.engine.Engine SELECT roles.id AS roles_id, roles.name AS roles_name, roles.description AS roles_description, roles.role_order AS roles_role_order, roles.tenant_id AS roles_tenant_id, roles.is_active AS roles_is_active 
FROM roles 
WHERE roles.id IN ($1::UUID)
2026-08-04 04:37:38,391 INFO sqlalchemy.engine.Engine [cached since 1483s ago] (UUID('019fa30c-6dfa-76b9-a1ec-702518695e5a'),)
2026-08-04 04:37:38,392 INFO sqlalchemy.engine.Engine SELECT users.is_active 
FROM users 
WHERE users.id = $1::UUID
2026-08-04 04:37:38,392 INFO sqlalchemy.engine.Engine [cached since 5.501s ago] (UUID('019fa30c-7688-7655-9977-81f7710449c0'),)
2026-08-04 04:37:38,393 INFO sqlalchemy.engine.Engine SELECT users.is_active 
FROM users 
WHERE users.id = $1::UUID
2026-08-04 04:37:38,394 INFO sqlalchemy.engine.Engine [cached since 5.502s ago] (UUID('019fa30c-7688-7655-9977-81f7710449c0'),)
2026-08-04 04:37:38,394 INFO sqlalchemy.engine.Engine SELECT users.role_id 
FROM users 
WHERE users.id = $1::UUID
2026-08-04 04:37:38,395 INFO sqlalchemy.engine.Engine [cached since 5.501s ago] (UUID('019fa30c-7688-7655-9977-81f7710449c0'),)
2026-08-04 04:37:38,396 INFO sqlalchemy.engine.Engine SELECT users.role_id 
FROM users 
WHERE users.id = $1::UUID
2026-08-04 04:37:38,396 INFO sqlalchemy.engine.Engine [cached since 5.502s ago] (UUID('019fa30c-7688-7655-9977-81f7710449c0'),)
2026-08-04 04:37:38,397 INFO sqlalchemy.engine.Engine SELECT permissions.name 
FROM permissions JOIN role_permissions ON role_permissions.permission_id = permissions.id 
WHERE role_permissions.role_id = $1::UUID
2026-08-04 04:37:38,397 INFO sqlalchemy.engine.Engine [cached since 5.501s ago] (UUID('019fa30c-6dfa-76b9-a1ec-702518695e5a'),)
2026-08-04 04:37:38,398 INFO sqlalchemy.engine.Engine SELECT permissions.name 
FROM permissions JOIN role_permissions ON role_permissions.permission_id = permissions.id 
WHERE role_permissions.role_id = $1::UUID
2026-08-04 04:37:38,399 INFO sqlalchemy.engine.Engine [cached since 5.502s ago] (UUID('019fa30c-6dfa-76b9-a1ec-702518695e5a'),)
2026-08-04 04:37:38,400 INFO sqlalchemy.engine.Engine SELECT users.id, users.username, users.password, users.email, users.fullname, users.create_day, users.chat_id, users.is_active, users.token_version, users.role_id, users.level_id, users.tenant_id, users.webphone_enabled, users.sip_extension, users.sip_username, users.sip_password, users.sip_domain, users.sip_ws_server, users.sip_port, users.sip_protocol, users.webphone_api_key, users.webphone_process_id, users.webphone_agent_id, users.call_recording_enabled, users.call_log_enabled, users.meta_data 
FROM users 
WHERE users.id = $1::UUID
2026-08-04 04:37:38,401 INFO sqlalchemy.engine.Engine [cached since 1483s ago] ('019fa30c-7688-7655-9977-81f7710449c0',)
2026-08-04 04:37:38,402 INFO sqlalchemy.engine.Engine SELECT users.id, users.username, users.password, users.email, users.fullname, users.create_day, users.chat_id, users.is_active, users.token_version, users.role_id, users.level_id, users.tenant_id, users.webphone_enabled, users.sip_extension, users.sip_username, users.sip_password, users.sip_domain, users.sip_ws_server, users.sip_port, users.sip_protocol, users.webphone_api_key, users.webphone_process_id, users.webphone_agent_id, users.call_recording_enabled, users.call_log_enabled, users.meta_data 
FROM users 
WHERE users.id = $1::UUID
2026-08-04 04:37:38,403 INFO sqlalchemy.engine.Engine [cached since 1483s ago] ('019fa30c-7688-7655-9977-81f7710449c0',)
2026-08-04 04:37:38,404 INFO sqlalchemy.engine.Engine SELECT levels.id AS levels_id, levels.name AS levels_name, levels.description AS levels_description, levels.level_order AS levels_level_order 
FROM levels 
WHERE levels.id IN ($1::UUID)
2026-08-04 04:37:38,404 INFO sqlalchemy.engine.Engine [cached since 1483s ago] (UUID('019fa30c-6e16-717f-8c8f-786905fd29ed'),)
2026-08-04 04:37:38,405 INFO sqlalchemy.engine.Engine SELECT levels.id AS levels_id, levels.name AS levels_name, levels.description AS levels_description, levels.level_order AS levels_level_order 
FROM levels 
WHERE levels.id IN ($1::UUID)
2026-08-04 04:37:38,406 INFO sqlalchemy.engine.Engine [cached since 1483s ago] (UUID('019fa30c-6e16-717f-8c8f-786905fd29ed'),)
2026-08-04 04:37:38,407 INFO sqlalchemy.engine.Engine SELECT roles.id AS roles_id, roles.name AS roles_name, roles.description AS roles_description, roles.role_order AS roles_role_order, roles.tenant_id AS roles_tenant_id, roles.is_active AS roles_is_active 
FROM roles 
WHERE roles.id IN ($1::UUID)
2026-08-04 04:37:38,407 INFO sqlalchemy.engine.Engine [cached since 1483s ago] (UUID('019fa30c-6dfa-76b9-a1ec-702518695e5a'),)
2026-08-04 04:37:38,408 INFO sqlalchemy.engine.Engine SELECT roles.id AS roles_id, roles.name AS roles_name, roles.description AS roles_description, roles.role_order AS roles_role_order, roles.tenant_id AS roles_tenant_id, roles.is_active AS roles_is_active 
FROM roles 
WHERE roles.id IN ($1::UUID)
2026-08-04 04:37:38,409 INFO sqlalchemy.engine.Engine [cached since 1483s ago] (UUID('019fa30c-6dfa-76b9-a1ec-702518695e5a'),)
2026-08-04 04:37:38,410 INFO sqlalchemy.engine.Engine SELECT max(levels.level_order) AS max_1 
FROM levels
2026-08-04 04:37:38,410 INFO sqlalchemy.engine.Engine [cached since 5.501s ago] ()
2026-08-04 04:37:38,412 INFO sqlalchemy.engine.Engine SELECT max(levels.level_order) AS max_1 
FROM levels
2026-08-04 04:37:38,412 INFO sqlalchemy.engine.Engine [cached since 5.503s ago] ()
2026-08-04 04:37:38,413 INFO sqlalchemy.engine.Engine SELECT chatwoot_legacy_map.id, chatwoot_legacy_map.resource_type, chatwoot_legacy_map.local_uuid, chatwoot_legacy_map.chatwoot_id, chatwoot_legacy_map.tenant_id, chatwoot_legacy_map.created_at 
FROM chatwoot_legacy_map 
WHERE chatwoot_legacy_map.resource_type = $1 AND chatwoot_legacy_map.local_uuid = $2::UUID
2026-08-04 04:37:38,413 INFO sqlalchemy.engine.Engine [cached since 5.501s ago] ('account', UUID('019fa30c-6ba1-7ebf-923c-5c1e2b5a953c'))
2026-08-04 04:37:38,414 INFO sqlalchemy.engine.Engine SELECT chatwoot_legacy_map.id, chatwoot_legacy_map.resource_type, chatwoot_legacy_map.local_uuid, chatwoot_legacy_map.chatwoot_id, chatwoot_legacy_map.tenant_id, chatwoot_legacy_map.created_at 
FROM chatwoot_legacy_map 
WHERE chatwoot_legacy_map.resource_type = $1 AND chatwoot_legacy_map.local_uuid = $2::UUID
2026-08-04 04:37:38,415 INFO sqlalchemy.engine.Engine [cached since 5.502s ago] ('account', UUID('019fa30c-6ba1-7ebf-923c-5c1e2b5a953c'))
2026-08-04 04:37:38,617 INFO sqlalchemy.engine.Engine SELECT users.id, users.username, users.password, users.email, users.fullname, users.create_day, users.chat_id, users.is_active, users.token_version, users.role_id, users.level_id, users.tenant_id, users.webphone_enabled, users.sip_extension, users.sip_username, users.sip_password, users.sip_domain, users.sip_ws_server, users.sip_port, users.sip_protocol, users.webphone_api_key, users.webphone_process_id, users.webphone_agent_id, users.call_recording_enabled, users.call_log_enabled, users.meta_data 
FROM users 
WHERE users.id = $1::UUID
2026-08-04 04:37:38,618 INFO sqlalchemy.engine.Engine [cached since 1483s ago] ('019fa30c-7688-7655-9977-81f7710449c0',)
2026-08-04 04:37:38,619 INFO sqlalchemy.engine.Engine SELECT levels.id AS levels_id, levels.name AS levels_name, levels.description AS levels_description, levels.level_order AS levels_level_order 
FROM levels 
WHERE levels.id IN ($1::UUID)
2026-08-04 04:37:38,619 INFO sqlalchemy.engine.Engine [cached since 1483s ago] (UUID('019fa30c-6e16-717f-8c8f-786905fd29ed'),)
2026-08-04 04:37:38,620 INFO sqlalchemy.engine.Engine SELECT roles.id AS roles_id, roles.name AS roles_name, roles.description AS roles_description, roles.role_order AS roles_role_order, roles.tenant_id AS roles_tenant_id, roles.is_active AS roles_is_active 
FROM roles 
WHERE roles.id IN ($1::UUID)
2026-08-04 04:37:38,621 INFO sqlalchemy.engine.Engine [cached since 1483s ago] (UUID('019fa30c-6dfa-76b9-a1ec-702518695e5a'),)
2026-08-04 04:37:38,623 INFO sqlalchemy.engine.Engine INSERT INTO logs (id, user_name, action, create_time, data, user_id, tenant_id) VALUES ($1::UUID, $2::VARCHAR, $3::VARCHAR, $4::TIMESTAMP WITH TIME ZONE, $5::VARCHAR, $6::UUID, $7::UUID)
2026-08-04 04:37:38,623 INFO sqlalchemy.engine.Engine [cached since 2.708s ago] (UUID('019fcb10-1cbf-7275-a5dc-76ff7f643483'), 'admin', 'chatwootToggleConversationTyping', datetime.datetime(2026, 8, 4, 4, 37, 38, 622886, tzinfo=datetime.timezone.utc), '{"ip": "222.252.26.190", "user_agent": "Mozilla/5.0 (Windows NT 10.0; Win64; x64) AppleWebKit/537.36 (KHTML, like Gecko) Chrome/151.0.0.0 Safari/537.36", "method": "POST", "query_params": {}, "body": {"typing_status": "off"}}', UUID('019fa30c-7688-7655-9977-81f7710449c0'), None)
2026-08-04 04:37:38,624 INFO sqlalchemy.engine.Engine COMMIT
INFO:     222.252.26.190:0 - "POST /api/v1/messaging/tenants/019fa30c-6ba1-7ebf-923c-5c1e2b5a953c/conversations/60/toggle_typing_status HTTP/1.1" 200 OK
2026-08-04 04:37:38,673 INFO sqlalchemy.engine.Engine SELECT chatwoot_legacy_map.chatwoot_id, chatwoot_legacy_map.local_uuid 
FROM chatwoot_legacy_map 
WHERE chatwoot_legacy_map.resource_type = $1 AND chatwoot_legacy_map.tenant_id = $2::UUID
2026-08-04 04:37:38,673 INFO sqlalchemy.engine.Engine [cached since 5.563s ago] ('agent', UUID('019fa30c-6ba1-7ebf-923c-5c1e2b5a953c'))
2026-08-04 04:37:38,675 INFO sqlalchemy.engine.Engine SELECT users.id, users.username, users.password, users.email, users.fullname, users.create_day, users.chat_id, users.is_active, users.token_version, users.role_id, users.level_id, users.tenant_id, users.webphone_enabled, users.sip_extension, users.sip_username, users.sip_password, users.sip_domain, users.sip_ws_server, users.sip_port, users.sip_protocol, users.webphone_api_key, users.webphone_process_id, users.webphone_agent_id, users.call_recording_enabled, users.call_log_enabled, users.meta_data 
FROM users 
WHERE users.id = $1::UUID
2026-08-04 04:37:38,676 INFO sqlalchemy.engine.Engine [cached since 1483s ago] ('019fa30c-7688-7655-9977-81f7710449c0',)
2026-08-04 04:37:38,677 INFO sqlalchemy.engine.Engine SELECT levels.id AS levels_id, levels.name AS levels_name, levels.description AS levels_description, levels.level_order AS levels_level_order 
FROM levels 
WHERE levels.id IN ($1::UUID)
2026-08-04 04:37:38,677 INFO sqlalchemy.engine.Engine [cached since 1483s ago] (UUID('019fa30c-6e16-717f-8c8f-786905fd29ed'),)
2026-08-04 04:37:38,679 INFO sqlalchemy.engine.Engine SELECT roles.id AS roles_id, roles.name AS roles_name, roles.description AS roles_description, roles.role_order AS roles_role_order, roles.tenant_id AS roles_tenant_id, roles.is_active AS roles_is_active 
FROM roles 
WHERE roles.id IN ($1::UUID)
2026-08-04 04:37:38,679 INFO sqlalchemy.engine.Engine [cached since 1483s ago] (UUID('019fa30c-6dfa-76b9-a1ec-702518695e5a'),)
2026-08-04 04:37:38,680 INFO sqlalchemy.engine.Engine INSERT INTO logs (id, user_name, action, create_time, data, user_id, tenant_id) VALUES ($1::UUID, $2::VARCHAR, $3::VARCHAR, $4::TIMESTAMP WITH TIME ZONE, $5::VARCHAR, $6::UUID, $7::UUID)
2026-08-04 04:37:38,680 INFO sqlalchemy.engine.Engine [cached since 2.765s ago] (UUID('019fcb10-1cf8-74d3-85af-dfbad94084ef'), 'admin', 'chatwootCreateMessage', datetime.datetime(2026, 8, 4, 4, 37, 38, 680022, tzinfo=datetime.timezone.utc), '{"ip": "222.252.26.190", "user_agent": "Mozilla/5.0 (Windows NT 10.0; Win64; x64) AppleWebKit/537.36 (KHTML, like Gecko) Chrome/151.0.0.0 Safari/537. ... (22 characters truncated) ...  "query_params": {}, "body": {"content": "xin chào", "message_type": "outgoing", "private": false, "content_type": "text", "content_attributes": {}}}', UUID('019fa30c-7688-7655-9977-81f7710449c0'), None)
2026-08-04 04:37:38,682 INFO sqlalchemy.engine.Engine COMMIT
INFO:     222.252.26.190:0 - "POST /api/v1/messaging/tenants/019fa30c-6ba1-7ebf-923c-5c1e2b5a953c/conversations/60/messages HTTP/1.1" 200 OK
INFO:     222.252.26.190:0 - "OPTIONS /api/v1/messaging/tenants/019fa30c-6ba1-7ebf-923c-5c1e2b5a953c/conversations?status=open&sort_by=last_activity_at_desc&page=1 HTTP/1.1" 200 OK
2026-08-04 04:37:38,726 INFO sqlalchemy.engine.Engine BEGIN (implicit)
2026-08-04 04:37:38,727 INFO sqlalchemy.engine.Engine SELECT users.id AS users_id, users.username AS users_username, users.password AS users_password, users.email AS users_email, users.fullname AS users_fullname, users.create_day AS users_create_day, users.chat_id AS users_chat_id, users.is_active AS users_is_active, users.token_version AS users_token_version, users.role_id AS users_role_id, users.level_id AS users_level_id, users.tenant_id AS users_tenant_id, users.webphone_enabled AS users_webphone_enabled, users.sip_extension AS users_sip_extension, users.sip_username AS users_sip_username, users.sip_password AS users_sip_password, users.sip_domain AS users_sip_domain, users.sip_ws_server AS users_sip_ws_server, users.sip_port AS users_sip_port, users.sip_protocol AS users_sip_protocol, users.webphone_api_key AS users_webphone_api_key, users.webphone_process_id AS users_webphone_process_id, users.webphone_agent_id AS users_webphone_agent_id, users.call_recording_enabled AS users_call_recording_enabled, users.call_log_enabled AS users_call_log_enabled, users.meta_data AS users_meta_data 
FROM users 
WHERE users.id = $1::UUID
2026-08-04 04:37:38,727 INFO sqlalchemy.engine.Engine [cached since 5.891s ago] (UUID('019fa30c-7688-7655-9977-81f7710449c0'),)
INFO:     222.252.26.190:0 - "OPTIONS /api/v1/messaging/tenants/019fa30c-6ba1-7ebf-923c-5c1e2b5a953c/conversations?status=open&assignee_type=all&sort_by=last_activity_at_desc&conversation_type=me&page=1 HTTP/1.1" 200 OK
2026-08-04 04:37:38,729 INFO sqlalchemy.engine.Engine SELECT levels.id AS levels_id, levels.name AS levels_name, levels.description AS levels_description, levels.level_order AS levels_level_order 
FROM levels 
WHERE levels.id IN ($1::UUID)
2026-08-04 04:37:38,729 INFO sqlalchemy.engine.Engine [cached since 1483s ago] (UUID('019fa30c-6e16-717f-8c8f-786905fd29ed'),)
2026-08-04 04:37:38,731 INFO sqlalchemy.engine.Engine SELECT roles.id AS roles_id, roles.name AS roles_name, roles.description AS roles_description, roles.role_order AS roles_role_order, roles.tenant_id AS roles_tenant_id, roles.is_active AS roles_is_active 
FROM roles 
WHERE roles.id IN ($1::UUID)
2026-08-04 04:37:38,731 INFO sqlalchemy.engine.Engine [cached since 1483s ago] (UUID('019fa30c-6dfa-76b9-a1ec-702518695e5a'),)
2026-08-04 04:37:38,732 INFO sqlalchemy.engine.Engine SELECT users.is_active 
FROM users 
WHERE users.id = $1::UUID
2026-08-04 04:37:38,732 INFO sqlalchemy.engine.Engine [cached since 5.84s ago] (UUID('019fa30c-7688-7655-9977-81f7710449c0'),)
2026-08-04 04:37:38,733 INFO sqlalchemy.engine.Engine SELECT users.role_id 
FROM users 
WHERE users.id = $1::UUID
2026-08-04 04:37:38,733 INFO sqlalchemy.engine.Engine [cached since 5.839s ago] (UUID('019fa30c-7688-7655-9977-81f7710449c0'),)
2026-08-04 04:37:38,734 INFO sqlalchemy.engine.Engine SELECT permissions.name 
FROM permissions JOIN role_permissions ON role_permissions.permission_id = permissions.id 
WHERE role_permissions.role_id = $1::UUID
2026-08-04 04:37:38,734 INFO sqlalchemy.engine.Engine [cached since 5.838s ago] (UUID('019fa30c-6dfa-76b9-a1ec-702518695e5a'),)
2026-08-04 04:37:38,736 INFO sqlalchemy.engine.Engine SELECT users.id, users.username, users.password, users.email, users.fullname, users.create_day, users.chat_id, users.is_active, users.token_version, users.role_id, users.level_id, users.tenant_id, users.webphone_enabled, users.sip_extension, users.sip_username, users.sip_password, users.sip_domain, users.sip_ws_server, users.sip_port, users.sip_protocol, users.webphone_api_key, users.webphone_process_id, users.webphone_agent_id, users.call_recording_enabled, users.call_log_enabled, users.meta_data 
FROM users 
WHERE users.id = $1::UUID
2026-08-04 04:37:38,737 INFO sqlalchemy.engine.Engine [cached since 1483s ago] ('019fa30c-7688-7655-9977-81f7710449c0',)
2026-08-04 04:37:38,738 INFO sqlalchemy.engine.Engine SELECT levels.id AS levels_id, levels.name AS levels_name, levels.description AS levels_description, levels.level_order AS levels_level_order 
FROM levels 
WHERE levels.id IN ($1::UUID)
2026-08-04 04:37:38,738 INFO sqlalchemy.engine.Engine [cached since 1483s ago] (UUID('019fa30c-6e16-717f-8c8f-786905fd29ed'),)
2026-08-04 04:37:38,739 INFO sqlalchemy.engine.Engine SELECT roles.id AS roles_id, roles.name AS roles_name, roles.description AS roles_description, roles.role_order AS roles_role_order, roles.tenant_id AS roles_tenant_id, roles.is_active AS roles_is_active 
FROM roles 
WHERE roles.id IN ($1::UUID)
2026-08-04 04:37:38,739 INFO sqlalchemy.engine.Engine [cached since 1483s ago] (UUID('019fa30c-6dfa-76b9-a1ec-702518695e5a'),)
2026-08-04 04:37:38,740 INFO sqlalchemy.engine.Engine SELECT max(levels.level_order) AS max_1 
FROM levels
2026-08-04 04:37:38,740 INFO sqlalchemy.engine.Engine [cached since 5.831s ago] ()
2026-08-04 04:37:38,741 INFO sqlalchemy.engine.Engine SELECT chatwoot_legacy_map.id, chatwoot_legacy_map.resource_type, chatwoot_legacy_map.local_uuid, chatwoot_legacy_map.chatwoot_id, chatwoot_legacy_map.tenant_id, chatwoot_legacy_map.created_at 
FROM chatwoot_legacy_map 
WHERE chatwoot_legacy_map.resource_type = $1 AND chatwoot_legacy_map.local_uuid = $2::UUID
2026-08-04 04:37:38,741 INFO sqlalchemy.engine.Engine [cached since 5.829s ago] ('account', UUID('019fa30c-6ba1-7ebf-923c-5c1e2b5a953c'))
2026-08-04 04:37:38,770 INFO sqlalchemy.engine.Engine BEGIN (implicit)
2026-08-04 04:37:38,770 INFO sqlalchemy.engine.Engine SELECT users.id AS users_id, users.username AS users_username, users.password AS users_password, users.email AS users_email, users.fullname AS users_fullname, users.create_day AS users_create_day, users.chat_id AS users_chat_id, users.is_active AS users_is_active, users.token_version AS users_token_version, users.role_id AS users_role_id, users.level_id AS users_level_id, users.tenant_id AS users_tenant_id, users.webphone_enabled AS users_webphone_enabled, users.sip_extension AS users_sip_extension, users.sip_username AS users_sip_username, users.sip_password AS users_sip_password, users.sip_domain AS users_sip_domain, users.sip_ws_server AS users_sip_ws_server, users.sip_port AS users_sip_port, users.sip_protocol AS users_sip_protocol, users.webphone_api_key AS users_webphone_api_key, users.webphone_process_id AS users_webphone_process_id, users.webphone_agent_id AS users_webphone_agent_id, users.call_recording_enabled AS users_call_recording_enabled, users.call_log_enabled AS users_call_log_enabled, users.meta_data AS users_meta_data 
FROM users 
WHERE users.id = $1::UUID
2026-08-04 04:37:38,771 INFO sqlalchemy.engine.Engine [cached since 5.935s ago] (UUID('019fa30c-7688-7655-9977-81f7710449c0'),)
2026-08-04 04:37:38,774 INFO sqlalchemy.engine.Engine SELECT levels.id AS levels_id, levels.name AS levels_name, levels.description AS levels_description, levels.level_order AS levels_level_order 
FROM levels 
WHERE levels.id IN ($1::UUID)
2026-08-04 04:37:38,774 INFO sqlalchemy.engine.Engine [cached since 1483s ago] (UUID('019fa30c-6e16-717f-8c8f-786905fd29ed'),)
2026-08-04 04:37:38,777 INFO sqlalchemy.engine.Engine SELECT roles.id AS roles_id, roles.name AS roles_name, roles.description AS roles_description, roles.role_order AS roles_role_order, roles.tenant_id AS roles_tenant_id, roles.is_active AS roles_is_active 
FROM roles 
WHERE roles.id IN ($1::UUID)
2026-08-04 04:37:38,777 INFO sqlalchemy.engine.Engine [cached since 1483s ago] (UUID('019fa30c-6dfa-76b9-a1ec-702518695e5a'),)
2026-08-04 04:37:38,807 INFO sqlalchemy.engine.Engine SELECT users.is_active 
FROM users 
WHERE users.id = $1::UUID
2026-08-04 04:37:38,807 INFO sqlalchemy.engine.Engine [cached since 5.915s ago] (UUID('019fa30c-7688-7655-9977-81f7710449c0'),)
2026-08-04 04:37:38,809 INFO sqlalchemy.engine.Engine SELECT chatwoot_legacy_map.chatwoot_id, chatwoot_legacy_map.local_uuid 
FROM chatwoot_legacy_map 
WHERE chatwoot_legacy_map.resource_type = $1 AND chatwoot_legacy_map.tenant_id = $2::UUID
2026-08-04 04:37:38,809 INFO sqlalchemy.engine.Engine [cached since 5.699s ago] ('agent', UUID('019fa30c-6ba1-7ebf-923c-5c1e2b5a953c'))
2026-08-04 04:37:38,810 INFO sqlalchemy.engine.Engine SELECT users.role_id 
FROM users 
WHERE users.id = $1::UUID
2026-08-04 04:37:38,810 INFO sqlalchemy.engine.Engine [cached since 5.916s ago] (UUID('019fa30c-7688-7655-9977-81f7710449c0'),)
2026-08-04 04:37:38,811 INFO sqlalchemy.engine.Engine SELECT permissions.name 
FROM permissions JOIN role_permissions ON role_permissions.permission_id = permissions.id 
WHERE role_permissions.role_id = $1::UUID
2026-08-04 04:37:38,811 INFO sqlalchemy.engine.Engine [cached since 5.914s ago] (UUID('019fa30c-6dfa-76b9-a1ec-702518695e5a'),)
2026-08-04 04:37:38,813 INFO sqlalchemy.engine.Engine ROLLBACK
2026-08-04 04:37:38,814 INFO sqlalchemy.engine.Engine SELECT users.id, users.username, users.password, users.email, users.fullname, users.create_day, users.chat_id, users.is_active, users.token_version, users.role_id, users.level_id, users.tenant_id, users.webphone_enabled, users.sip_extension, users.sip_username, users.sip_password, users.sip_domain, users.sip_ws_server, users.sip_port, users.sip_protocol, users.webphone_api_key, users.webphone_process_id, users.webphone_agent_id, users.call_recording_enabled, users.call_log_enabled, users.meta_data 
FROM users 
WHERE users.id = $1::UUID
2026-08-04 04:37:38,815 INFO sqlalchemy.engine.Engine [cached since 1483s ago] ('019fa30c-7688-7655-9977-81f7710449c0',)
2026-08-04 04:37:38,817 INFO sqlalchemy.engine.Engine SELECT levels.id AS levels_id, levels.name AS levels_name, levels.description AS levels_description, levels.level_order AS levels_level_order 
FROM levels 
WHERE levels.id IN ($1::UUID)
2026-08-04 04:37:38,817 INFO sqlalchemy.engine.Engine [cached since 1483s ago] (UUID('019fa30c-6e16-717f-8c8f-786905fd29ed'),)
INFO:     222.252.26.190:0 - "GET /api/v1/messaging/tenants/019fa30c-6ba1-7ebf-923c-5c1e2b5a953c/conversations/60/messages HTTP/1.1" 200 OK
2026-08-04 04:37:38,819 INFO sqlalchemy.engine.Engine SELECT roles.id AS roles_id, roles.name AS roles_name, roles.description AS roles_description, roles.role_order AS roles_role_order, roles.tenant_id AS roles_tenant_id, roles.is_active AS roles_is_active 
FROM roles 
WHERE roles.id IN ($1::UUID)
2026-08-04 04:37:38,819 INFO sqlalchemy.engine.Engine [cached since 1483s ago] (UUID('019fa30c-6dfa-76b9-a1ec-702518695e5a'),)
2026-08-04 04:37:38,819 INFO sqlalchemy.engine.Engine BEGIN (implicit)
2026-08-04 04:37:38,819 INFO sqlalchemy.engine.Engine SELECT users.id AS users_id, users.username AS users_username, users.password AS users_password, users.email AS users_email, users.fullname AS users_fullname, users.create_day AS users_create_day, users.chat_id AS users_chat_id, users.is_active AS users_is_active, users.token_version AS users_token_version, users.role_id AS users_role_id, users.level_id AS users_level_id, users.tenant_id AS users_tenant_id, users.webphone_enabled AS users_webphone_enabled, users.sip_extension AS users_sip_extension, users.sip_username AS users_sip_username, users.sip_password AS users_sip_password, users.sip_domain AS users_sip_domain, users.sip_ws_server AS users_sip_ws_server, users.sip_port AS users_sip_port, users.sip_protocol AS users_sip_protocol, users.webphone_api_key AS users_webphone_api_key, users.webphone_process_id AS users_webphone_process_id, users.webphone_agent_id AS users_webphone_agent_id, users.call_recording_enabled AS users_call_recording_enabled, users.call_log_enabled AS users_call_log_enabled, users.meta_data AS users_meta_data 
FROM users 
WHERE users.id = $1::UUID
2026-08-04 04:37:38,819 INFO sqlalchemy.engine.Engine [cached since 5.983s ago] (UUID('019fa30c-7688-7655-9977-81f7710449c0'),)
2026-08-04 04:37:38,821 INFO sqlalchemy.engine.Engine SELECT max(levels.level_order) AS max_1 
FROM levels
2026-08-04 04:37:38,821 INFO sqlalchemy.engine.Engine [cached since 5.912s ago] ()
2026-08-04 04:37:38,822 INFO sqlalchemy.engine.Engine SELECT chatwoot_legacy_map.id, chatwoot_legacy_map.resource_type, chatwoot_legacy_map.local_uuid, chatwoot_legacy_map.chatwoot_id, chatwoot_legacy_map.tenant_id, chatwoot_legacy_map.created_at 
FROM chatwoot_legacy_map 
WHERE chatwoot_legacy_map.resource_type = $1 AND chatwoot_legacy_map.local_uuid = $2::UUID
2026-08-04 04:37:38,822 INFO sqlalchemy.engine.Engine [cached since 5.909s ago] ('account', UUID('019fa30c-6ba1-7ebf-923c-5c1e2b5a953c'))
2026-08-04 04:37:38,837 INFO sqlalchemy.engine.Engine SELECT levels.id AS levels_id, levels.name AS levels_name, levels.description AS levels_description, levels.level_order AS levels_level_order 
FROM levels 
WHERE levels.id IN ($1::UUID)
2026-08-04 04:37:38,837 INFO sqlalchemy.engine.Engine [cached since 1483s ago] (UUID('019fa30c-6e16-717f-8c8f-786905fd29ed'),)
2026-08-04 04:37:38,838 INFO sqlalchemy.engine.Engine SELECT roles.id AS roles_id, roles.name AS roles_name, roles.description AS roles_description, roles.role_order AS roles_role_order, roles.tenant_id AS roles_tenant_id, roles.is_active AS roles_is_active 
FROM roles 
WHERE roles.id IN ($1::UUID)
2026-08-04 04:37:38,838 INFO sqlalchemy.engine.Engine [cached since 1483s ago] (UUID('019fa30c-6dfa-76b9-a1ec-702518695e5a'),)
2026-08-04 04:37:38,840 INFO sqlalchemy.engine.Engine SELECT users.is_active 
FROM users 
WHERE users.id = $1::UUID
2026-08-04 04:37:38,840 INFO sqlalchemy.engine.Engine [cached since 5.949s ago] (UUID('019fa30c-7688-7655-9977-81f7710449c0'),)
2026-08-04 04:37:38,841 INFO sqlalchemy.engine.Engine SELECT users.role_id 
FROM users 
WHERE users.id = $1::UUID
2026-08-04 04:37:38,841 INFO sqlalchemy.engine.Engine [cached since 5.948s ago] (UUID('019fa30c-7688-7655-9977-81f7710449c0'),)
2026-08-04 04:37:38,843 INFO sqlalchemy.engine.Engine SELECT permissions.name 
FROM permissions JOIN role_permissions ON role_permissions.permission_id = permissions.id 
WHERE role_permissions.role_id = $1::UUID
2026-08-04 04:37:38,843 INFO sqlalchemy.engine.Engine [cached since 5.946s ago] (UUID('019fa30c-6dfa-76b9-a1ec-702518695e5a'),)
2026-08-04 04:37:38,846 INFO sqlalchemy.engine.Engine SELECT users.id, users.username, users.password, users.email, users.fullname, users.create_day, users.chat_id, users.is_active, users.token_version, users.role_id, users.level_id, users.tenant_id, users.webphone_enabled, users.sip_extension, users.sip_username, users.sip_password, users.sip_domain, users.sip_ws_server, users.sip_port, users.sip_protocol, users.webphone_api_key, users.webphone_process_id, users.webphone_agent_id, users.call_recording_enabled, users.call_log_enabled, users.meta_data 
FROM users 
WHERE users.id = $1::UUID
2026-08-04 04:37:38,846 INFO sqlalchemy.engine.Engine [cached since 1483s ago] ('019fa30c-7688-7655-9977-81f7710449c0',)
2026-08-04 04:37:38,847 INFO sqlalchemy.engine.Engine SELECT levels.id AS levels_id, levels.name AS levels_name, levels.description AS levels_description, levels.level_order AS levels_level_order 
FROM levels 
WHERE levels.id IN ($1::UUID)
2026-08-04 04:37:38,848 INFO sqlalchemy.engine.Engine [cached since 1483s ago] (UUID('019fa30c-6e16-717f-8c8f-786905fd29ed'),)
2026-08-04 04:37:38,849 INFO sqlalchemy.engine.Engine SELECT roles.id AS roles_id, roles.name AS roles_name, roles.description AS roles_description, roles.role_order AS roles_role_order, roles.tenant_id AS roles_tenant_id, roles.is_active AS roles_is_active 
FROM roles 
WHERE roles.id IN ($1::UUID)
2026-08-04 04:37:38,849 INFO sqlalchemy.engine.Engine [cached since 1483s ago] (UUID('019fa30c-6dfa-76b9-a1ec-702518695e5a'),)
2026-08-04 04:37:38,850 INFO sqlalchemy.engine.Engine SELECT max(levels.level_order) AS max_1 
FROM levels
2026-08-04 04:37:38,851 INFO sqlalchemy.engine.Engine [cached since 5.942s ago] ()
2026-08-04 04:37:38,852 INFO sqlalchemy.engine.Engine SELECT chatwoot_legacy_map.id, chatwoot_legacy_map.resource_type, chatwoot_legacy_map.local_uuid, chatwoot_legacy_map.chatwoot_id, chatwoot_legacy_map.tenant_id, chatwoot_legacy_map.created_at 
FROM chatwoot_legacy_map 
WHERE chatwoot_legacy_map.resource_type = $1 AND chatwoot_legacy_map.local_uuid = $2::UUID
2026-08-04 04:37:38,852 INFO sqlalchemy.engine.Engine [cached since 5.94s ago] ('account', UUID('019fa30c-6ba1-7ebf-923c-5c1e2b5a953c'))
[MESSAGING WEBHOOK] Nhận sự kiện: message_created
2026-08-04 04:37:38,917 INFO sqlalchemy.engine.Engine BEGIN (implicit)
2026-08-04 04:37:38,920 INFO sqlalchemy.engine.Engine SELECT chatwoot_legacy_map.id, chatwoot_legacy_map.resource_type, chatwoot_legacy_map.local_uuid, chatwoot_legacy_map.chatwoot_id, chatwoot_legacy_map.tenant_id, chatwoot_legacy_map.created_at 
FROM chatwoot_legacy_map 
WHERE chatwoot_legacy_map.resource_type = $1 AND chatwoot_legacy_map.chatwoot_id = $2::INTEGER
2026-08-04 04:37:38,921 INFO sqlalchemy.engine.Engine [generated in 0.00079s] ('account', 1)
2026-08-04 04:37:38,927 INFO sqlalchemy.engine.Engine SELECT chatwoot_legacy_map.chatwoot_id, chatwoot_legacy_map.local_uuid 
FROM chatwoot_legacy_map 
WHERE chatwoot_legacy_map.resource_type = $1 AND chatwoot_legacy_map.tenant_id = $2::UUID
2026-08-04 04:37:38,927 INFO sqlalchemy.engine.Engine [cached since 5.817s ago] ('agent', UUID('019fa30c-6ba1-7ebf-923c-5c1e2b5a953c'))
emitting event "messaging_event" to tenant:019fa30c-6ba1-7ebf-923c-5c1e2b5a953c [/]
nqCd67sjMZzNYBOuAAAA: Sending packet MESSAGE data 2["messaging_event",{"event":"message_created","payload":{"account":{"id":1,"name":"CGVTelecom"},"additional_attributes":{},"content_attributes":{},"content_type":"text","content":"xin ch\u00e0o","conversation":{"additional_attributes":{},"can_reply":true,"channel":"Channel::Api","contact_inbox":{"id":5,"contact_id":5,"inbox_id":1,"source_id":"52dbd7ff-f73b-4aa6-8dcd-05cf72ba31e2","created_at":"2026-03-09T08:45:14.364Z","updated_at":"2026-03-09T08:45:14.364Z","hmac_verified":false,"pubsub_token":"XTK8r9d4oMoRJYtyri3FJ1qh"},"id":60,"inbox_id":1,"messages":[{"id":1141,"content":"xin ch\u00e0o","inbox_id":1,"conversation_id":60,"message_type":1,"created_at":1785818258,"updated_at":"2026-08-04T04:37:38.583Z","private":false,"status":"sent","source_id":null,"content_type":"text","content_attributes":{},"sender_type":"User","sender_id":1,"external_source_ids":{},"additional_attributes":{},"processed_message_content":"xin ch\u00e0o","sentiment":{},"conversation":{"assignee_id":19,"unread_count":0,"last_activity_at":1785818258,"contact_inbox":{"source_id":"52dbd7ff-f73b-4aa6-8dcd-05cf72ba31e2"}},"sender":{"id":"019fa30c-7688-7655-9977-81f7710449c0","name":"BerlinHoang","available_name":"BerlinHoang","avatar_url":"","type":"user","availability_status":null,"thumbnail":""}}],"labels":["test"],"meta":{"sender":{"additional_attributes":{"avatar_url_hash":"9ea854ebee2ad275941e1f04d100fdd0f9b2afae9bf0d75459159ac8358497f9","last_avatar_sync_at":"2026-07-17T02:28:13Z"},"custom_attributes":{},"email":null,"id":5,"identifier":"1345920351591113360","name":"Ng\u00f4 V\u0103n \u0110\u1ee9c","phone_number":null,"thumbnail":"https://devchat.telesip.vn/rails/active_storage/representations/redirect/eyJfcmFpbHMiOnsibWVzc2FnZSI6IkJBaHBiUT09IiwiZXhwIjpudWxsLCJwdXIiOiJibG9iX2lkIn19--be8e6957d573a154642fc2b4f75a4144a80df96c/eyJfcmFpbHMiOnsibWVzc2FnZSI6IkJBaDdCem9MWm05eWJXRjBTU0lJYW5CbkJqb0dSVlE2RTNKbGMybDZaVjkwYjE5bWFXeHNXd2RwQWZvdyIsImV4cCI6bnVsbCwicHVyIjoidmFyaWF0aW9uIn19--436c279f303bbea521f116fcd5adb272a5cf485c/1239b8071a8fab3fa8481bfb39af934b.jpg","blocked":false,"type":"contact"},"assignee":null,"assignee_type":"User","team":null,"hmac_verified":false},"status":"open","custom_attributes":{},"snoozed_until":null,"unread_count":0,"first_reply_created_at":"2026-07-15T08:22:52.348Z","priority":null,"waiting_since":0,"agent_last_seen_at":1785818253,"contact_last_seen_at":0,"last_activity_at":1785818258,"timestamp":1785818258,"created_at":1784102832,"updated_at":1785818258.5956638},"created_at":"2026-08-04T04:37:38.583Z","id":1141,"inbox":{"id":1,"name":"Zalo OA CGV Telecom"},"message_type":"outgoing","private":false,"sender":{"id":1,"name":"BerlinHoang","email":"huyhq@cgvtelecom.vn","type":"user"},"source_id":null,"event":"message_created"}}]
2026-08-04 04:37:38,934 INFO sqlalchemy.engine.Engine ROLLBACK
INFO:     172.18.0.6:0 - "POST /api/v1/chatwoot-webhooks HTTP/1.1" 200 OK
2026-08-04 04:37:39,202 INFO sqlalchemy.engine.Engine SELECT chatwoot_legacy_map.chatwoot_id, chatwoot_legacy_map.local_uuid 
FROM chatwoot_legacy_map 
WHERE chatwoot_legacy_map.resource_type = $1 AND chatwoot_legacy_map.tenant_id = $2::UUID
2026-08-04 04:37:39,203 INFO sqlalchemy.engine.Engine [cached since 6.093s ago] ('agent', UUID('019fa30c-6ba1-7ebf-923c-5c1e2b5a953c'))
2026-08-04 04:37:39,207 INFO sqlalchemy.engine.Engine ROLLBACK
2026-08-04 04:37:39,209 INFO sqlalchemy.engine.Engine SELECT chatwoot_legacy_map.chatwoot_id, chatwoot_legacy_map.local_uuid 
FROM chatwoot_legacy_map 
WHERE chatwoot_legacy_map.resource_type = $1 AND chatwoot_legacy_map.tenant_id = $2::UUID
2026-08-04 04:37:39,210 INFO sqlalchemy.engine.Engine [cached since 6.1s ago] ('agent', UUID('019fa30c-6ba1-7ebf-923c-5c1e2b5a953c'))
INFO:     222.252.26.190:0 - "GET /api/v1/messaging/tenants/019fa30c-6ba1-7ebf-923c-5c1e2b5a953c/conversations?status=open&assignee_type=all&sort_by=last_activity_at_desc&conversation_type=me&page=1 HTTP/1.1" 200 OK
2026-08-04 04:37:39,213 INFO sqlalchemy.engine.Engine ROLLBACK
INFO:     222.252.26.190:0 - "GET /api/v1/messaging/tenants/019fa30c-6ba1-7ebf-923c-5c1e2b5a953c/conversations?status=open&sort_by=last_activity_at_desc&page=1 HTTP/1.1" 200 OK
2026-08-04 04:37:39,385 INFO sqlalchemy.engine.Engine BEGIN (implicit)
2026-08-04 04:37:39,385 INFO sqlalchemy.engine.Engine SELECT users.id AS users_id, users.username AS users_username, users.password AS users_password, users.email AS users_email, users.fullname AS users_fullname, users.create_day AS users_create_day, users.chat_id AS users_chat_id, users.is_active AS users_is_active, users.token_version AS users_token_version, users.role_id AS users_role_id, users.level_id AS users_level_id, users.tenant_id AS users_tenant_id, users.webphone_enabled AS users_webphone_enabled, users.sip_extension AS users_sip_extension, users.sip_username AS users_sip_username, users.sip_password AS users_sip_password, users.sip_domain AS users_sip_domain, users.sip_ws_server AS users_sip_ws_server, users.sip_port AS users_sip_port, users.sip_protocol AS users_sip_protocol, users.webphone_api_key AS users_webphone_api_key, users.webphone_process_id AS users_webphone_process_id, users.webphone_agent_id AS users_webphone_agent_id, users.call_recording_enabled AS users_call_recording_enabled, users.call_log_enabled AS users_call_log_enabled, users.meta_data AS users_meta_data 
FROM users 
WHERE users.id = $1::UUID
2026-08-04 04:37:39,386 INFO sqlalchemy.engine.Engine [cached since 6.55s ago] (UUID('019fa30c-7688-7655-9977-81f7710449c0'),)
2026-08-04 04:37:39,388 INFO sqlalchemy.engine.Engine SELECT levels.id AS levels_id, levels.name AS levels_name, levels.description AS levels_description, levels.level_order AS levels_level_order 
FROM levels 
WHERE levels.id IN ($1::UUID)
2026-08-04 04:37:39,389 INFO sqlalchemy.engine.Engine [cached since 1484s ago] (UUID('019fa30c-6e16-717f-8c8f-786905fd29ed'),)
2026-08-04 04:37:39,390 INFO sqlalchemy.engine.Engine SELECT roles.id AS roles_id, roles.name AS roles_name, roles.description AS roles_description, roles.role_order AS roles_role_order, roles.tenant_id AS roles_tenant_id, roles.is_active AS roles_is_active 
FROM roles 
WHERE roles.id IN ($1::UUID)
2026-08-04 04:37:39,390 INFO sqlalchemy.engine.Engine [cached since 1484s ago] (UUID('019fa30c-6dfa-76b9-a1ec-702518695e5a'),)
2026-08-04 04:37:39,392 INFO sqlalchemy.engine.Engine SELECT users.is_active 
FROM users 
WHERE users.id = $1::UUID
2026-08-04 04:37:39,392 INFO sqlalchemy.engine.Engine [cached since 6.5s ago] (UUID('019fa30c-7688-7655-9977-81f7710449c0'),)
2026-08-04 04:37:39,393 INFO sqlalchemy.engine.Engine SELECT users.role_id 
FROM users 
WHERE users.id = $1::UUID
2026-08-04 04:37:39,394 INFO sqlalchemy.engine.Engine [cached since 6.5s ago] (UUID('019fa30c-7688-7655-9977-81f7710449c0'),)
2026-08-04 04:37:39,395 INFO sqlalchemy.engine.Engine SELECT permissions.name 
FROM permissions JOIN role_permissions ON role_permissions.permission_id = permissions.id 
WHERE role_permissions.role_id = $1::UUID
2026-08-04 04:37:39,395 INFO sqlalchemy.engine.Engine [cached since 6.498s ago] (UUID('019fa30c-6dfa-76b9-a1ec-702518695e5a'),)
2026-08-04 04:37:39,397 INFO sqlalchemy.engine.Engine SELECT users.id, users.username, users.password, users.email, users.fullname, users.create_day, users.chat_id, users.is_active, users.token_version, users.role_id, users.level_id, users.tenant_id, users.webphone_enabled, users.sip_extension, users.sip_username, users.sip_password, users.sip_domain, users.sip_ws_server, users.sip_port, users.sip_protocol, users.webphone_api_key, users.webphone_process_id, users.webphone_agent_id, users.call_recording_enabled, users.call_log_enabled, users.meta_data 
FROM users 
WHERE users.id = $1::UUID
2026-08-04 04:37:39,398 INFO sqlalchemy.engine.Engine [cached since 1484s ago] ('019fa30c-7688-7655-9977-81f7710449c0',)
2026-08-04 04:37:39,399 INFO sqlalchemy.engine.Engine SELECT levels.id AS levels_id, levels.name AS levels_name, levels.description AS levels_description, levels.level_order AS levels_level_order 
FROM levels 
WHERE levels.id IN ($1::UUID)
2026-08-04 04:37:39,400 INFO sqlalchemy.engine.Engine [cached since 1484s ago] (UUID('019fa30c-6e16-717f-8c8f-786905fd29ed'),)
2026-08-04 04:37:39,401 INFO sqlalchemy.engine.Engine SELECT roles.id AS roles_id, roles.name AS roles_name, roles.description AS roles_description, roles.role_order AS roles_role_order, roles.tenant_id AS roles_tenant_id, roles.is_active AS roles_is_active 
FROM roles 
WHERE roles.id IN ($1::UUID)
2026-08-04 04:37:39,401 INFO sqlalchemy.engine.Engine [cached since 1484s ago] (UUID('019fa30c-6dfa-76b9-a1ec-702518695e5a'),)
2026-08-04 04:37:39,403 INFO sqlalchemy.engine.Engine SELECT max(levels.level_order) AS max_1 
FROM levels
2026-08-04 04:37:39,403 INFO sqlalchemy.engine.Engine [cached since 6.494s ago] ()
2026-08-04 04:37:39,404 INFO sqlalchemy.engine.Engine SELECT chatwoot_legacy_map.id, chatwoot_legacy_map.resource_type, chatwoot_legacy_map.local_uuid, chatwoot_legacy_map.chatwoot_id, chatwoot_legacy_map.tenant_id, chatwoot_legacy_map.created_at 
FROM chatwoot_legacy_map 
WHERE chatwoot_legacy_map.resource_type = $1 AND chatwoot_legacy_map.local_uuid = $2::UUID
2026-08-04 04:37:39,405 INFO sqlalchemy.engine.Engine [cached since 6.492s ago] ('account', UUID('019fa30c-6ba1-7ebf-923c-5c1e2b5a953c'))
2026-08-04 04:37:39,597 INFO sqlalchemy.engine.Engine SELECT chatwoot_legacy_map.chatwoot_id, chatwoot_legacy_map.local_uuid 
FROM chatwoot_legacy_map 
WHERE chatwoot_legacy_map.resource_type = $1 AND chatwoot_legacy_map.tenant_id = $2::UUID
2026-08-04 04:37:39,597 INFO sqlalchemy.engine.Engine [cached since 6.487s ago] ('agent', UUID('019fa30c-6ba1-7ebf-923c-5c1e2b5a953c'))
2026-08-04 04:37:39,600 INFO sqlalchemy.engine.Engine ROLLBACK
INFO:     222.252.26.190:0 - "POST /api/v1/messaging/tenants/019fa30c-6ba1-7ebf-923c-5c1e2b5a953c/conversations/60/update_last_seen HTTP/1.1" 200 OK
nqCd67sjMZzNYBOuAAAA: Sending packet PING data None
nqCd67sjMZzNYBOuAAAA: Received packet PONG data 
nqCd67sjMZzNYBOuAAAA: Sending packet PING data None
nqCd67sjMZzNYBOuAAAA: Received packet PONG data 
nqCd67sjMZzNYBOuAAAA: Sending packet PING data None
nqCd67sjMZzNYBOuAAAA: Received packet PONG data 
INFO:     connection closed
INFO:     222.252.26.190:0 - "OPTIONS /api/v1/user/current HTTP/1.1" 200 OK
2026-08-04 04:38:53,626 INFO sqlalchemy.engine.Engine BEGIN (implicit)
2026-08-04 04:38:53,627 INFO sqlalchemy.engine.Engine SELECT users.id AS users_id, users.username AS users_username, users.password AS users_password, users.email AS users_email, users.fullname AS users_fullname, users.create_day AS users_create_day, users.chat_id AS users_chat_id, users.is_active AS users_is_active, users.token_version AS users_token_version, users.role_id AS users_role_id, users.level_id AS users_level_id, users.tenant_id AS users_tenant_id, users.webphone_enabled AS users_webphone_enabled, users.sip_extension AS users_sip_extension, users.sip_username AS users_sip_username, users.sip_password AS users_sip_password, users.sip_domain AS users_sip_domain, users.sip_ws_server AS users_sip_ws_server, users.sip_port AS users_sip_port, users.sip_protocol AS users_sip_protocol, users.webphone_api_key AS users_webphone_api_key, users.webphone_process_id AS users_webphone_process_id, users.webphone_agent_id AS users_webphone_agent_id, users.call_recording_enabled AS users_call_recording_enabled, users.call_log_enabled AS users_call_log_enabled, users.meta_data AS users_meta_data 
FROM users 
WHERE users.id = $1::UUID
2026-08-04 04:38:53,628 INFO sqlalchemy.engine.Engine [cached since 80.79s ago] (UUID('019fa30c-7688-7655-9977-81f7710449c0'),)
2026-08-04 04:38:53,632 INFO sqlalchemy.engine.Engine SELECT levels.id AS levels_id, levels.name AS levels_name, levels.description AS levels_description, levels.level_order AS levels_level_order 
FROM levels 
WHERE levels.id IN ($1::UUID)
2026-08-04 04:38:53,632 INFO sqlalchemy.engine.Engine [cached since 1558s ago] (UUID('019fa30c-6e16-717f-8c8f-786905fd29ed'),)
2026-08-04 04:38:53,634 INFO sqlalchemy.engine.Engine SELECT roles.id AS roles_id, roles.name AS roles_name, roles.description AS roles_description, roles.role_order AS roles_role_order, roles.tenant_id AS roles_tenant_id, roles.is_active AS roles_is_active 
FROM roles 
WHERE roles.id IN ($1::UUID)
2026-08-04 04:38:53,635 INFO sqlalchemy.engine.Engine [cached since 1558s ago] (UUID('019fa30c-6dfa-76b9-a1ec-702518695e5a'),)
2026-08-04 04:38:53,637 INFO sqlalchemy.engine.Engine SELECT users.is_active 
FROM users 
WHERE users.id = $1::UUID
2026-08-04 04:38:53,637 INFO sqlalchemy.engine.Engine [cached since 80.75s ago] (UUID('019fa30c-7688-7655-9977-81f7710449c0'),)
2026-08-04 04:38:53,639 INFO sqlalchemy.engine.Engine SELECT users.role_id 
FROM users 
WHERE users.id = $1::UUID
2026-08-04 04:38:53,639 INFO sqlalchemy.engine.Engine [cached since 80.74s ago] (UUID('019fa30c-7688-7655-9977-81f7710449c0'),)
2026-08-04 04:38:53,640 INFO sqlalchemy.engine.Engine SELECT permissions.name 
FROM permissions JOIN role_permissions ON role_permissions.permission_id = permissions.id 
WHERE role_permissions.role_id = $1::UUID
2026-08-04 04:38:53,640 INFO sqlalchemy.engine.Engine [cached since 80.74s ago] (UUID('019fa30c-6dfa-76b9-a1ec-702518695e5a'),)
2026-08-04 04:38:53,650 INFO sqlalchemy.engine.Engine SELECT users.id, users.username, users.password, users.email, users.fullname, users.create_day, users.chat_id, users.is_active, users.token_version, users.role_id, users.level_id, users.tenant_id, users.webphone_enabled, users.sip_extension, users.sip_username, users.sip_password, users.sip_domain, users.sip_ws_server, users.sip_port, users.sip_protocol, users.webphone_api_key, users.webphone_process_id, users.webphone_agent_id, users.call_recording_enabled, users.call_log_enabled, users.meta_data, roles_1.id AS id_1, roles_1.name, roles_1.description, roles_1.role_order, roles_1.tenant_id AS tenant_id_1, roles_1.is_active AS is_active_1, levels_1.id AS id_2, levels_1.name AS name_1, levels_1.description AS description_1, levels_1.level_order 
FROM users LEFT OUTER JOIN roles AS roles_1 ON roles_1.id = users.role_id LEFT OUTER JOIN levels AS levels_1 ON levels_1.id = users.level_id 
WHERE users.id = $1::UUID
2026-08-04 04:38:53,650 INFO sqlalchemy.engine.Engine [generated in 0.00049s] (UUID('019fa30c-7688-7655-9977-81f7710449c0'),)
2026-08-04 04:38:53,653 INFO sqlalchemy.engine.Engine SELECT permissions.name 
FROM permissions JOIN role_permissions ON permissions.id = role_permissions.permission_id JOIN roles ON role_permissions.role_id = roles.id JOIN users ON users.role_id = roles.id 
WHERE users.id = $1::UUID
2026-08-04 04:38:53,654 INFO sqlalchemy.engine.Engine [generated in 0.00028s] (UUID('019fa30c-7688-7655-9977-81f7710449c0'),)
Check result: ['view_users', 'current_user', 'delete_users', 'create_users', 'edit_users', 'view_user_groups', 'edit_roles', 'view_roles', 'delete_roles', 'create_roles', 'view_permissions', 'edit_permissions', 'delete_permissions', 'create_permissions', 'assign_permissions_to_role', 'delete_permission_from_role', 'view_logs', 'view_levels', 'create_level', 'edit_level', 'delete_level', 'view_departments', 'create_department', 'edit_department', 'delete_department', 'view_groups', 'create_group', 'edit_group', 'delete_group', 'assign_user_to_group', 'delete_user_group', 'view_role_permissions_by_role_id', 'view_tags', 'view_tag_by_id', 'create_tag', 'edit_tag', 'delete_tag', 'view_tickets', 'create_ticket', 'edit_ticket', 'delete_ticket', 'assign_ticket', 'view_ticket_events', 'create_ticket_event', 'edit_ticket_event', 'delete_ticket_event', 'view_ticket_templates', 'create_ticket_template', 'edit_ticket_template', 'delete_ticket_template', 'view_ticket_contexts', 'create_ticket_context', 'edit_ticket_context', 'delete_ticket_context', 'view_ticket_extensions', 'create_ticket_extension', 'edit_ticket_extension', 'delete_ticket_extension', 'view_ticket_flows', 'view_ticket_flow_by_id', 'create_ticket_flow', 'edit_ticket_flow', 'delete_ticket_flow', 'view_ticket_flow_instances', 'view_ticket_flow_instance_by_id', 'create_ticket_flow_instance', 'edit_ticket_flow_instance', 'delete_ticket_flow_instance', 'view_ticket_flow_steps', 'view_ticket_flow_step_by_id', 'create_ticket_flow_step', 'edit_ticket_flow_step', 'delete_ticket_flow_step', 'view_customers', 'view_customer_by_id', 'create_customer', 'edit_customer', 'delete_customer', 'view_customer_provided_info', 'create_customer_provided_info', 'edit_customer_provided_info', 'delete_customer_provided_info', 'view_tenants', 'create_tenant', 'edit_tenant', 'delete_tenant', 'view_level_by_id', 'view_department_by_id', 'view_group_by_id', 'view_group_detail_by_id', 'view_messaging_accounts', 'create_messaging_account', 'edit_messaging_account', 'delete_messaging_account', 'sync_messaging_integration', 'view_messaging_conversations', 'create_messaging_conversation', 'edit_messaging_conversation', 'delete_messaging_conversation', 'send_messaging_message', 'delete_messaging_message', 'assign_messaging_conversation', 'view_messaging_inboxes', 'create_messaging_inbox', 'edit_messaging_inbox', 'manage_messaging_inbox_members', 'view_messaging_labels', 'create_messaging_label', 'delete_messaging_label', 'bulk_messaging_actions', 'view_messaging_custom_filters', 'create_messaging_custom_filter', 'edit_messaging_custom_filter', 'delete_messaging_custom_filter', 'view_messaging_agents', 'create_messaging_agent', 'edit_messaging_agent', 'delete_messaging_agent', 'view_messaging_teams', 'create_messaging_team', 'edit_messaging_team', 'delete_messaging_team', 'manage_messaging_team_members', 'view_messaging_agent_bots', 'create_messaging_agent_bot', 'edit_messaging_agent_bot', 'delete_messaging_agent_bot', 'view_messaging_users', 'create_messaging_user', 'edit_messaging_user', 'delete_messaging_user']
2026-08-04 04:38:53,662 INFO sqlalchemy.engine.Engine SELECT tenant.id AS tenant_id, tenant.name AS tenant_name, tenant.description AS tenant_description, tenant.is_active AS tenant_is_active, tenant.partner_id AS tenant_partner_id, tenant.graph_id AS tenant_graph_id, tenant.agent_id AS tenant_agent_id, tenant.graph_activated AS tenant_graph_activated, tenant.meta_data AS tenant_meta_data, tenant.webcall_config AS tenant_webcall_config 
FROM tenant 
WHERE tenant.id = $1::UUID
2026-08-04 04:38:53,662 INFO sqlalchemy.engine.Engine [generated in 0.00054s] (UUID('019fa30c-6ba1-7ebf-923c-5c1e2b5a953c'),)
2026-08-04 04:38:53,666 INFO sqlalchemy.engine.Engine ROLLBACK
INFO:     222.252.26.190:0 - "GET /api/v1/user/current HTTP/1.1" 200 OK
FdYK9c_oo-xBgHV6AAAC: Sending packet OPEN data {'sid': 'FdYK9c_oo-xBgHV6AAAC', 'upgrades': [], 'pingTimeout': 60000, 'pingInterval': 25000}
FdYK9c_oo-xBgHV6AAAC: Received request to upgrade to websocket
INFO:     ('222.252.26.190', 0) - "WebSocket /socket.io/?EIO=4&transport=websocket" [accepted]
FdYK9c_oo-xBgHV6AAAC: Upgrade to websocket successful
INFO:     connection open
INFO:     222.252.26.190:0 - "OPTIONS /api/v1/messaging/tenants/019fa30c-6ba1-7ebf-923c-5c1e2b5a953c/inboxes HTTP/1.1" 200 OK
INFO:     222.252.26.190:0 - "OPTIONS /api/v1/messaging/tenants/019fa30c-6ba1-7ebf-923c-5c1e2b5a953c/labels HTTP/1.1" 200 OK
2026-08-04 04:38:55,013 INFO sqlalchemy.engine.Engine BEGIN (implicit)
2026-08-04 04:38:55,014 INFO sqlalchemy.engine.Engine SELECT users.id AS users_id, users.username AS users_username, users.password AS users_password, users.email AS users_email, users.fullname AS users_fullname, users.create_day AS users_create_day, users.chat_id AS users_chat_id, users.is_active AS users_is_active, users.token_version AS users_token_version, users.role_id AS users_role_id, users.level_id AS users_level_id, users.tenant_id AS users_tenant_id, users.webphone_enabled AS users_webphone_enabled, users.sip_extension AS users_sip_extension, users.sip_username AS users_sip_username, users.sip_password AS users_sip_password, users.sip_domain AS users_sip_domain, users.sip_ws_server AS users_sip_ws_server, users.sip_port AS users_sip_port, users.sip_protocol AS users_sip_protocol, users.webphone_api_key AS users_webphone_api_key, users.webphone_process_id AS users_webphone_process_id, users.webphone_agent_id AS users_webphone_agent_id, users.call_recording_enabled AS users_call_recording_enabled, users.call_log_enabled AS users_call_log_enabled, users.meta_data AS users_meta_data 
FROM users 
WHERE users.id = $1::UUID
2026-08-04 04:38:55,015 INFO sqlalchemy.engine.Engine [cached since 82.18s ago] (UUID('019fa30c-7688-7655-9977-81f7710449c0'),)
INFO:     222.252.26.190:0 - "OPTIONS /api/v1/messaging/tenants/019fa30c-6ba1-7ebf-923c-5c1e2b5a953c/teams HTTP/1.1" 200 OK
INFO:     222.252.26.190:0 - "OPTIONS /api/v1/messaging/accounts/019fa30c-6ba1-7ebf-923c-5c1e2b5a953c/custom_filters HTTP/1.1" 200 OK
INFO:     222.252.26.190:0 - "OPTIONS /api/v1/messaging/tenants/019fa30c-6ba1-7ebf-923c-5c1e2b5a953c/agents HTTP/1.1" 200 OK
2026-08-04 04:38:55,021 INFO sqlalchemy.engine.Engine SELECT levels.id AS levels_id, levels.name AS levels_name, levels.description AS levels_description, levels.level_order AS levels_level_order 
FROM levels 
WHERE levels.id IN ($1::UUID)
2026-08-04 04:38:55,022 INFO sqlalchemy.engine.Engine [cached since 1559s ago] (UUID('019fa30c-6e16-717f-8c8f-786905fd29ed'),)
2026-08-04 04:38:55,023 INFO sqlalchemy.engine.Engine BEGIN (implicit)
2026-08-04 04:38:55,025 INFO sqlalchemy.engine.Engine SELECT users.id AS users_id, users.username AS users_username, users.password AS users_password, users.email AS users_email, users.fullname AS users_fullname, users.create_day AS users_create_day, users.chat_id AS users_chat_id, users.is_active AS users_is_active, users.token_version AS users_token_version, users.role_id AS users_role_id, users.level_id AS users_level_id, users.tenant_id AS users_tenant_id, users.webphone_enabled AS users_webphone_enabled, users.sip_extension AS users_sip_extension, users.sip_username AS users_sip_username, users.sip_password AS users_sip_password, users.sip_domain AS users_sip_domain, users.sip_ws_server AS users_sip_ws_server, users.sip_port AS users_sip_port, users.sip_protocol AS users_sip_protocol, users.webphone_api_key AS users_webphone_api_key, users.webphone_process_id AS users_webphone_process_id, users.webphone_agent_id AS users_webphone_agent_id, users.call_recording_enabled AS users_call_recording_enabled, users.call_log_enabled AS users_call_log_enabled, users.meta_data AS users_meta_data 
FROM users 
WHERE users.id = $1::UUID
2026-08-04 04:38:55,025 INFO sqlalchemy.engine.Engine [cached since 82.19s ago] (UUID('019fa30c-7688-7655-9977-81f7710449c0'),)
2026-08-04 04:38:55,026 INFO sqlalchemy.engine.Engine SELECT roles.id AS roles_id, roles.name AS roles_name, roles.description AS roles_description, roles.role_order AS roles_role_order, roles.tenant_id AS roles_tenant_id, roles.is_active AS roles_is_active 
FROM roles 
WHERE roles.id IN ($1::UUID)
2026-08-04 04:38:55,026 INFO sqlalchemy.engine.Engine [cached since 1559s ago] (UUID('019fa30c-6dfa-76b9-a1ec-702518695e5a'),)
2026-08-04 04:38:55,027 INFO sqlalchemy.engine.Engine BEGIN (implicit)
2026-08-04 04:38:55,028 INFO sqlalchemy.engine.Engine SELECT users.id AS users_id, users.username AS users_username, users.password AS users_password, users.email AS users_email, users.fullname AS users_fullname, users.create_day AS users_create_day, users.chat_id AS users_chat_id, users.is_active AS users_is_active, users.token_version AS users_token_version, users.role_id AS users_role_id, users.level_id AS users_level_id, users.tenant_id AS users_tenant_id, users.webphone_enabled AS users_webphone_enabled, users.sip_extension AS users_sip_extension, users.sip_username AS users_sip_username, users.sip_password AS users_sip_password, users.sip_domain AS users_sip_domain, users.sip_ws_server AS users_sip_ws_server, users.sip_port AS users_sip_port, users.sip_protocol AS users_sip_protocol, users.webphone_api_key AS users_webphone_api_key, users.webphone_process_id AS users_webphone_process_id, users.webphone_agent_id AS users_webphone_agent_id, users.call_recording_enabled AS users_call_recording_enabled, users.call_log_enabled AS users_call_log_enabled, users.meta_data AS users_meta_data 
FROM users 
WHERE users.id = $1::UUID
2026-08-04 04:38:55,028 INFO sqlalchemy.engine.Engine [cached since 82.19s ago] (UUID('019fa30c-7688-7655-9977-81f7710449c0'),)
2026-08-04 04:38:55,028 INFO sqlalchemy.engine.Engine SELECT users.is_active 
FROM users 
WHERE users.id = $1::UUID
2026-08-04 04:38:55,029 INFO sqlalchemy.engine.Engine [cached since 82.14s ago] (UUID('019fa30c-7688-7655-9977-81f7710449c0'),)
2026-08-04 04:38:55,030 INFO sqlalchemy.engine.Engine SELECT users.role_id 
FROM users 
WHERE users.id = $1::UUID
2026-08-04 04:38:55,030 INFO sqlalchemy.engine.Engine [cached since 82.14s ago] (UUID('019fa30c-7688-7655-9977-81f7710449c0'),)
2026-08-04 04:38:55,031 INFO sqlalchemy.engine.Engine SELECT permissions.name 
FROM permissions JOIN role_permissions ON role_permissions.permission_id = permissions.id 
WHERE role_permissions.role_id = $1::UUID
2026-08-04 04:38:55,031 INFO sqlalchemy.engine.Engine [cached since 82.13s ago] (UUID('019fa30c-6dfa-76b9-a1ec-702518695e5a'),)
2026-08-04 04:38:55,033 INFO sqlalchemy.engine.Engine SELECT users.id, users.username, users.password, users.email, users.fullname, users.create_day, users.chat_id, users.is_active, users.token_version, users.role_id, users.level_id, users.tenant_id, users.webphone_enabled, users.sip_extension, users.sip_username, users.sip_password, users.sip_domain, users.sip_ws_server, users.sip_port, users.sip_protocol, users.webphone_api_key, users.webphone_process_id, users.webphone_agent_id, users.call_recording_enabled, users.call_log_enabled, users.meta_data 
FROM users 
WHERE users.id = $1::UUID
2026-08-04 04:38:55,034 INFO sqlalchemy.engine.Engine [cached since 1559s ago] ('019fa30c-7688-7655-9977-81f7710449c0',)
2026-08-04 04:38:55,035 INFO sqlalchemy.engine.Engine SELECT levels.id AS levels_id, levels.name AS levels_name, levels.description AS levels_description, levels.level_order AS levels_level_order 
FROM levels 
WHERE levels.id IN ($1::UUID)
2026-08-04 04:38:55,035 INFO sqlalchemy.engine.Engine [cached since 1559s ago] (UUID('019fa30c-6e16-717f-8c8f-786905fd29ed'),)
2026-08-04 04:38:55,036 INFO sqlalchemy.engine.Engine SELECT levels.id AS levels_id, levels.name AS levels_name, levels.description AS levels_description, levels.level_order AS levels_level_order 
FROM levels 
WHERE levels.id IN ($1::UUID)
2026-08-04 04:38:55,036 INFO sqlalchemy.engine.Engine [cached since 1559s ago] (UUID('019fa30c-6e16-717f-8c8f-786905fd29ed'),)
2026-08-04 04:38:55,037 INFO sqlalchemy.engine.Engine SELECT levels.id AS levels_id, levels.name AS levels_name, levels.description AS levels_description, levels.level_order AS levels_level_order 
FROM levels 
WHERE levels.id IN ($1::UUID)
2026-08-04 04:38:55,037 INFO sqlalchemy.engine.Engine [cached since 1559s ago] (UUID('019fa30c-6e16-717f-8c8f-786905fd29ed'),)
2026-08-04 04:38:55,038 INFO sqlalchemy.engine.Engine SELECT roles.id AS roles_id, roles.name AS roles_name, roles.description AS roles_description, roles.role_order AS roles_role_order, roles.tenant_id AS roles_tenant_id, roles.is_active AS roles_is_active 
FROM roles 
WHERE roles.id IN ($1::UUID)
2026-08-04 04:38:55,039 INFO sqlalchemy.engine.Engine [cached since 1559s ago] (UUID('019fa30c-6dfa-76b9-a1ec-702518695e5a'),)
2026-08-04 04:38:55,039 INFO sqlalchemy.engine.Engine SELECT roles.id AS roles_id, roles.name AS roles_name, roles.description AS roles_description, roles.role_order AS roles_role_order, roles.tenant_id AS roles_tenant_id, roles.is_active AS roles_is_active 
FROM roles 
WHERE roles.id IN ($1::UUID)
2026-08-04 04:38:55,040 INFO sqlalchemy.engine.Engine [cached since 1559s ago] (UUID('019fa30c-6dfa-76b9-a1ec-702518695e5a'),)
2026-08-04 04:38:55,041 INFO sqlalchemy.engine.Engine SELECT max(levels.level_order) AS max_1 
FROM levels
2026-08-04 04:38:55,041 INFO sqlalchemy.engine.Engine [cached since 82.13s ago] ()
2026-08-04 04:38:55,042 INFO sqlalchemy.engine.Engine SELECT roles.id AS roles_id, roles.name AS roles_name, roles.description AS roles_description, roles.role_order AS roles_role_order, roles.tenant_id AS roles_tenant_id, roles.is_active AS roles_is_active 
FROM roles 
WHERE roles.id IN ($1::UUID)
2026-08-04 04:38:55,042 INFO sqlalchemy.engine.Engine [cached since 1559s ago] (UUID('019fa30c-6dfa-76b9-a1ec-702518695e5a'),)
2026-08-04 04:38:55,043 INFO sqlalchemy.engine.Engine SELECT chatwoot_legacy_map.id, chatwoot_legacy_map.resource_type, chatwoot_legacy_map.local_uuid, chatwoot_legacy_map.chatwoot_id, chatwoot_legacy_map.tenant_id, chatwoot_legacy_map.created_at 
FROM chatwoot_legacy_map 
WHERE chatwoot_legacy_map.resource_type = $1 AND chatwoot_legacy_map.local_uuid = $2::UUID
2026-08-04 04:38:55,043 INFO sqlalchemy.engine.Engine [cached since 82.13s ago] ('account', UUID('019fa30c-6ba1-7ebf-923c-5c1e2b5a953c'))
2026-08-04 04:38:55,044 INFO sqlalchemy.engine.Engine SELECT users.is_active 
FROM users 
WHERE users.id = $1::UUID
2026-08-04 04:38:55,044 INFO sqlalchemy.engine.Engine [cached since 82.15s ago] (UUID('019fa30c-7688-7655-9977-81f7710449c0'),)
2026-08-04 04:38:55,055 INFO sqlalchemy.engine.Engine SELECT users.is_active 
FROM users 
WHERE users.id = $1::UUID
2026-08-04 04:38:55,055 INFO sqlalchemy.engine.Engine [cached since 82.16s ago] (UUID('019fa30c-7688-7655-9977-81f7710449c0'),)
2026-08-04 04:38:55,057 INFO sqlalchemy.engine.Engine SELECT users.role_id 
FROM users 
WHERE users.id = $1::UUID
2026-08-04 04:38:55,058 INFO sqlalchemy.engine.Engine [cached since 82.16s ago] (UUID('019fa30c-7688-7655-9977-81f7710449c0'),)
2026-08-04 04:38:55,067 INFO sqlalchemy.engine.Engine SELECT users.role_id 
FROM users 
WHERE users.id = $1::UUID
2026-08-04 04:38:55,068 INFO sqlalchemy.engine.Engine [cached since 82.17s ago] (UUID('019fa30c-7688-7655-9977-81f7710449c0'),)
2026-08-04 04:38:55,069 INFO sqlalchemy.engine.Engine SELECT permissions.name 
FROM permissions JOIN role_permissions ON role_permissions.permission_id = permissions.id 
WHERE role_permissions.role_id = $1::UUID
2026-08-04 04:38:55,069 INFO sqlalchemy.engine.Engine [cached since 82.17s ago] (UUID('019fa30c-6dfa-76b9-a1ec-702518695e5a'),)
2026-08-04 04:38:55,073 INFO sqlalchemy.engine.Engine SELECT permissions.name 
FROM permissions JOIN role_permissions ON role_permissions.permission_id = permissions.id 
WHERE role_permissions.role_id = $1::UUID
2026-08-04 04:38:55,074 INFO sqlalchemy.engine.Engine [cached since 82.18s ago] (UUID('019fa30c-6dfa-76b9-a1ec-702518695e5a'),)
2026-08-04 04:38:55,075 INFO sqlalchemy.engine.Engine SELECT users.id, users.username, users.password, users.email, users.fullname, users.create_day, users.chat_id, users.is_active, users.token_version, users.role_id, users.level_id, users.tenant_id, users.webphone_enabled, users.sip_extension, users.sip_username, users.sip_password, users.sip_domain, users.sip_ws_server, users.sip_port, users.sip_protocol, users.webphone_api_key, users.webphone_process_id, users.webphone_agent_id, users.call_recording_enabled, users.call_log_enabled, users.meta_data 
FROM users 
WHERE users.id = $1::UUID
2026-08-04 04:38:55,076 INFO sqlalchemy.engine.Engine [cached since 1559s ago] ('019fa30c-7688-7655-9977-81f7710449c0',)
2026-08-04 04:38:55,083 INFO sqlalchemy.engine.Engine SELECT users.id, users.username, users.password, users.email, users.fullname, users.create_day, users.chat_id, users.is_active, users.token_version, users.role_id, users.level_id, users.tenant_id, users.webphone_enabled, users.sip_extension, users.sip_username, users.sip_password, users.sip_domain, users.sip_ws_server, users.sip_port, users.sip_protocol, users.webphone_api_key, users.webphone_process_id, users.webphone_agent_id, users.call_recording_enabled, users.call_log_enabled, users.meta_data 
FROM users 
WHERE users.id = $1::UUID
2026-08-04 04:38:55,083 INFO sqlalchemy.engine.Engine [cached since 1559s ago] ('019fa30c-7688-7655-9977-81f7710449c0',)
2026-08-04 04:38:55,085 INFO sqlalchemy.engine.Engine SELECT levels.id AS levels_id, levels.name AS levels_name, levels.description AS levels_description, levels.level_order AS levels_level_order 
FROM levels 
WHERE levels.id IN ($1::UUID)
2026-08-04 04:38:55,085 INFO sqlalchemy.engine.Engine [cached since 1559s ago] (UUID('019fa30c-6e16-717f-8c8f-786905fd29ed'),)
2026-08-04 04:38:55,086 INFO sqlalchemy.engine.Engine SELECT levels.id AS levels_id, levels.name AS levels_name, levels.description AS levels_description, levels.level_order AS levels_level_order 
FROM levels 
WHERE levels.id IN ($1::UUID)
2026-08-04 04:38:55,086 INFO sqlalchemy.engine.Engine [cached since 1559s ago] (UUID('019fa30c-6e16-717f-8c8f-786905fd29ed'),)
2026-08-04 04:38:55,088 INFO sqlalchemy.engine.Engine SELECT roles.id AS roles_id, roles.name AS roles_name, roles.description AS roles_description, roles.role_order AS roles_role_order, roles.tenant_id AS roles_tenant_id, roles.is_active AS roles_is_active 
FROM roles 
WHERE roles.id IN ($1::UUID)
2026-08-04 04:38:55,088 INFO sqlalchemy.engine.Engine [cached since 1559s ago] (UUID('019fa30c-6dfa-76b9-a1ec-702518695e5a'),)
2026-08-04 04:38:55,089 INFO sqlalchemy.engine.Engine SELECT roles.id AS roles_id, roles.name AS roles_name, roles.description AS roles_description, roles.role_order AS roles_role_order, roles.tenant_id AS roles_tenant_id, roles.is_active AS roles_is_active 
FROM roles 
WHERE roles.id IN ($1::UUID)
2026-08-04 04:38:55,090 INFO sqlalchemy.engine.Engine [cached since 1559s ago] (UUID('019fa30c-6dfa-76b9-a1ec-702518695e5a'),)
2026-08-04 04:38:55,091 INFO sqlalchemy.engine.Engine SELECT max(levels.level_order) AS max_1 
FROM levels
2026-08-04 04:38:55,091 INFO sqlalchemy.engine.Engine [cached since 82.18s ago] ()
2026-08-04 04:38:55,094 INFO sqlalchemy.engine.Engine SELECT max(levels.level_order) AS max_1 
FROM levels
2026-08-04 04:38:55,094 INFO sqlalchemy.engine.Engine [cached since 82.19s ago] ()
2026-08-04 04:38:55,095 INFO sqlalchemy.engine.Engine SELECT chatwoot_legacy_map.id, chatwoot_legacy_map.resource_type, chatwoot_legacy_map.local_uuid, chatwoot_legacy_map.chatwoot_id, chatwoot_legacy_map.tenant_id, chatwoot_legacy_map.created_at 
FROM chatwoot_legacy_map 
WHERE chatwoot_legacy_map.resource_type = $1 AND chatwoot_legacy_map.local_uuid = $2::UUID
2026-08-04 04:38:55,095 INFO sqlalchemy.engine.Engine [cached since 82.18s ago] ('account', UUID('019fa30c-6ba1-7ebf-923c-5c1e2b5a953c'))
2026-08-04 04:38:55,214 INFO sqlalchemy.engine.Engine SELECT chatwoot_legacy_map.id, chatwoot_legacy_map.resource_type, chatwoot_legacy_map.local_uuid, chatwoot_legacy_map.chatwoot_id, chatwoot_legacy_map.tenant_id, chatwoot_legacy_map.created_at 
FROM chatwoot_legacy_map 
WHERE chatwoot_legacy_map.resource_type = $1 AND chatwoot_legacy_map.local_uuid = $2::UUID
2026-08-04 04:38:55,214 INFO sqlalchemy.engine.Engine [cached since 82.3s ago] ('account', UUID('019fa30c-6ba1-7ebf-923c-5c1e2b5a953c'))
FdYK9c_oo-xBgHV6AAAC: Received packet MESSAGE data 0
emitting event "connection_established" to 6QK1zlxWOpiYUE6mAAAD [/]
FdYK9c_oo-xBgHV6AAAC: Sending packet MESSAGE data 2["connection_established",{"sid":"6QK1zlxWOpiYUE6mAAAD","message":"Connected. Please authenticate.","timestamp":"2026-08-04T04:38:55.264435+00:00"}]
FdYK9c_oo-xBgHV6AAAC: Sending packet MESSAGE data 0{"sid":"6QK1zlxWOpiYUE6mAAAD"}
FdYK9c_oo-xBgHV6AAAC: Received packet MESSAGE data 2["authenticate",{"token":"eyJhbGciOiJIUzI1NiIsInR5cCI6IkpXVCJ9.eyJ1c2VyX2lkIjoiMDE5ZmEzMGMtNzY4OC03NjU1LTk5NzctODFmNzcxMDQ0OWMwIiwidGVuYW50X2lkIjoiMDE5ZmEzMGMtNmJhMS03ZWJmLTkyM2MtNWMxZTJiNWE5NTNjIiwidG9rZW5fdmVyc2lvbiI6MCwiZXhwIjoxNzg1ODIxODUyLCJ0b2tlbl90eXBlIjoiYWNjZXNzIn0.yMOyLkfNrqOlvCE6xd55he5SKK3l7Z8jcOQHFN3oSmo"}]
received event "authenticate" from 6QK1zlxWOpiYUE6mAAAD [/]
2026-08-04 04:38:55,303 INFO sqlalchemy.engine.Engine BEGIN (implicit)
2026-08-04 04:38:55,303 INFO sqlalchemy.engine.Engine SELECT users.id AS users_id, users.username AS users_username, users.password AS users_password, users.email AS users_email, users.fullname AS users_fullname, users.create_day AS users_create_day, users.chat_id AS users_chat_id, users.is_active AS users_is_active, users.token_version AS users_token_version, users.role_id AS users_role_id, users.level_id AS users_level_id, users.tenant_id AS users_tenant_id, users.webphone_enabled AS users_webphone_enabled, users.sip_extension AS users_sip_extension, users.sip_username AS users_sip_username, users.sip_password AS users_sip_password, users.sip_domain AS users_sip_domain, users.sip_ws_server AS users_sip_ws_server, users.sip_port AS users_sip_port, users.sip_protocol AS users_sip_protocol, users.webphone_api_key AS users_webphone_api_key, users.webphone_process_id AS users_webphone_process_id, users.webphone_agent_id AS users_webphone_agent_id, users.call_recording_enabled AS users_call_recording_enabled, users.call_log_enabled AS users_call_log_enabled, users.meta_data AS users_meta_data 
FROM users 
WHERE users.id = $1::UUID
2026-08-04 04:38:55,303 INFO sqlalchemy.engine.Engine [cached since 82.47s ago] (UUID('019fa30c-7688-7655-9977-81f7710449c0'),)
2026-08-04 04:38:55,304 INFO sqlalchemy.engine.Engine BEGIN (implicit)
2026-08-04 04:38:55,304 INFO sqlalchemy.engine.Engine SELECT users.id AS users_id, users.username AS users_username, users.password AS users_password, users.email AS users_email, users.fullname AS users_fullname, users.create_day AS users_create_day, users.chat_id AS users_chat_id, users.is_active AS users_is_active, users.token_version AS users_token_version, users.role_id AS users_role_id, users.level_id AS users_level_id, users.tenant_id AS users_tenant_id, users.webphone_enabled AS users_webphone_enabled, users.sip_extension AS users_sip_extension, users.sip_username AS users_sip_username, users.sip_password AS users_sip_password, users.sip_domain AS users_sip_domain, users.sip_ws_server AS users_sip_ws_server, users.sip_port AS users_sip_port, users.sip_protocol AS users_sip_protocol, users.webphone_api_key AS users_webphone_api_key, users.webphone_process_id AS users_webphone_process_id, users.webphone_agent_id AS users_webphone_agent_id, users.call_recording_enabled AS users_call_recording_enabled, users.call_log_enabled AS users_call_log_enabled, users.meta_data AS users_meta_data 
FROM users 
WHERE users.id = $1::UUID
2026-08-04 04:38:55,304 INFO sqlalchemy.engine.Engine [cached since 82.47s ago] (UUID('019fa30c-7688-7655-9977-81f7710449c0'),)
2026-08-04 04:38:55,305 INFO sqlalchemy.engine.Engine BEGIN (implicit)
2026-08-04 04:38:55,305 INFO sqlalchemy.engine.Engine SELECT users.id AS users_id, users.username AS users_username, users.password AS users_password, users.email AS users_email, users.fullname AS users_fullname, users.create_day AS users_create_day, users.chat_id AS users_chat_id, users.is_active AS users_is_active, users.token_version AS users_token_version, users.role_id AS users_role_id, users.level_id AS users_level_id, users.tenant_id AS users_tenant_id, users.webphone_enabled AS users_webphone_enabled, users.sip_extension AS users_sip_extension, users.sip_username AS users_sip_username, users.sip_password AS users_sip_password, users.sip_domain AS users_sip_domain, users.sip_ws_server AS users_sip_ws_server, users.sip_port AS users_sip_port, users.sip_protocol AS users_sip_protocol, users.webphone_api_key AS users_webphone_api_key, users.webphone_process_id AS users_webphone_process_id, users.webphone_agent_id AS users_webphone_agent_id, users.call_recording_enabled AS users_call_recording_enabled, users.call_log_enabled AS users_call_log_enabled, users.meta_data AS users_meta_data 
FROM users 
WHERE users.id = $1::UUID
2026-08-04 04:38:55,305 INFO sqlalchemy.engine.Engine [cached since 82.47s ago] (UUID('019fa30c-7688-7655-9977-81f7710449c0'),)
2026-08-04 04:38:55,305 INFO sqlalchemy.engine.Engine BEGIN (implicit)
2026-08-04 04:38:55,306 INFO sqlalchemy.engine.Engine SELECT users.id AS users_id, users.username AS users_username, users.password AS users_password, users.email AS users_email, users.fullname AS users_fullname, users.create_day AS users_create_day, users.chat_id AS users_chat_id, users.is_active AS users_is_active, users.token_version AS users_token_version, users.role_id AS users_role_id, users.level_id AS users_level_id, users.tenant_id AS users_tenant_id, users.webphone_enabled AS users_webphone_enabled, users.sip_extension AS users_sip_extension, users.sip_username AS users_sip_username, users.sip_password AS users_sip_password, users.sip_domain AS users_sip_domain, users.sip_ws_server AS users_sip_ws_server, users.sip_port AS users_sip_port, users.sip_protocol AS users_sip_protocol, users.webphone_api_key AS users_webphone_api_key, users.webphone_process_id AS users_webphone_process_id, users.webphone_agent_id AS users_webphone_agent_id, users.call_recording_enabled AS users_call_recording_enabled, users.call_log_enabled AS users_call_log_enabled, users.meta_data AS users_meta_data 
FROM users 
WHERE users.id = $1::UUID
2026-08-04 04:38:55,306 INFO sqlalchemy.engine.Engine [cached since 82.47s ago] (UUID('019fa30c-7688-7655-9977-81f7710449c0'),)
2026-08-04 04:38:55,313 INFO sqlalchemy.engine.Engine SELECT levels.id AS levels_id, levels.name AS levels_name, levels.description AS levels_description, levels.level_order AS levels_level_order 
FROM levels 
WHERE levels.id IN ($1::UUID)
2026-08-04 04:38:55,313 INFO sqlalchemy.engine.Engine [cached since 1559s ago] (UUID('019fa30c-6e16-717f-8c8f-786905fd29ed'),)
2026-08-04 04:38:55,345 INFO sqlalchemy.engine.Engine SELECT levels.id AS levels_id, levels.name AS levels_name, levels.description AS levels_description, levels.level_order AS levels_level_order 
FROM levels 
WHERE levels.id IN ($1::UUID)
2026-08-04 04:38:55,345 INFO sqlalchemy.engine.Engine [cached since 1559s ago] (UUID('019fa30c-6e16-717f-8c8f-786905fd29ed'),)
2026-08-04 04:38:55,346 INFO sqlalchemy.engine.Engine BEGIN (implicit)
2026-08-04 04:38:55,346 INFO sqlalchemy.engine.Engine SELECT users.id AS users_id, users.username AS users_username, users.password AS users_password, users.email AS users_email, users.fullname AS users_fullname, users.create_day AS users_create_day, users.chat_id AS users_chat_id, users.is_active AS users_is_active, users.token_version AS users_token_version, users.role_id AS users_role_id, users.level_id AS users_level_id, users.tenant_id AS users_tenant_id, users.webphone_enabled AS users_webphone_enabled, users.sip_extension AS users_sip_extension, users.sip_username AS users_sip_username, users.sip_password AS users_sip_password, users.sip_domain AS users_sip_domain, users.sip_ws_server AS users_sip_ws_server, users.sip_port AS users_sip_port, users.sip_protocol AS users_sip_protocol, users.webphone_api_key AS users_webphone_api_key, users.webphone_process_id AS users_webphone_process_id, users.webphone_agent_id AS users_webphone_agent_id, users.call_recording_enabled AS users_call_recording_enabled, users.call_log_enabled AS users_call_log_enabled, users.meta_data AS users_meta_data 
FROM users 
WHERE users.id = $1::UUID
2026-08-04 04:38:55,346 INFO sqlalchemy.engine.Engine [cached since 82.51s ago] (UUID('019fa30c-7688-7655-9977-81f7710449c0'),)
2026-08-04 04:38:55,348 INFO sqlalchemy.engine.Engine SELECT levels.id AS levels_id, levels.name AS levels_name, levels.description AS levels_description, levels.level_order AS levels_level_order 
FROM levels 
WHERE levels.id IN ($1::UUID)
2026-08-04 04:38:55,348 INFO sqlalchemy.engine.Engine [cached since 1559s ago] (UUID('019fa30c-6e16-717f-8c8f-786905fd29ed'),)
2026-08-04 04:38:55,350 INFO sqlalchemy.engine.Engine SELECT roles.id AS roles_id, roles.name AS roles_name, roles.description AS roles_description, roles.role_order AS roles_role_order, roles.tenant_id AS roles_tenant_id, roles.is_active AS roles_is_active 
FROM roles 
WHERE roles.id IN ($1::UUID)
2026-08-04 04:38:55,350 INFO sqlalchemy.engine.Engine [cached since 1559s ago] (UUID('019fa30c-6dfa-76b9-a1ec-702518695e5a'),)
2026-08-04 04:38:55,352 INFO sqlalchemy.engine.Engine SELECT levels.id AS levels_id, levels.name AS levels_name, levels.description AS levels_description, levels.level_order AS levels_level_order 
FROM levels 
WHERE levels.id IN ($1::UUID)
2026-08-04 04:38:55,352 INFO sqlalchemy.engine.Engine [cached since 1559s ago] (UUID('019fa30c-6e16-717f-8c8f-786905fd29ed'),)
2026-08-04 04:38:55,353 INFO sqlalchemy.engine.Engine SELECT roles.id AS roles_id, roles.name AS roles_name, roles.description AS roles_description, roles.role_order AS roles_role_order, roles.tenant_id AS roles_tenant_id, roles.is_active AS roles_is_active 
FROM roles 
WHERE roles.id IN ($1::UUID)
2026-08-04 04:38:55,353 INFO sqlalchemy.engine.Engine [cached since 1559s ago] (UUID('019fa30c-6dfa-76b9-a1ec-702518695e5a'),)
2026-08-04 04:38:55,353 INFO sqlalchemy.engine.Engine BEGIN (implicit)
2026-08-04 04:38:55,354 INFO sqlalchemy.engine.Engine SELECT users.id AS users_id, users.username AS users_username, users.password AS users_password, users.email AS users_email, users.fullname AS users_fullname, users.create_day AS users_create_day, users.chat_id AS users_chat_id, users.is_active AS users_is_active, users.token_version AS users_token_version, users.role_id AS users_role_id, users.level_id AS users_level_id, users.tenant_id AS users_tenant_id, users.webphone_enabled AS users_webphone_enabled, users.sip_extension AS users_sip_extension, users.sip_username AS users_sip_username, users.sip_password AS users_sip_password, users.sip_domain AS users_sip_domain, users.sip_ws_server AS users_sip_ws_server, users.sip_port AS users_sip_port, users.sip_protocol AS users_sip_protocol, users.webphone_api_key AS users_webphone_api_key, users.webphone_process_id AS users_webphone_process_id, users.webphone_agent_id AS users_webphone_agent_id, users.call_recording_enabled AS users_call_recording_enabled, users.call_log_enabled AS users_call_log_enabled, users.meta_data AS users_meta_data 
FROM users 
WHERE users.id = $1::UUID
2026-08-04 04:38:55,354 INFO sqlalchemy.engine.Engine [cached since 82.52s ago] (UUID('019fa30c-7688-7655-9977-81f7710449c0'),)
2026-08-04 04:38:55,358 INFO sqlalchemy.engine.Engine SELECT users.is_active 
FROM users 
WHERE users.id = $1::UUID
2026-08-04 04:38:55,359 INFO sqlalchemy.engine.Engine [cached since 82.47s ago] (UUID('019fa30c-7688-7655-9977-81f7710449c0'),)
2026-08-04 04:38:55,360 INFO sqlalchemy.engine.Engine SELECT roles.id AS roles_id, roles.name AS roles_name, roles.description AS roles_description, roles.role_order AS roles_role_order, roles.tenant_id AS roles_tenant_id, roles.is_active AS roles_is_active 
FROM roles 
WHERE roles.id IN ($1::UUID)
2026-08-04 04:38:55,360 INFO sqlalchemy.engine.Engine [cached since 1559s ago] (UUID('019fa30c-6dfa-76b9-a1ec-702518695e5a'),)
2026-08-04 04:38:55,361 INFO sqlalchemy.engine.Engine SELECT roles.id AS roles_id, roles.name AS roles_name, roles.description AS roles_description, roles.role_order AS roles_role_order, roles.tenant_id AS roles_tenant_id, roles.is_active AS roles_is_active 
FROM roles 
WHERE roles.id IN ($1::UUID)
2026-08-04 04:38:55,361 INFO sqlalchemy.engine.Engine [cached since 1559s ago] (UUID('019fa30c-6dfa-76b9-a1ec-702518695e5a'),)
2026-08-04 04:38:55,362 INFO sqlalchemy.engine.Engine SELECT users.is_active 
FROM users 
WHERE users.id = $1::UUID
2026-08-04 04:38:55,362 INFO sqlalchemy.engine.Engine [cached since 82.47s ago] (UUID('019fa30c-7688-7655-9977-81f7710449c0'),)
2026-08-04 04:38:55,364 INFO sqlalchemy.engine.Engine BEGIN (implicit)
2026-08-04 04:38:55,364 INFO sqlalchemy.engine.Engine SELECT users.id, users.username, users.password, users.email, users.fullname, users.create_day, users.chat_id, users.is_active, users.token_version, users.role_id, users.level_id, users.tenant_id, users.webphone_enabled, users.sip_extension, users.sip_username, users.sip_password, users.sip_domain, users.sip_ws_server, users.sip_port, users.sip_protocol, users.webphone_api_key, users.webphone_process_id, users.webphone_agent_id, users.call_recording_enabled, users.call_log_enabled, users.meta_data 
FROM users 
WHERE users.id = $1::UUID
2026-08-04 04:38:55,364 INFO sqlalchemy.engine.Engine [cached since 1560s ago] (UUID('019fa30c-7688-7655-9977-81f7710449c0'),)
2026-08-04 04:38:55,365 INFO sqlalchemy.engine.Engine SELECT levels.id AS levels_id, levels.name AS levels_name, levels.description AS levels_description, levels.level_order AS levels_level_order 
FROM levels 
WHERE levels.id IN ($1::UUID)
2026-08-04 04:38:55,365 INFO sqlalchemy.engine.Engine [cached since 1560s ago] (UUID('019fa30c-6e16-717f-8c8f-786905fd29ed'),)
2026-08-04 04:38:55,367 INFO sqlalchemy.engine.Engine SELECT users.role_id 
FROM users 
WHERE users.id = $1::UUID
2026-08-04 04:38:55,367 INFO sqlalchemy.engine.Engine [cached since 82.47s ago] (UUID('019fa30c-7688-7655-9977-81f7710449c0'),)
2026-08-04 04:38:55,368 INFO sqlalchemy.engine.Engine SELECT levels.id AS levels_id, levels.name AS levels_name, levels.description AS levels_description, levels.level_order AS levels_level_order 
FROM levels 
WHERE levels.id IN ($1::UUID)
2026-08-04 04:38:55,368 INFO sqlalchemy.engine.Engine [cached since 1560s ago] (UUID('019fa30c-6e16-717f-8c8f-786905fd29ed'),)
2026-08-04 04:38:55,370 INFO sqlalchemy.engine.Engine SELECT users.role_id 
FROM users 
WHERE users.id = $1::UUID
2026-08-04 04:38:55,370 INFO sqlalchemy.engine.Engine [cached since 82.48s ago] (UUID('019fa30c-7688-7655-9977-81f7710449c0'),)
2026-08-04 04:38:55,371 INFO sqlalchemy.engine.Engine SELECT users.is_active 
FROM users 
WHERE users.id = $1::UUID
2026-08-04 04:38:55,372 INFO sqlalchemy.engine.Engine [cached since 82.48s ago] (UUID('019fa30c-7688-7655-9977-81f7710449c0'),)
2026-08-04 04:38:55,372 INFO sqlalchemy.engine.Engine SELECT users.is_active 
FROM users 
WHERE users.id = $1::UUID
2026-08-04 04:38:55,372 INFO sqlalchemy.engine.Engine [cached since 82.48s ago] (UUID('019fa30c-7688-7655-9977-81f7710449c0'),)
2026-08-04 04:38:55,374 INFO sqlalchemy.engine.Engine SELECT roles.id AS roles_id, roles.name AS roles_name, roles.description AS roles_description, roles.role_order AS roles_role_order, roles.tenant_id AS roles_tenant_id, roles.is_active AS roles_is_active 
FROM roles 
WHERE roles.id IN ($1::UUID)
2026-08-04 04:38:55,374 INFO sqlalchemy.engine.Engine [cached since 1560s ago] (UUID('019fa30c-6dfa-76b9-a1ec-702518695e5a'),)
2026-08-04 04:38:55,375 INFO sqlalchemy.engine.Engine SELECT roles.id AS roles_id, roles.name AS roles_name, roles.description AS roles_description, roles.role_order AS roles_role_order, roles.tenant_id AS roles_tenant_id, roles.is_active AS roles_is_active 
FROM roles 
WHERE roles.id IN ($1::UUID)
2026-08-04 04:38:55,375 INFO sqlalchemy.engine.Engine [cached since 1560s ago] (UUID('019fa30c-6dfa-76b9-a1ec-702518695e5a'),)
2026-08-04 04:38:55,378 INFO sqlalchemy.engine.Engine SELECT levels.id AS levels_id, levels.name AS levels_name, levels.description AS levels_description, levels.level_order AS levels_level_order 
FROM levels 
WHERE levels.id IN ($1::UUID)
2026-08-04 04:38:55,378 INFO sqlalchemy.engine.Engine [cached since 1560s ago] (UUID('019fa30c-6e16-717f-8c8f-786905fd29ed'),)
2026-08-04 04:38:55,378 INFO sqlalchemy.engine.Engine SELECT permissions.name 
FROM permissions JOIN role_permissions ON role_permissions.permission_id = permissions.id 
WHERE role_permissions.role_id = $1::UUID
2026-08-04 04:38:55,379 INFO sqlalchemy.engine.Engine [cached since 82.48s ago] (UUID('019fa30c-6dfa-76b9-a1ec-702518695e5a'),)
2026-08-04 04:38:55,380 INFO sqlalchemy.engine.Engine SELECT users.role_id 
FROM users 
WHERE users.id = $1::UUID
2026-08-04 04:38:55,380 INFO sqlalchemy.engine.Engine [cached since 82.49s ago] (UUID('019fa30c-7688-7655-9977-81f7710449c0'),)
2026-08-04 04:38:55,380 INFO sqlalchemy.engine.Engine SELECT users.role_id 
FROM users 
WHERE users.id = $1::UUID
2026-08-04 04:38:55,381 INFO sqlalchemy.engine.Engine [cached since 82.49s ago] (UUID('019fa30c-7688-7655-9977-81f7710449c0'),)
2026-08-04 04:38:55,381 INFO sqlalchemy.engine.Engine SELECT permissions.name 
FROM permissions JOIN role_permissions ON role_permissions.permission_id = permissions.id 
WHERE role_permissions.role_id = $1::UUID
2026-08-04 04:38:55,381 INFO sqlalchemy.engine.Engine [cached since 82.48s ago] (UUID('019fa30c-6dfa-76b9-a1ec-702518695e5a'),)
2026-08-04 04:38:55,383 INFO sqlalchemy.engine.Engine SELECT users.is_active 
FROM users 
WHERE users.id = $1::UUID
2026-08-04 04:38:55,384 INFO sqlalchemy.engine.Engine [cached since 82.49s ago] (UUID('019fa30c-7688-7655-9977-81f7710449c0'),)
2026-08-04 04:38:55,384 INFO sqlalchemy.engine.Engine SELECT users.is_active 
FROM users 
WHERE users.id = $1::UUID
2026-08-04 04:38:55,385 INFO sqlalchemy.engine.Engine [cached since 82.49s ago] (UUID('019fa30c-7688-7655-9977-81f7710449c0'),)
2026-08-04 04:38:55,388 INFO sqlalchemy.engine.Engine SELECT roles.id AS roles_id, roles.name AS roles_name, roles.description AS roles_description, roles.role_order AS roles_role_order, roles.tenant_id AS roles_tenant_id, roles.is_active AS roles_is_active 
FROM roles 
WHERE roles.id IN ($1::UUID)
2026-08-04 04:38:55,388 INFO sqlalchemy.engine.Engine [cached since 1560s ago] (UUID('019fa30c-6dfa-76b9-a1ec-702518695e5a'),)
2026-08-04 04:38:55,388 INFO sqlalchemy.engine.Engine SELECT permissions.name 
FROM permissions JOIN role_permissions ON role_permissions.permission_id = permissions.id 
WHERE role_permissions.role_id = $1::UUID
2026-08-04 04:38:55,389 INFO sqlalchemy.engine.Engine [cached since 82.49s ago] (UUID('019fa30c-6dfa-76b9-a1ec-702518695e5a'),)
2026-08-04 04:38:55,391 INFO sqlalchemy.engine.Engine SELECT users.role_id 
FROM users 
WHERE users.id = $1::UUID
2026-08-04 04:38:55,392 INFO sqlalchemy.engine.Engine [cached since 82.5s ago] (UUID('019fa30c-7688-7655-9977-81f7710449c0'),)
2026-08-04 04:38:55,392 INFO sqlalchemy.engine.Engine SELECT permissions.name 
FROM permissions JOIN role_permissions ON role_permissions.permission_id = permissions.id 
WHERE role_permissions.role_id = $1::UUID
2026-08-04 04:38:55,393 INFO sqlalchemy.engine.Engine [cached since 82.5s ago] (UUID('019fa30c-6dfa-76b9-a1ec-702518695e5a'),)
2026-08-04 04:38:55,394 INFO sqlalchemy.engine.Engine SELECT users.id, users.username, users.password, users.email, users.fullname, users.create_day, users.chat_id, users.is_active, users.token_version, users.role_id, users.level_id, users.tenant_id, users.webphone_enabled, users.sip_extension, users.sip_username, users.sip_password, users.sip_domain, users.sip_ws_server, users.sip_port, users.sip_protocol, users.webphone_api_key, users.webphone_process_id, users.webphone_agent_id, users.call_recording_enabled, users.call_log_enabled, users.meta_data 
FROM users 
WHERE users.id = $1::UUID
2026-08-04 04:38:55,394 INFO sqlalchemy.engine.Engine [cached since 1560s ago] ('019fa30c-7688-7655-9977-81f7710449c0',)
2026-08-04 04:38:55,395 INFO sqlalchemy.engine.Engine SELECT users.id, users.username, users.password, users.email, users.fullname, users.create_day, users.chat_id, users.is_active, users.token_version, users.role_id, users.level_id, users.tenant_id, users.webphone_enabled, users.sip_extension, users.sip_username, users.sip_password, users.sip_domain, users.sip_ws_server, users.sip_port, users.sip_protocol, users.webphone_api_key, users.webphone_process_id, users.webphone_agent_id, users.call_recording_enabled, users.call_log_enabled, users.meta_data 
FROM users 
WHERE users.id = $1::UUID
2026-08-04 04:38:55,395 INFO sqlalchemy.engine.Engine [cached since 1560s ago] ('019fa30c-7688-7655-9977-81f7710449c0',)
2026-08-04 04:38:55,397 INFO sqlalchemy.engine.Engine SELECT users.role_id 
FROM users 
WHERE users.id = $1::UUID
2026-08-04 04:38:55,397 INFO sqlalchemy.engine.Engine [cached since 82.5s ago] (UUID('019fa30c-7688-7655-9977-81f7710449c0'),)
2026-08-04 04:38:55,400 INFO sqlalchemy.engine.Engine ROLLBACK
2026-08-04 04:38:55,401 INFO sqlalchemy.engine.Engine SELECT permissions.name 
FROM permissions JOIN role_permissions ON role_permissions.permission_id = permissions.id 
WHERE role_permissions.role_id = $1::UUID
2026-08-04 04:38:55,402 INFO sqlalchemy.engine.Engine [cached since 82.5s ago] (UUID('019fa30c-6dfa-76b9-a1ec-702518695e5a'),)
2026-08-04 04:38:55,402 INFO sqlalchemy.engine.Engine SELECT levels.id AS levels_id, levels.name AS levels_name, levels.description AS levels_description, levels.level_order AS levels_level_order 
FROM levels 
WHERE levels.id IN ($1::UUID)
2026-08-04 04:38:55,403 INFO sqlalchemy.engine.Engine [cached since 1560s ago] (UUID('019fa30c-6e16-717f-8c8f-786905fd29ed'),)
2026-08-04 04:38:55,405 INFO sqlalchemy.engine.Engine SELECT roles.id AS roles_id, roles.name AS roles_name, roles.description AS roles_description, roles.role_order AS roles_role_order, roles.tenant_id AS roles_tenant_id, roles.is_active AS roles_is_active 
FROM roles 
WHERE roles.id IN ($1::UUID)
2026-08-04 04:38:55,405 INFO sqlalchemy.engine.Engine [cached since 1560s ago] (UUID('019fa30c-6dfa-76b9-a1ec-702518695e5a'),)
2026-08-04 04:38:55,406 INFO sqlalchemy.engine.Engine SELECT permissions.name 
FROM permissions JOIN role_permissions ON role_permissions.permission_id = permissions.id 
WHERE role_permissions.role_id = $1::UUID
2026-08-04 04:38:55,406 INFO sqlalchemy.engine.Engine [cached since 82.51s ago] (UUID('019fa30c-6dfa-76b9-a1ec-702518695e5a'),)
2026-08-04 04:38:55,407 INFO sqlalchemy.engine.Engine SELECT users.id, users.username, users.password, users.email, users.fullname, users.create_day, users.chat_id, users.is_active, users.token_version, users.role_id, users.level_id, users.tenant_id, users.webphone_enabled, users.sip_extension, users.sip_username, users.sip_password, users.sip_domain, users.sip_ws_server, users.sip_port, users.sip_protocol, users.webphone_api_key, users.webphone_process_id, users.webphone_agent_id, users.call_recording_enabled, users.call_log_enabled, users.meta_data 
FROM users 
WHERE users.id = $1::UUID
2026-08-04 04:38:55,407 INFO sqlalchemy.engine.Engine [cached since 1560s ago] ('019fa30c-7688-7655-9977-81f7710449c0',)
2026-08-04 04:38:55,408 INFO sqlalchemy.engine.Engine SELECT levels.id AS levels_id, levels.name AS levels_name, levels.description AS levels_description, levels.level_order AS levels_level_order 
FROM levels 
WHERE levels.id IN ($1::UUID)
2026-08-04 04:38:55,408 INFO sqlalchemy.engine.Engine [cached since 1560s ago] (UUID('019fa30c-6e16-717f-8c8f-786905fd29ed'),)
2026-08-04 04:38:55,412 INFO sqlalchemy.engine.Engine SELECT users.id, users.username, users.password, users.email, users.fullname, users.create_day, users.chat_id, users.is_active, users.token_version, users.role_id, users.level_id, users.tenant_id, users.webphone_enabled, users.sip_extension, users.sip_username, users.sip_password, users.sip_domain, users.sip_ws_server, users.sip_port, users.sip_protocol, users.webphone_api_key, users.webphone_process_id, users.webphone_agent_id, users.call_recording_enabled, users.call_log_enabled, users.meta_data 
FROM users 
WHERE users.id = $1::UUID
2026-08-04 04:38:55,412 INFO sqlalchemy.engine.Engine [cached since 1560s ago] ('019fa30c-7688-7655-9977-81f7710449c0',)
2026-08-04 04:38:55,414 INFO sqlalchemy.engine.Engine SELECT roles.id AS roles_id, roles.name AS roles_name, roles.description AS roles_description, roles.role_order AS roles_role_order, roles.tenant_id AS roles_tenant_id, roles.is_active AS roles_is_active 
FROM roles 
WHERE roles.id IN ($1::UUID)
2026-08-04 04:38:55,414 INFO sqlalchemy.engine.Engine [cached since 1560s ago] (UUID('019fa30c-6dfa-76b9-a1ec-702518695e5a'),)
2026-08-04 04:38:55,415 INFO sqlalchemy.engine.Engine SELECT users.id, users.username, users.password, users.email, users.fullname, users.create_day, users.chat_id, users.is_active, users.token_version, users.role_id, users.level_id, users.tenant_id, users.webphone_enabled, users.sip_extension, users.sip_username, users.sip_password, users.sip_domain, users.sip_ws_server, users.sip_port, users.sip_protocol, users.webphone_api_key, users.webphone_process_id, users.webphone_agent_id, users.call_recording_enabled, users.call_log_enabled, users.meta_data 
FROM users 
WHERE users.id = $1::UUID
2026-08-04 04:38:55,415 INFO sqlalchemy.engine.Engine [cached since 1560s ago] ('019fa30c-7688-7655-9977-81f7710449c0',)
6QK1zlxWOpiYUE6mAAAD is entering room user:019fa30c-7688-7655-9977-81f7710449c0 [/]
6QK1zlxWOpiYUE6mAAAD is entering room tenant:019fa30c-6ba1-7ebf-923c-5c1e2b5a953c [/]
emitting event "authenticated" to 6QK1zlxWOpiYUE6mAAAD [/]
2026-08-04 04:38:55,418 INFO sqlalchemy.engine.Engine SELECT levels.id AS levels_id, levels.name AS levels_name, levels.description AS levels_description, levels.level_order AS levels_level_order 
FROM levels 
WHERE levels.id IN ($1::UUID)
2026-08-04 04:38:55,418 INFO sqlalchemy.engine.Engine [cached since 1560s ago] (UUID('019fa30c-6e16-717f-8c8f-786905fd29ed'),)
FdYK9c_oo-xBgHV6AAAC: Sending packet MESSAGE data 2["authenticated",{"message":"Successfully authenticated","user_id":"019fa30c-7688-7655-9977-81f7710449c0","username":"admin","timestamp":"2026-08-04T04:38:55.417105+00:00"}]
2026-08-04 04:38:55,420 INFO sqlalchemy.engine.Engine SELECT levels.id AS levels_id, levels.name AS levels_name, levels.description AS levels_description, levels.level_order AS levels_level_order 
FROM levels 
WHERE levels.id IN ($1::UUID)
2026-08-04 04:38:55,420 INFO sqlalchemy.engine.Engine [cached since 1560s ago] (UUID('019fa30c-6e16-717f-8c8f-786905fd29ed'),)
2026-08-04 04:38:55,421 INFO sqlalchemy.engine.Engine SELECT roles.id AS roles_id, roles.name AS roles_name, roles.description AS roles_description, roles.role_order AS roles_role_order, roles.tenant_id AS roles_tenant_id, roles.is_active AS roles_is_active 
FROM roles 
WHERE roles.id IN ($1::UUID)
2026-08-04 04:38:55,421 INFO sqlalchemy.engine.Engine [cached since 1560s ago] (UUID('019fa30c-6dfa-76b9-a1ec-702518695e5a'),)
2026-08-04 04:38:55,422 INFO sqlalchemy.engine.Engine SELECT max(levels.level_order) AS max_1 
FROM levels
2026-08-04 04:38:55,422 INFO sqlalchemy.engine.Engine [cached since 82.51s ago] ()
2026-08-04 04:38:55,423 INFO sqlalchemy.engine.Engine SELECT users.id, users.username, users.password, users.email, users.fullname, users.create_day, users.chat_id, users.is_active, users.token_version, users.role_id, users.level_id, users.tenant_id, users.webphone_enabled, users.sip_extension, users.sip_username, users.sip_password, users.sip_domain, users.sip_ws_server, users.sip_port, users.sip_protocol, users.webphone_api_key, users.webphone_process_id, users.webphone_agent_id, users.call_recording_enabled, users.call_log_enabled, users.meta_data 
FROM users 
WHERE users.id = $1::UUID
2026-08-04 04:38:55,423 INFO sqlalchemy.engine.Engine [cached since 1560s ago] ('019fa30c-7688-7655-9977-81f7710449c0',)
2026-08-04 04:38:55,425 INFO sqlalchemy.engine.Engine SELECT roles.id AS roles_id, roles.name AS roles_name, roles.description AS roles_description, roles.role_order AS roles_role_order, roles.tenant_id AS roles_tenant_id, roles.is_active AS roles_is_active 
FROM roles 
WHERE roles.id IN ($1::UUID)
2026-08-04 04:38:55,426 INFO sqlalchemy.engine.Engine [cached since 1560s ago] (UUID('019fa30c-6dfa-76b9-a1ec-702518695e5a'),)
2026-08-04 04:38:55,426 INFO sqlalchemy.engine.Engine SELECT max(levels.level_order) AS max_1 
FROM levels
2026-08-04 04:38:55,427 INFO sqlalchemy.engine.Engine [cached since 82.52s ago] ()
2026-08-04 04:38:55,428 INFO sqlalchemy.engine.Engine BEGIN (implicit)
2026-08-04 04:38:55,428 INFO sqlalchemy.engine.Engine SELECT notifications.id, notifications.title, notifications.message, notifications.type, notifications.user_id, notifications.tenant_id, notifications.is_read, notifications.read_at, notifications.delivered, notifications.delivered_at, notifications.created_at, notifications.expires_at, notifications.data, notifications.sender_id 
FROM notifications 
WHERE notifications.user_id = $1::UUID AND notifications.delivered = $2::INTEGER AND (notifications.expires_at IS NULL OR notifications.expires_at > $3::TIMESTAMP WITH TIME ZONE) ORDER BY notifications.created_at ASC 
 LIMIT $4::INTEGER
2026-08-04 04:38:55,429 INFO sqlalchemy.engine.Engine [cached since 1560s ago] (UUID('019fa30c-7688-7655-9977-81f7710449c0'), 0, datetime.datetime(2026, 8, 4, 4, 38, 55, 427810, tzinfo=datetime.timezone.utc), 50)
2026-08-04 04:38:55,429 INFO sqlalchemy.engine.Engine SELECT max(levels.level_order) AS max_1 
FROM levels
2026-08-04 04:38:55,429 INFO sqlalchemy.engine.Engine [cached since 82.52s ago] ()
2026-08-04 04:38:55,431 INFO sqlalchemy.engine.Engine SELECT levels.id AS levels_id, levels.name AS levels_name, levels.description AS levels_description, levels.level_order AS levels_level_order 
FROM levels 
WHERE levels.id IN ($1::UUID)
2026-08-04 04:38:55,431 INFO sqlalchemy.engine.Engine [cached since 1560s ago] (UUID('019fa30c-6e16-717f-8c8f-786905fd29ed'),)
2026-08-04 04:38:55,433 INFO sqlalchemy.engine.Engine SELECT max(levels.level_order) AS max_1 
FROM levels
2026-08-04 04:38:55,433 INFO sqlalchemy.engine.Engine [cached since 82.52s ago] ()
2026-08-04 04:38:55,435 INFO sqlalchemy.engine.Engine SELECT chatwoot_legacy_map.id, chatwoot_legacy_map.resource_type, chatwoot_legacy_map.local_uuid, chatwoot_legacy_map.chatwoot_id, chatwoot_legacy_map.tenant_id, chatwoot_legacy_map.created_at 
FROM chatwoot_legacy_map 
WHERE chatwoot_legacy_map.resource_type = $1 AND chatwoot_legacy_map.local_uuid = $2::UUID
2026-08-04 04:38:55,435 INFO sqlalchemy.engine.Engine [cached since 82.52s ago] ('account', UUID('019fa30c-6ba1-7ebf-923c-5c1e2b5a953c'))
2026-08-04 04:38:55,436 INFO sqlalchemy.engine.Engine SELECT chatwoot_legacy_map.id, chatwoot_legacy_map.resource_type, chatwoot_legacy_map.local_uuid, chatwoot_legacy_map.chatwoot_id, chatwoot_legacy_map.tenant_id, chatwoot_legacy_map.created_at 
FROM chatwoot_legacy_map 
WHERE chatwoot_legacy_map.resource_type = $1 AND chatwoot_legacy_map.local_uuid = $2::UUID
2026-08-04 04:38:55,436 INFO sqlalchemy.engine.Engine [cached since 82.52s ago] ('account', UUID('019fa30c-6ba1-7ebf-923c-5c1e2b5a953c'))
2026-08-04 04:38:55,437 INFO sqlalchemy.engine.Engine SELECT levels.id AS levels_id, levels.name AS levels_name, levels.description AS levels_description, levels.level_order AS levels_level_order 
FROM levels 
WHERE levels.id IN ($1::UUID)
2026-08-04 04:38:55,437 INFO sqlalchemy.engine.Engine [cached since 1560s ago] (UUID('019fa30c-6e16-717f-8c8f-786905fd29ed'),)
2026-08-04 04:38:55,438 INFO sqlalchemy.engine.Engine SELECT roles.id AS roles_id, roles.name AS roles_name, roles.description AS roles_description, roles.role_order AS roles_role_order, roles.tenant_id AS roles_tenant_id, roles.is_active AS roles_is_active 
FROM roles 
WHERE roles.id IN ($1::UUID)
2026-08-04 04:38:55,438 INFO sqlalchemy.engine.Engine [cached since 1560s ago] (UUID('019fa30c-6dfa-76b9-a1ec-702518695e5a'),)
2026-08-04 04:38:55,440 INFO sqlalchemy.engine.Engine SELECT chatwoot_legacy_map.id, chatwoot_legacy_map.resource_type, chatwoot_legacy_map.local_uuid, chatwoot_legacy_map.chatwoot_id, chatwoot_legacy_map.tenant_id, chatwoot_legacy_map.created_at 
FROM chatwoot_legacy_map 
WHERE chatwoot_legacy_map.resource_type = $1 AND chatwoot_legacy_map.local_uuid = $2::UUID
2026-08-04 04:38:55,440 INFO sqlalchemy.engine.Engine [cached since 82.53s ago] ('account', UUID('019fa30c-6ba1-7ebf-923c-5c1e2b5a953c'))
2026-08-04 04:38:55,441 INFO sqlalchemy.engine.Engine SELECT roles.id AS roles_id, roles.name AS roles_name, roles.description AS roles_description, roles.role_order AS roles_role_order, roles.tenant_id AS roles_tenant_id, roles.is_active AS roles_is_active 
FROM roles 
WHERE roles.id IN ($1::UUID)
2026-08-04 04:38:55,441 INFO sqlalchemy.engine.Engine [cached since 1560s ago] (UUID('019fa30c-6dfa-76b9-a1ec-702518695e5a'),)
2026-08-04 04:38:55,442 INFO sqlalchemy.engine.Engine SELECT max(levels.level_order) AS max_1 
FROM levels
2026-08-04 04:38:55,443 INFO sqlalchemy.engine.Engine [cached since 82.53s ago] ()
2026-08-04 04:38:55,446 INFO sqlalchemy.engine.Engine SELECT chatwoot_legacy_map.id, chatwoot_legacy_map.resource_type, chatwoot_legacy_map.local_uuid, chatwoot_legacy_map.chatwoot_id, chatwoot_legacy_map.tenant_id, chatwoot_legacy_map.created_at 
FROM chatwoot_legacy_map 
WHERE chatwoot_legacy_map.resource_type = $1 AND chatwoot_legacy_map.local_uuid = $2::UUID
2026-08-04 04:38:55,447 INFO sqlalchemy.engine.Engine [cached since 82.53s ago] ('account', UUID('019fa30c-6ba1-7ebf-923c-5c1e2b5a953c'))
2026-08-04 04:38:55,452 INFO sqlalchemy.engine.Engine SELECT max(levels.level_order) AS max_1 
FROM levels
2026-08-04 04:38:55,452 INFO sqlalchemy.engine.Engine [cached since 82.54s ago] ()
2026-08-04 04:38:55,493 INFO sqlalchemy.engine.Engine SELECT chatwoot_legacy_map.id, chatwoot_legacy_map.resource_type, chatwoot_legacy_map.local_uuid, chatwoot_legacy_map.chatwoot_id, chatwoot_legacy_map.tenant_id, chatwoot_legacy_map.created_at 
FROM chatwoot_legacy_map 
WHERE chatwoot_legacy_map.resource_type = $1 AND chatwoot_legacy_map.local_uuid = $2::UUID
2026-08-04 04:38:55,493 INFO sqlalchemy.engine.Engine [cached since 82.58s ago] ('account', UUID('019fa30c-6ba1-7ebf-923c-5c1e2b5a953c'))
2026-08-04 04:38:55,495 INFO sqlalchemy.engine.Engine SELECT chatwoot_legacy_map.id, chatwoot_legacy_map.resource_type, chatwoot_legacy_map.local_uuid, chatwoot_legacy_map.chatwoot_id, chatwoot_legacy_map.tenant_id, chatwoot_legacy_map.created_at 
FROM chatwoot_legacy_map 
WHERE chatwoot_legacy_map.resource_type = $1 AND chatwoot_legacy_map.local_uuid = $2::UUID
2026-08-04 04:38:55,495 INFO sqlalchemy.engine.Engine [cached since 82.58s ago] ('account', UUID('019fa30c-6ba1-7ebf-923c-5c1e2b5a953c'))
2026-08-04 04:38:55,518 INFO sqlalchemy.engine.Engine ROLLBACK
2026-08-04 04:38:55,557 INFO sqlalchemy.engine.Engine SELECT chatwoot_legacy_map.chatwoot_id, chatwoot_legacy_map.local_uuid 
FROM chatwoot_legacy_map 
WHERE chatwoot_legacy_map.resource_type = $1 AND chatwoot_legacy_map.tenant_id = $2::UUID
2026-08-04 04:38:55,557 INFO sqlalchemy.engine.Engine [cached since 82.45s ago] ('agent', UUID('019fa30c-6ba1-7ebf-923c-5c1e2b5a953c'))
2026-08-04 04:38:55,563 INFO sqlalchemy.engine.Engine ROLLBACK
2026-08-04 04:38:55,565 INFO sqlalchemy.engine.Engine SELECT chatwoot_legacy_map.chatwoot_id, chatwoot_legacy_map.local_uuid 
FROM chatwoot_legacy_map 
WHERE chatwoot_legacy_map.resource_type = $1 AND chatwoot_legacy_map.tenant_id = $2::UUID
2026-08-04 04:38:55,565 INFO sqlalchemy.engine.Engine [cached since 82.45s ago] ('agent', UUID('019fa30c-6ba1-7ebf-923c-5c1e2b5a953c'))
INFO:     222.252.26.190:0 - "GET /api/v1/messaging/tenants/019fa30c-6ba1-7ebf-923c-5c1e2b5a953c/conversations?status=open&sort_by=last_activity_at_desc&page=1 HTTP/1.1" 200 OK
2026-08-04 04:38:55,568 INFO sqlalchemy.engine.Engine ROLLBACK
INFO:     222.252.26.190:0 - "GET /api/v1/messaging/tenants/019fa30c-6ba1-7ebf-923c-5c1e2b5a953c/conversations/60/messages HTTP/1.1" 200 OK
2026-08-04 04:38:55,594 INFO sqlalchemy.engine.Engine SELECT users.id, users.username, users.password, users.email, users.fullname, users.create_day, users.chat_id, users.is_active, users.token_version, users.role_id, users.level_id, users.tenant_id, users.webphone_enabled, users.sip_extension, users.sip_username, users.sip_password, users.sip_domain, users.sip_ws_server, users.sip_port, users.sip_protocol, users.webphone_api_key, users.webphone_process_id, users.webphone_agent_id, users.call_recording_enabled, users.call_log_enabled, users.meta_data 
FROM users 
WHERE users.id = $1::UUID
2026-08-04 04:38:55,595 INFO sqlalchemy.engine.Engine [cached since 1560s ago] ('019fa30c-7688-7655-9977-81f7710449c0',)
2026-08-04 04:38:55,596 INFO sqlalchemy.engine.Engine SELECT levels.id AS levels_id, levels.name AS levels_name, levels.description AS levels_description, levels.level_order AS levels_level_order 
FROM levels 
WHERE levels.id IN ($1::UUID)
2026-08-04 04:38:55,597 INFO sqlalchemy.engine.Engine [cached since 1560s ago] (UUID('019fa30c-6e16-717f-8c8f-786905fd29ed'),)
2026-08-04 04:38:55,598 INFO sqlalchemy.engine.Engine SELECT roles.id AS roles_id, roles.name AS roles_name, roles.description AS roles_description, roles.role_order AS roles_role_order, roles.tenant_id AS roles_tenant_id, roles.is_active AS roles_is_active 
FROM roles 
WHERE roles.id IN ($1::UUID)
2026-08-04 04:38:55,598 INFO sqlalchemy.engine.Engine [cached since 1560s ago] (UUID('019fa30c-6dfa-76b9-a1ec-702518695e5a'),)
2026-08-04 04:38:55,600 INFO sqlalchemy.engine.Engine INSERT INTO logs (id, user_name, action, create_time, data, user_id, tenant_id) VALUES ($1::UUID, $2::VARCHAR, $3::VARCHAR, $4::TIMESTAMP WITH TIME ZONE, $5::VARCHAR, $6::UUID, $7::UUID)
2026-08-04 04:38:55,600 INFO sqlalchemy.engine.Engine [cached since 79.68s ago] (UUID('019fcb11-4970-72e6-89e9-cca6e2a16af3'), 'admin', 'getChatwootCustomFilters', datetime.datetime(2026, 8, 4, 4, 38, 55, 599598, tzinfo=datetime.timezone.utc), '{"ip": "222.252.26.190", "user_agent": "Mozilla/5.0 (Windows NT 10.0; Win64; x64) AppleWebKit/537.36 (KHTML, like Gecko) Chrome/151.0.0.0 Safari/537.36", "method": "GET", "query_params": {}}', UUID('019fa30c-7688-7655-9977-81f7710449c0'), None)
2026-08-04 04:38:55,602 INFO sqlalchemy.engine.Engine COMMIT
INFO:     222.252.26.190:0 - "GET /api/v1/messaging/accounts/019fa30c-6ba1-7ebf-923c-5c1e2b5a953c/custom_filters HTTP/1.1" 200 OK
2026-08-04 04:38:55,689 INFO sqlalchemy.engine.Engine ROLLBACK
INFO:     222.252.26.190:0 - "GET /api/v1/messaging/tenants/019fa30c-6ba1-7ebf-923c-5c1e2b5a953c/inboxes HTTP/1.1" 200 OK
2026-08-04 04:38:55,742 INFO sqlalchemy.engine.Engine SELECT chatwoot_legacy_map.id, chatwoot_legacy_map.resource_type, chatwoot_legacy_map.local_uuid, chatwoot_legacy_map.chatwoot_id, chatwoot_legacy_map.tenant_id, chatwoot_legacy_map.created_at 
FROM chatwoot_legacy_map 
WHERE chatwoot_legacy_map.resource_type = $1 AND chatwoot_legacy_map.tenant_id = $2::UUID AND chatwoot_legacy_map.chatwoot_id = $3::INTEGER
2026-08-04 04:38:55,743 INFO sqlalchemy.engine.Engine [generated in 0.00056s] ('agent', UUID('019fa30c-6ba1-7ebf-923c-5c1e2b5a953c'), 2)
2026-08-04 04:38:55,745 INFO sqlalchemy.engine.Engine SELECT chatwoot_legacy_map.chatwoot_id, chatwoot_legacy_map.local_uuid 
FROM chatwoot_legacy_map 
WHERE chatwoot_legacy_map.resource_type = $1 AND chatwoot_legacy_map.tenant_id = $2::UUID
2026-08-04 04:38:55,746 INFO sqlalchemy.engine.Engine [cached since 82.64s ago] ('agent', UUID('019fa30c-6ba1-7ebf-923c-5c1e2b5a953c'))
2026-08-04 04:38:55,747 INFO sqlalchemy.engine.Engine SELECT chatwoot_legacy_map.id, chatwoot_legacy_map.resource_type, chatwoot_legacy_map.local_uuid, chatwoot_legacy_map.chatwoot_id, chatwoot_legacy_map.tenant_id, chatwoot_legacy_map.created_at 
FROM chatwoot_legacy_map 
WHERE chatwoot_legacy_map.resource_type = $1 AND chatwoot_legacy_map.tenant_id = $2::UUID AND chatwoot_legacy_map.chatwoot_id = $3::INTEGER
2026-08-04 04:38:55,747 INFO sqlalchemy.engine.Engine [cached since 0.004715s ago] ('agent', UUID('019fa30c-6ba1-7ebf-923c-5c1e2b5a953c'), 1)
2026-08-04 04:38:55,749 INFO sqlalchemy.engine.Engine ROLLBACK
2026-08-04 04:38:55,750 INFO sqlalchemy.engine.Engine COMMIT
INFO:     222.252.26.190:0 - "POST /api/v1/messaging/tenants/019fa30c-6ba1-7ebf-923c-5c1e2b5a953c/conversations/60/update_last_seen HTTP/1.1" 200 OK
INFO:     222.252.26.190:0 - "GET /api/v1/messaging/tenants/019fa30c-6ba1-7ebf-923c-5c1e2b5a953c/agents HTTP/1.1" 200 OK
2026-08-04 04:38:55,784 INFO sqlalchemy.engine.Engine ROLLBACK
INFO:     222.252.26.190:0 - "GET /api/v1/messaging/tenants/019fa30c-6ba1-7ebf-923c-5c1e2b5a953c/labels HTTP/1.1" 200 OK
2026-08-04 04:38:55,857 INFO sqlalchemy.engine.Engine SELECT chatwoot_legacy_map.chatwoot_id, chatwoot_legacy_map.local_uuid 
FROM chatwoot_legacy_map 
WHERE chatwoot_legacy_map.resource_type = $1 AND chatwoot_legacy_map.tenant_id = $2::UUID
2026-08-04 04:38:55,857 INFO sqlalchemy.engine.Engine [cached since 82.75s ago] ('agent', UUID('019fa30c-6ba1-7ebf-923c-5c1e2b5a953c'))
2026-08-04 04:38:55,865 INFO sqlalchemy.engine.Engine ROLLBACK
INFO:     222.252.26.190:0 - "GET /api/v1/messaging/tenants/019fa30c-6ba1-7ebf-923c-5c1e2b5a953c/conversations?status=open&assignee_type=all&sort_by=last_activity_at_desc&conversation_type=me&page=1 HTTP/1.1" 200 OK
2026-08-04 04:38:55,922 INFO sqlalchemy.engine.Engine SELECT chatwoot_legacy_map.id, chatwoot_legacy_map.resource_type, chatwoot_legacy_map.local_uuid, chatwoot_legacy_map.chatwoot_id, chatwoot_legacy_map.tenant_id, chatwoot_legacy_map.created_at 
FROM chatwoot_legacy_map 
WHERE chatwoot_legacy_map.resource_type = $1 AND chatwoot_legacy_map.tenant_id = $2::UUID AND chatwoot_legacy_map.chatwoot_id = $3::INTEGER
2026-08-04 04:38:55,923 INFO sqlalchemy.engine.Engine [cached since 0.1806s ago] ('team', UUID('019fa30c-6ba1-7ebf-923c-5c1e2b5a953c'), 9)
2026-08-04 04:38:55,926 INFO sqlalchemy.engine.Engine COMMIT
INFO:     222.252.26.190:0 - "GET /api/v1/messaging/tenants/019fa30c-6ba1-7ebf-923c-5c1e2b5a953c/teams HTTP/1.1" 200 OK
FdYK9c_oo-xBgHV6AAAC: Sending packet PING data None
FdYK9c_oo-xBgHV6AAAC: Received packet PONG data 
FdYK9c_oo-xBgHV6AAAC: Sending packet PING data None
FdYK9c_oo-xBgHV6AAAC: Received packet PONG data 
WARNING:  Invalid HTTP request received.
WARNING:  Invalid HTTP request received.
WARNING:  Invalid HTTP request received.
FdYK9c_oo-xBgHV6AAAC: Sending packet PING data None
FdYK9c_oo-xBgHV6AAAC: Received packet PONG data 
FdYK9c_oo-xBgHV6AAAC: Sending packet PING data None
FdYK9c_oo-xBgHV6AAAC: Received packet PONG data 
FdYK9c_oo-xBgHV6AAAC: Sending packet PING data None
FdYK9c_oo-xBgHV6AAAC: Received packet PONG data 
FdYK9c_oo-xBgHV6AAAC: Sending packet PING data None
FdYK9c_oo-xBgHV6AAAC: Received packet PONG data 
FdYK9c_oo-xBgHV6AAAC: Sending packet PING data None
FdYK9c_oo-xBgHV6AAAC: Received packet PONG data 
FdYK9c_oo-xBgHV6AAAC: Sending packet PING data None
FdYK9c_oo-xBgHV6AAAC: Received packet PONG data 
FdYK9c_oo-xBgHV6AAAC: Sending packet PING data None
FdYK9c_oo-xBgHV6AAAC: Received packet PONG data 
FdYK9c_oo-xBgHV6AAAC: Sending packet PING data None
FdYK9c_oo-xBgHV6AAAC: Received packet PONG data 
WARNING:  WatchFiles detected changes in 'main.py'. Reloading...
INFO:     Shutting down
INFO:     connection closed
INFO:     Waiting for application shutdown.
INFO:     Application shutdown complete.
INFO:     Finished server process [2962335]
Server initialized for asgi.
INFO:     Started server process [2970599]
INFO:     Waiting for application startup.
INFO:     Application startup complete.
WroHc23u8YoMVCl0AAAA: Sending packet OPEN data {'sid': 'WroHc23u8YoMVCl0AAAA', 'upgrades': [], 'pingTimeout': 60000, 'pingInterval': 25000}
WroHc23u8YoMVCl0AAAA: Received request to upgrade to websocket
INFO:     ('222.252.26.190', 0) - "WebSocket /socket.io/?EIO=4&transport=websocket" [accepted]
WroHc23u8YoMVCl0AAAA: Upgrade to websocket successful
INFO:     connection open
WroHc23u8YoMVCl0AAAA: Received packet MESSAGE data 0
emitting event "connection_established" to rdWIVxT0enIZpxRoAAAB [/]
WroHc23u8YoMVCl0AAAA: Sending packet MESSAGE data 2["connection_established",{"sid":"rdWIVxT0enIZpxRoAAAB","message":"Connected. Please authenticate.","timestamp":"2026-08-04T04:43:07.839038+00:00"}]
WroHc23u8YoMVCl0AAAA: Sending packet MESSAGE data 0{"sid":"rdWIVxT0enIZpxRoAAAB"}
WroHc23u8YoMVCl0AAAA: Received packet MESSAGE data 2["authenticate",{"token":"eyJhbGciOiJIUzI1NiIsInR5cCI6IkpXVCJ9.eyJ1c2VyX2lkIjoiMDE5ZmEzMGMtNzY4OC03NjU1LTk5NzctODFmNzcxMDQ0OWMwIiwidGVuYW50X2lkIjoiMDE5ZmEzMGMtNmJhMS03ZWJmLTkyM2MtNWMxZTJiNWE5NTNjIiwidG9rZW5fdmVyc2lvbiI6MCwiZXhwIjoxNzg1ODIxODUyLCJ0b2tlbl90eXBlIjoiYWNjZXNzIn0.yMOyLkfNrqOlvCE6xd55he5SKK3l7Z8jcOQHFN3oSmo"}]
received event "authenticate" from rdWIVxT0enIZpxRoAAAB [/]
2026-08-04 04:43:07,917 INFO sqlalchemy.engine.Engine select pg_catalog.version()
2026-08-04 04:43:07,917 INFO sqlalchemy.engine.Engine [raw sql] ()
2026-08-04 04:43:07,919 INFO sqlalchemy.engine.Engine select current_schema()
2026-08-04 04:43:07,919 INFO sqlalchemy.engine.Engine [raw sql] ()
2026-08-04 04:43:07,921 INFO sqlalchemy.engine.Engine show standard_conforming_strings
2026-08-04 04:43:07,921 INFO sqlalchemy.engine.Engine [raw sql] ()
2026-08-04 04:43:07,924 INFO sqlalchemy.engine.Engine BEGIN (implicit)
2026-08-04 04:43:08,081 INFO sqlalchemy.engine.Engine SELECT users.id, users.username, users.password, users.email, users.fullname, users.create_day, users.chat_id, users.is_active, users.token_version, users.role_id, users.level_id, users.tenant_id, users.webphone_enabled, users.sip_extension, users.sip_username, users.sip_password, users.sip_domain, users.sip_ws_server, users.sip_port, users.sip_protocol, users.webphone_api_key, users.webphone_process_id, users.webphone_agent_id, users.call_recording_enabled, users.call_log_enabled, users.meta_data 
FROM users 
WHERE users.id = $1::UUID
2026-08-04 04:43:08,081 INFO sqlalchemy.engine.Engine [generated in 0.00030s] (UUID('019fa30c-7688-7655-9977-81f7710449c0'),)
2026-08-04 04:43:08,086 INFO sqlalchemy.engine.Engine SELECT levels.id AS levels_id, levels.name AS levels_name, levels.description AS levels_description, levels.level_order AS levels_level_order 
FROM levels 
WHERE levels.id IN ($1::UUID)
2026-08-04 04:43:08,086 INFO sqlalchemy.engine.Engine [generated in 0.00027s] (UUID('019fa30c-6e16-717f-8c8f-786905fd29ed'),)
2026-08-04 04:43:08,090 INFO sqlalchemy.engine.Engine SELECT roles.id AS roles_id, roles.name AS roles_name, roles.description AS roles_description, roles.role_order AS roles_role_order, roles.tenant_id AS roles_tenant_id, roles.is_active AS roles_is_active 
FROM roles 
WHERE roles.id IN ($1::UUID)
2026-08-04 04:43:08,090 INFO sqlalchemy.engine.Engine [generated in 0.00023s] (UUID('019fa30c-6dfa-76b9-a1ec-702518695e5a'),)
2026-08-04 04:43:08,092 INFO sqlalchemy.engine.Engine ROLLBACK
rdWIVxT0enIZpxRoAAAB is entering room user:019fa30c-7688-7655-9977-81f7710449c0 [/]
rdWIVxT0enIZpxRoAAAB is entering room tenant:019fa30c-6ba1-7ebf-923c-5c1e2b5a953c [/]
emitting event "authenticated" to rdWIVxT0enIZpxRoAAAB [/]
WroHc23u8YoMVCl0AAAA: Sending packet MESSAGE data 2["authenticated",{"message":"Successfully authenticated","user_id":"019fa30c-7688-7655-9977-81f7710449c0","username":"admin","timestamp":"2026-08-04T04:43:08.092991+00:00"}]
2026-08-04 04:43:08,094 INFO sqlalchemy.engine.Engine BEGIN (implicit)
2026-08-04 04:43:08,097 INFO sqlalchemy.engine.Engine SELECT notifications.id, notifications.title, notifications.message, notifications.type, notifications.user_id, notifications.tenant_id, notifications.is_read, notifications.read_at, notifications.delivered, notifications.delivered_at, notifications.created_at, notifications.expires_at, notifications.data, notifications.sender_id 
FROM notifications 
WHERE notifications.user_id = $1::UUID AND notifications.delivered = $2::INTEGER AND (notifications.expires_at IS NULL OR notifications.expires_at > $3::TIMESTAMP WITH TIME ZONE) ORDER BY notifications.created_at ASC 
 LIMIT $4::INTEGER
2026-08-04 04:43:08,097 INFO sqlalchemy.engine.Engine [generated in 0.00021s] (UUID('019fa30c-7688-7655-9977-81f7710449c0'), 0, datetime.datetime(2026, 8, 4, 4, 43, 8, 93845, tzinfo=datetime.timezone.utc), 50)
2026-08-04 04:43:08,109 INFO sqlalchemy.engine.Engine ROLLBACK
WroHc23u8YoMVCl0AAAA: Sending packet PING data None
WroHc23u8YoMVCl0AAAA: Received packet PONG data 
WroHc23u8YoMVCl0AAAA: Sending packet PING data None
WroHc23u8YoMVCl0AAAA: Received packet PONG data 
service task canceled
WroHc23u8YoMVCl0AAAA: Sending packet PING data None
WroHc23u8YoMVCl0AAAA: Received packet PONG data 
WroHc23u8YoMVCl0AAAA: Sending packet PING data None
WroHc23u8YoMVCl0AAAA: Received packet PONG data 
WroHc23u8YoMVCl0AAAA: Sending packet PING data None
WroHc23u8YoMVCl0AAAA: Received packet PONG data 
WroHc23u8YoMVCl0AAAA: Sending packet PING data None
WroHc23u8YoMVCl0AAAA: Received packet PONG data 
WARNING:  Invalid HTTP request received.
WARNING:  Invalid HTTP request received.
WARNING:  Invalid HTTP request received.
WroHc23u8YoMVCl0AAAA: Sending packet PING data None
WroHc23u8YoMVCl0AAAA: Received packet PONG data 
WroHc23u8YoMVCl0AAAA: Sending packet PING data None
WroHc23u8YoMVCl0AAAA: Received packet PONG data 
WroHc23u8YoMVCl0AAAA: Sending packet PING data None
WroHc23u8YoMVCl0AAAA: Received packet PONG data 
WroHc23u8YoMVCl0AAAA: Sending packet PING data None
WroHc23u8YoMVCl0AAAA: Received packet PONG data 
WroHc23u8YoMVCl0AAAA: Sending packet PING data None
WroHc23u8YoMVCl0AAAA: Received packet PONG data 
WroHc23u8YoMVCl0AAAA: Sending packet PING data None
WroHc23u8YoMVCl0AAAA: Received packet PONG data 
WroHc23u8YoMVCl0AAAA: Sending packet PING data None
WroHc23u8YoMVCl0AAAA: Received packet PONG data 
WroHc23u8YoMVCl0AAAA: Sending packet PING data None
WroHc23u8YoMVCl0AAAA: Received packet PONG data 
WroHc23u8YoMVCl0AAAA: Sending packet PING data None
WroHc23u8YoMVCl0AAAA: Received packet PONG data 
WroHc23u8YoMVCl0AAAA: Sending packet PING data None
WroHc23u8YoMVCl0AAAA: Received packet PONG data 
WroHc23u8YoMVCl0AAAA: Sending packet PING data None
WroHc23u8YoMVCl0AAAA: Received packet PONG data 
WroHc23u8YoMVCl0AAAA: Sending packet PING data None
WroHc23u8YoMVCl0AAAA: Received packet PONG data 
WroHc23u8YoMVCl0AAAA: Sending packet PING data None
WroHc23u8YoMVCl0AAAA: Received packet PONG data 
WroHc23u8YoMVCl0AAAA: Sending packet PING data None
WroHc23u8YoMVCl0AAAA: Received packet PONG data 
WARNING:  Invalid HTTP request received.
WARNING:  Invalid HTTP request received.
WARNING:  Invalid HTTP request received.
WroHc23u8YoMVCl0AAAA: Sending packet PING data None
WroHc23u8YoMVCl0AAAA: Received packet PONG data 
WroHc23u8YoMVCl0AAAA: Sending packet PING data None
WroHc23u8YoMVCl0AAAA: Received packet PONG data 
WroHc23u8YoMVCl0AAAA: Sending packet PING data None
WroHc23u8YoMVCl0AAAA: Received packet PONG data 
WroHc23u8YoMVCl0AAAA: Sending packet PING data None
WroHc23u8YoMVCl0AAAA: Received packet PONG data 
WroHc23u8YoMVCl0AAAA: Sending packet PING data None
WroHc23u8YoMVCl0AAAA: Received packet PONG data 
WroHc23u8YoMVCl0AAAA: Sending packet PING data None
WroHc23u8YoMVCl0AAAA: Received packet PONG data 
WroHc23u8YoMVCl0AAAA: Sending packet PING data None
WroHc23u8YoMVCl0AAAA: Received packet PONG data 
INFO:     connection closed
WARNING:  Invalid HTTP request received.
WARNING:  Invalid HTTP request received.
WARNING:  Invalid HTTP request received.
WARNING:  Invalid HTTP request received.
WARNING:  Invalid HTTP request received.
WARNING:  Invalid HTTP request received.
WARNING:  Invalid HTTP request received.
WARNING:  Invalid HTTP request received.
WARNING:  Invalid HTTP request received.
WARNING:  Invalid HTTP request received.
WARNING:  Invalid HTTP request received.
WARNING:  Invalid HTTP request received.
WARNING:  Invalid HTTP request received.
WARNING:  Invalid HTTP request received.
WARNING:  Invalid HTTP request received.
WARNING:  Invalid HTTP request received.
WARNING:  Invalid HTTP request received.
WARNING:  Invalid HTTP request received.
WARNING:  Invalid HTTP request received.
WARNING:  Invalid HTTP request received.
WARNING:  Invalid HTTP request received.
WARNING:  Invalid HTTP request received.
WARNING:  Invalid HTTP request received.
WARNING:  Invalid HTTP request received.
WARNING:  Invalid HTTP request received.
WARNING:  Unsupported upgrade request.
WARNING:  No supported WebSocket library detected. Please use "pip install 'uvicorn[standard]'", or install 'websockets' or 'wsproto' manually.
WARNING:  Invalid HTTP request received.
WARNING:  Invalid HTTP request received.
WARNING:  Invalid HTTP request received.
WARNING:  Invalid HTTP request received.
INFO:     54.237.234.26:56278 - "GET / HTTP/1.1" 200 OK
INFO:     54.237.234.26:56290 - "GET /config HTTP/1.1" 404 Not Found
INFO:     54.237.234.26:56304 - "GET /.env HTTP/1.1" 404 Not Found
INFO:     54.237.234.26:56306 - "GET /.env.local HTTP/1.1" 404 Not Found
INFO:     54.237.234.26:56316 - "GET /.env.production HTTP/1.1" 404 Not Found
INFO:     54.237.234.26:56318 - "GET /.env.development HTTP/1.1" 404 Not Found
INFO:     54.237.234.26:56320 - "GET /.env.dev HTTP/1.1" 404 Not Found
INFO:     54.237.234.26:56328 - "GET /.env.prod HTTP/1.1" 404 Not Found
INFO:     54.237.234.26:56332 - "GET /.env.test HTTP/1.1" 404 Not Found
INFO:     54.237.234.26:63368 - "GET /.env.staging HTTP/1.1" 404 Not Found
INFO:     54.237.234.26:63380 - "GET /.env.backup HTTP/1.1" 404 Not Found
INFO:     54.237.234.26:63392 - "GET /.env.save HTTP/1.1" 404 Not Found
INFO:     54.237.234.26:63396 - "GET /.env.old HTTP/1.1" 404 Not Found
INFO:     54.237.234.26:63398 - "GET /.env.bak HTTP/1.1" 404 Not Found
INFO:     54.237.234.26:63412 - "GET /.env.tmp HTTP/1.1" 404 Not Found
INFO:     54.237.234.26:63414 - "GET /.env.swp HTTP/1.1" 404 Not Found
INFO:     54.237.234.26:63416 - "GET /.env~ HTTP/1.1" 404 Not Found
INFO:     54.237.234.26:63422 - "GET /.env.example HTTP/1.1" 404 Not Found
INFO:     54.237.234.26:63428 - "GET /.env.sample HTTP/1.1" 404 Not Found
INFO:     54.237.234.26:63438 - "GET /.env.dist HTTP/1.1" 404 Not Found
INFO:     54.237.234.26:63452 - "GET /.env.template HTTP/1.1" 404 Not Found
INFO:     54.237.234.26:63454 - "GET /.env.production.local HTTP/1.1" 404 Not Found
INFO:     54.237.234.26:63470 - "GET /.env.development.local HTTP/1.1" 404 Not Found
INFO:     54.237.234.26:63472 - "GET /.env.test.local HTTP/1.1" 404 Not Found
INFO:     54.237.234.26:63488 - "GET /.envrc HTTP/1.1" 404 Not Found
INFO:     54.237.234.26:63492 - "GET /.flaskenv HTTP/1.1" 404 Not Found
INFO:     54.237.234.26:63508 - "GET /env HTTP/1.1" 404 Not Found
INFO:     54.237.234.26:41820 - "GET /env.js HTTP/1.1" 404 Not Found
INFO:     54.237.234.26:41826 - "GET /env.json HTTP/1.1" 404 Not Found
INFO:     54.237.234.26:41834 - "GET /app/.env HTTP/1.1" 404 Not Found
INFO:     54.237.234.26:41838 - "GET /src/.env HTTP/1.1" 404 Not Found
INFO:     54.237.234.26:41840 - "GET /config/.env HTTP/1.1" 404 Not Found
INFO:     54.237.234.26:41846 - "GET /backend/.env HTTP/1.1" 404 Not Found
INFO:     54.237.234.26:41848 - "GET /frontend/.env HTTP/1.1" 404 Not Found
INFO:     54.237.234.26:41850 - "GET /api/.env HTTP/1.1" 404 Not Found
INFO:     54.237.234.26:41860 - "GET /server/.env HTTP/1.1" 404 Not Found
INFO:     54.237.234.26:41874 - "GET /client/.env HTTP/1.1" 404 Not Found
INFO:     54.237.234.26:41884 - "GET /web/.env HTTP/1.1" 404 Not Found
INFO:     54.237.234.26:41898 - "GET /public/.env HTTP/1.1" 404 Not Found
INFO:     54.237.234.26:41900 - "GET /private/.env HTTP/1.1" 404 Not Found
INFO:     54.237.234.26:41912 - "GET /var/.env HTTP/1.1" 404 Not Found
INFO:     54.237.234.26:41922 - "GET /docker-compose.yml HTTP/1.1" 404 Not Found
INFO:     54.237.234.26:41928 - "GET /docker-compose.yaml HTTP/1.1" 404 Not Found
INFO:     54.237.234.26:41948 - "GET /docker-compose.override.yml HTTP/1.1" 404 Not Found
INFO:     54.237.234.26:41960 - "GET /docker-compose.dev.yml HTTP/1.1" 404 Not Found
INFO:     54.237.234.26:41964 - "GET /docker-compose.prod.yml HTTP/1.1" 404 Not Found
INFO:     54.237.234.26:40542 - "GET /config.js HTTP/1.1" 404 Not Found
INFO:     54.237.234.26:40552 - "GET /config.json HTTP/1.1" 404 Not Found
INFO:     54.237.234.26:40568 - "GET /settings.js HTTP/1.1" 404 Not Found
INFO:     54.237.234.26:40574 - "GET /settings.json HTTP/1.1" 404 Not Found
INFO:     54.237.234.26:40580 - "GET /secrets.json HTTP/1.1" 404 Not Found
INFO:     54.237.234.26:40592 - "GET /credentials.json HTTP/1.1" 404 Not Found
INFO:     54.237.234.26:40598 - "GET /cdp_api_key.json HTTP/1.1" 404 Not Found
INFO:     54.237.234.26:40600 - "GET /app.js HTTP/1.1" 404 Not Found
INFO:     54.237.234.26:40604 - "GET /main.js HTTP/1.1" 404 Not Found
WARNING:  Invalid HTTP request received.
WARNING:  Invalid HTTP request received.
WARNING:  Invalid HTTP request received.
WARNING:  Invalid HTTP request received.
WARNING:  Invalid HTTP request received.
WARNING:  Invalid HTTP request received.
WARNING:  Invalid HTTP request received.
WARNING:  Invalid HTTP request received.
WARNING:  Invalid HTTP request received.
WARNING:  Invalid HTTP request received.
WARNING:  Invalid HTTP request received.
WARNING:  Invalid HTTP request received.
WARNING:  Invalid HTTP request received.
WARNING:  Invalid HTTP request received.
WARNING:  Invalid HTTP request received.
INFO:     185.225.226.103:0 - "GET /wp-json/gravitysmtp/v1/tests/mock-data?page=gravitysmtp-settings HTTP/1.1" 404 Not Found
INFO:     185.225.226.103:0 - "GET /?rest_route=/gravitysmtp/v1/tests/mock-data&page=gravitysmtp-settings HTTP/1.1" 200 OK
INFO:     185.225.226.103:0 - "GET /wp-json/gravitysmtp/v1/tests/mock-data HTTP/1.1" 404 Not Found
WARNING:  Invalid HTTP request received.
WARNING:  Invalid HTTP request received.
WARNING:  Invalid HTTP request received.
WARNING:  Invalid HTTP request received.
WARNING:  Invalid HTTP request received.
WARNING:  Invalid HTTP request received.
INFO:     195.96.139.171:50765 - "GET / HTTP/1.1" 200 OK
WARNING:  Invalid HTTP request received.
WARNING:  Invalid HTTP request received.
WARNING:  Invalid HTTP request received.
WARNING:  Invalid HTTP request received.
WARNING:  Invalid HTTP request received.
WARNING:  Invalid HTTP request received.
WARNING:  Invalid HTTP request received.
WARNING:  Invalid HTTP request received.
WARNING:  Invalid HTTP request received.
c9qNQ_egNYUZjmBCAAAC: Sending packet OPEN data {'sid': 'c9qNQ_egNYUZjmBCAAAC', 'upgrades': [], 'pingTimeout': 60000, 'pingInterval': 25000}
c9qNQ_egNYUZjmBCAAAC: Received request to upgrade to websocket
INFO:     ('222.252.26.190', 0) - "WebSocket /socket.io/?EIO=4&transport=websocket" [accepted]
c9qNQ_egNYUZjmBCAAAC: Upgrade to websocket successful
INFO:     connection open
c9qNQ_egNYUZjmBCAAAC: Received packet MESSAGE data 0
emitting event "connection_established" to D1Z6jz2MEGiR9FkhAAAD [/]
c9qNQ_egNYUZjmBCAAAC: Sending packet MESSAGE data 2["connection_established",{"sid":"D1Z6jz2MEGiR9FkhAAAD","message":"Connected. Please authenticate.","timestamp":"2026-08-04T06:49:49.837342+00:00"}]
c9qNQ_egNYUZjmBCAAAC: Sending packet MESSAGE data 0{"sid":"D1Z6jz2MEGiR9FkhAAAD"}
c9qNQ_egNYUZjmBCAAAC: Received packet MESSAGE data 2["authenticate",{"token":"eyJhbGciOiJIUzI1NiIsInR5cCI6IkpXVCJ9.eyJ1c2VyX2lkIjoiMDE5ZmEzMGMtNzY4OC03NjU1LTk5NzctODFmNzcxMDQ0OWMwIiwidGVuYW50X2lkIjoiMDE5ZmEzMGMtNmJhMS03ZWJmLTkyM2MtNWMxZTJiNWE5NTNjIiwidG9rZW5fdmVyc2lvbiI6MCwiZXhwIjoxNzg1ODIxODUyLCJ0b2tlbl90eXBlIjoiYWNjZXNzIn0.yMOyLkfNrqOlvCE6xd55he5SKK3l7Z8jcOQHFN3oSmo"}]
received event "authenticate" from D1Z6jz2MEGiR9FkhAAAD [/]
emitting event "authentication_error" to D1Z6jz2MEGiR9FkhAAAD [/]
c9qNQ_egNYUZjmBCAAAC: Sending packet MESSAGE data 2["authentication_error",{"message":"Invalid or expired token"}]
Disconnecting D1Z6jz2MEGiR9FkhAAAD [/]
c9qNQ_egNYUZjmBCAAAC: Sending packet MESSAGE data 1
INFO:     connection closed
WARNING:  Invalid HTTP request received.
WARNING:  Invalid HTTP request received.
WARNING:  Invalid HTTP request received.
INFO:     222.252.26.190:0 - "OPTIONS /api/v1/user/current HTTP/1.1" 200 OK
INFO:     222.252.26.190:0 - "GET /api/v1/user/current HTTP/1.1" 401 Unauthorized
INFO:     222.252.26.190:0 - "OPTIONS /api/v1/auth/access_token HTTP/1.1" 200 OK
2026-08-04 06:58:26,064 INFO sqlalchemy.engine.Engine BEGIN (implicit)
2026-08-04 06:58:26,069 INFO sqlalchemy.engine.Engine SELECT users.id, users.username, users.password, users.email, users.fullname, users.create_day, users.chat_id, users.is_active, users.token_version, users.role_id, users.level_id, users.tenant_id, users.webphone_enabled, users.sip_extension, users.sip_username, users.sip_password, users.sip_domain, users.sip_ws_server, users.sip_port, users.sip_protocol, users.webphone_api_key, users.webphone_process_id, users.webphone_agent_id, users.call_recording_enabled, users.call_log_enabled, users.meta_data 
FROM users 
WHERE users.id = $1::UUID AND users.is_active = $2::INTEGER
2026-08-04 06:58:26,070 INFO sqlalchemy.engine.Engine [generated in 0.00061s] ('019fa30c-7688-7655-9977-81f7710449c0', 1)
2026-08-04 06:58:26,076 INFO sqlalchemy.engine.Engine SELECT levels.id AS levels_id, levels.name AS levels_name, levels.description AS levels_description, levels.level_order AS levels_level_order 
FROM levels 
WHERE levels.id IN ($1::UUID)
2026-08-04 06:58:26,076 INFO sqlalchemy.engine.Engine [cached since 8118s ago] (UUID('019fa30c-6e16-717f-8c8f-786905fd29ed'),)
2026-08-04 06:58:26,078 INFO sqlalchemy.engine.Engine SELECT roles.id AS roles_id, roles.name AS roles_name, roles.description AS roles_description, roles.role_order AS roles_role_order, roles.tenant_id AS roles_tenant_id, roles.is_active AS roles_is_active 
FROM roles 
WHERE roles.id IN ($1::UUID)
2026-08-04 06:58:26,078 INFO sqlalchemy.engine.Engine [cached since 8118s ago] (UUID('019fa30c-6dfa-76b9-a1ec-702518695e5a'),)
2026-08-04 06:58:26,080 INFO sqlalchemy.engine.Engine SELECT refresh_tokens.id, refresh_tokens.refresh_token, refresh_tokens.ip, refresh_tokens.user_agent, refresh_tokens.created_at, refresh_tokens.expired_at, refresh_tokens.user_id, refresh_tokens.tenant_id 
FROM refresh_tokens 
WHERE refresh_tokens.user_id = $1::UUID
2026-08-04 06:58:26,080 INFO sqlalchemy.engine.Engine [generated in 0.00018s] ('019fa30c-7688-7655-9977-81f7710449c0',)
2026-08-04 06:58:26,083 INFO sqlalchemy.engine.Engine SELECT refresh_tokens.expired_at 
FROM refresh_tokens 
WHERE refresh_tokens.id = $1::UUID
2026-08-04 06:58:26,083 INFO sqlalchemy.engine.Engine [generated in 0.00018s] (UUID('019fc6dc-a67a-7b97-be42-b96c1fa583ad'),)
2026-08-04 06:58:26,090 INFO sqlalchemy.engine.Engine ROLLBACK
INFO:     222.252.26.190:0 - "GET /api/v1/auth/access_token HTTP/1.1" 200 OK
2026-08-04 06:58:26,241 INFO sqlalchemy.engine.Engine BEGIN (implicit)
2026-08-04 06:58:26,245 INFO sqlalchemy.engine.Engine SELECT users.id AS users_id, users.username AS users_username, users.password AS users_password, users.email AS users_email, users.fullname AS users_fullname, users.create_day AS users_create_day, users.chat_id AS users_chat_id, users.is_active AS users_is_active, users.token_version AS users_token_version, users.role_id AS users_role_id, users.level_id AS users_level_id, users.tenant_id AS users_tenant_id, users.webphone_enabled AS users_webphone_enabled, users.sip_extension AS users_sip_extension, users.sip_username AS users_sip_username, users.sip_password AS users_sip_password, users.sip_domain AS users_sip_domain, users.sip_ws_server AS users_sip_ws_server, users.sip_port AS users_sip_port, users.sip_protocol AS users_sip_protocol, users.webphone_api_key AS users_webphone_api_key, users.webphone_process_id AS users_webphone_process_id, users.webphone_agent_id AS users_webphone_agent_id, users.call_recording_enabled AS users_call_recording_enabled, users.call_log_enabled AS users_call_log_enabled, users.meta_data AS users_meta_data 
FROM users 
WHERE users.id = $1::UUID
2026-08-04 06:58:26,246 INFO sqlalchemy.engine.Engine [generated in 0.00043s] (UUID('019fa30c-7688-7655-9977-81f7710449c0'),)
2026-08-04 06:58:26,251 INFO sqlalchemy.engine.Engine SELECT levels.id AS levels_id, levels.name AS levels_name, levels.description AS levels_description, levels.level_order AS levels_level_order 
FROM levels 
WHERE levels.id IN ($1::UUID)
2026-08-04 06:58:26,251 INFO sqlalchemy.engine.Engine [cached since 8118s ago] (UUID('019fa30c-6e16-717f-8c8f-786905fd29ed'),)
2026-08-04 06:58:26,253 INFO sqlalchemy.engine.Engine SELECT roles.id AS roles_id, roles.name AS roles_name, roles.description AS roles_description, roles.role_order AS roles_role_order, roles.tenant_id AS roles_tenant_id, roles.is_active AS roles_is_active 
FROM roles 
WHERE roles.id IN ($1::UUID)
2026-08-04 06:58:26,254 INFO sqlalchemy.engine.Engine [cached since 8118s ago] (UUID('019fa30c-6dfa-76b9-a1ec-702518695e5a'),)
2026-08-04 06:58:26,256 INFO sqlalchemy.engine.Engine SELECT users.is_active 
FROM users 
WHERE users.id = $1::UUID
2026-08-04 06:58:26,256 INFO sqlalchemy.engine.Engine [generated in 0.00020s] (UUID('019fa30c-7688-7655-9977-81f7710449c0'),)
2026-08-04 06:58:26,258 INFO sqlalchemy.engine.Engine SELECT users.role_id 
FROM users 
WHERE users.id = $1::UUID
2026-08-04 06:58:26,259 INFO sqlalchemy.engine.Engine [generated in 0.00025s] (UUID('019fa30c-7688-7655-9977-81f7710449c0'),)
2026-08-04 06:58:26,262 INFO sqlalchemy.engine.Engine SELECT permissions.name 
FROM permissions JOIN role_permissions ON role_permissions.permission_id = permissions.id 
WHERE role_permissions.role_id = $1::UUID
2026-08-04 06:58:26,262 INFO sqlalchemy.engine.Engine [generated in 0.00021s] (UUID('019fa30c-6dfa-76b9-a1ec-702518695e5a'),)
2026-08-04 06:58:26,270 INFO sqlalchemy.engine.Engine SELECT users.id, users.username, users.password, users.email, users.fullname, users.create_day, users.chat_id, users.is_active, users.token_version, users.role_id, users.level_id, users.tenant_id, users.webphone_enabled, users.sip_extension, users.sip_username, users.sip_password, users.sip_domain, users.sip_ws_server, users.sip_port, users.sip_protocol, users.webphone_api_key, users.webphone_process_id, users.webphone_agent_id, users.call_recording_enabled, users.call_log_enabled, users.meta_data, roles_1.id AS id_1, roles_1.name, roles_1.description, roles_1.role_order, roles_1.tenant_id AS tenant_id_1, roles_1.is_active AS is_active_1, levels_1.id AS id_2, levels_1.name AS name_1, levels_1.description AS description_1, levels_1.level_order 
FROM users LEFT OUTER JOIN roles AS roles_1 ON roles_1.id = users.role_id LEFT OUTER JOIN levels AS levels_1 ON levels_1.id = users.level_id 
WHERE users.id = $1::UUID
2026-08-04 06:58:26,271 INFO sqlalchemy.engine.Engine [generated in 0.00030s] (UUID('019fa30c-7688-7655-9977-81f7710449c0'),)
2026-08-04 06:58:26,274 INFO sqlalchemy.engine.Engine SELECT permissions.name 
FROM permissions JOIN role_permissions ON permissions.id = role_permissions.permission_id JOIN roles ON role_permissions.role_id = roles.id JOIN users ON users.role_id = roles.id 
WHERE users.id = $1::UUID
2026-08-04 06:58:26,275 INFO sqlalchemy.engine.Engine [generated in 0.00023s] (UUID('019fa30c-7688-7655-9977-81f7710449c0'),)
Check result: ['view_users', 'current_user', 'delete_users', 'create_users', 'edit_users', 'view_user_groups', 'edit_roles', 'view_roles', 'delete_roles', 'create_roles', 'view_permissions', 'edit_permissions', 'delete_permissions', 'create_permissions', 'assign_permissions_to_role', 'delete_permission_from_role', 'view_logs', 'view_levels', 'create_level', 'edit_level', 'delete_level', 'view_departments', 'create_department', 'edit_department', 'delete_department', 'view_groups', 'create_group', 'edit_group', 'delete_group', 'assign_user_to_group', 'delete_user_group', 'view_role_permissions_by_role_id', 'view_tags', 'view_tag_by_id', 'create_tag', 'edit_tag', 'delete_tag', 'view_tickets', 'create_ticket', 'edit_ticket', 'delete_ticket', 'assign_ticket', 'view_ticket_events', 'create_ticket_event', 'edit_ticket_event', 'delete_ticket_event', 'view_ticket_templates', 'create_ticket_template', 'edit_ticket_template', 'delete_ticket_template', 'view_ticket_contexts', 'create_ticket_context', 'edit_ticket_context', 'delete_ticket_context', 'view_ticket_extensions', 'create_ticket_extension', 'edit_ticket_extension', 'delete_ticket_extension', 'view_ticket_flows', 'view_ticket_flow_by_id', 'create_ticket_flow', 'edit_ticket_flow', 'delete_ticket_flow', 'view_ticket_flow_instances', 'view_ticket_flow_instance_by_id', 'create_ticket_flow_instance', 'edit_ticket_flow_instance', 'delete_ticket_flow_instance', 'view_ticket_flow_steps', 'view_ticket_flow_step_by_id', 'create_ticket_flow_step', 'edit_ticket_flow_step', 'delete_ticket_flow_step', 'view_customers', 'view_customer_by_id', 'create_customer', 'edit_customer', 'delete_customer', 'view_customer_provided_info', 'create_customer_provided_info', 'edit_customer_provided_info', 'delete_customer_provided_info', 'view_tenants', 'create_tenant', 'edit_tenant', 'delete_tenant', 'view_level_by_id', 'view_department_by_id', 'view_group_by_id', 'view_group_detail_by_id', 'view_messaging_accounts', 'create_messaging_account', 'edit_messaging_account', 'delete_messaging_account', 'sync_messaging_integration', 'view_messaging_conversations', 'create_messaging_conversation', 'edit_messaging_conversation', 'delete_messaging_conversation', 'send_messaging_message', 'delete_messaging_message', 'assign_messaging_conversation', 'view_messaging_inboxes', 'create_messaging_inbox', 'edit_messaging_inbox', 'manage_messaging_inbox_members', 'view_messaging_labels', 'create_messaging_label', 'delete_messaging_label', 'bulk_messaging_actions', 'view_messaging_custom_filters', 'create_messaging_custom_filter', 'edit_messaging_custom_filter', 'delete_messaging_custom_filter', 'view_messaging_agents', 'create_messaging_agent', 'edit_messaging_agent', 'delete_messaging_agent', 'view_messaging_teams', 'create_messaging_team', 'edit_messaging_team', 'delete_messaging_team', 'manage_messaging_team_members', 'view_messaging_agent_bots', 'create_messaging_agent_bot', 'edit_messaging_agent_bot', 'delete_messaging_agent_bot', 'view_messaging_users', 'create_messaging_user', 'edit_messaging_user', 'delete_messaging_user']
2026-08-04 06:58:26,280 INFO sqlalchemy.engine.Engine SELECT tenant.id AS tenant_id, tenant.name AS tenant_name, tenant.description AS tenant_description, tenant.is_active AS tenant_is_active, tenant.partner_id AS tenant_partner_id, tenant.graph_id AS tenant_graph_id, tenant.agent_id AS tenant_agent_id, tenant.graph_activated AS tenant_graph_activated, tenant.meta_data AS tenant_meta_data, tenant.webcall_config AS tenant_webcall_config 
FROM tenant 
WHERE tenant.id = $1::UUID
2026-08-04 06:58:26,280 INFO sqlalchemy.engine.Engine [generated in 0.00025s] (UUID('019fa30c-6ba1-7ebf-923c-5c1e2b5a953c'),)
2026-08-04 06:58:26,283 INFO sqlalchemy.engine.Engine ROLLBACK
INFO:     222.252.26.190:0 - "GET /api/v1/user/current HTTP/1.1" 200 OK
6s8UKT4PbByyehgRAAAE: Sending packet OPEN data {'sid': '6s8UKT4PbByyehgRAAAE', 'upgrades': [], 'pingTimeout': 60000, 'pingInterval': 25000}
6s8UKT4PbByyehgRAAAE: Received request to upgrade to websocket
INFO:     ('222.252.26.190', 0) - "WebSocket /socket.io/?EIO=4&transport=websocket" [accepted]
6s8UKT4PbByyehgRAAAE: Upgrade to websocket successful
INFO:     connection open
INFO:     222.252.26.190:0 - "OPTIONS /api/v1/messaging/tenants/019fa30c-6ba1-7ebf-923c-5c1e2b5a953c/conversations?status=open&sort_by=last_activity_at_desc&page=1 HTTP/1.1" 200 OK
2026-08-04 06:58:26,664 INFO sqlalchemy.engine.Engine BEGIN (implicit)
2026-08-04 06:58:26,665 INFO sqlalchemy.engine.Engine SELECT users.id AS users_id, users.username AS users_username, users.password AS users_password, users.email AS users_email, users.fullname AS users_fullname, users.create_day AS users_create_day, users.chat_id AS users_chat_id, users.is_active AS users_is_active, users.token_version AS users_token_version, users.role_id AS users_role_id, users.level_id AS users_level_id, users.tenant_id AS users_tenant_id, users.webphone_enabled AS users_webphone_enabled, users.sip_extension AS users_sip_extension, users.sip_username AS users_sip_username, users.sip_password AS users_sip_password, users.sip_domain AS users_sip_domain, users.sip_ws_server AS users_sip_ws_server, users.sip_port AS users_sip_port, users.sip_protocol AS users_sip_protocol, users.webphone_api_key AS users_webphone_api_key, users.webphone_process_id AS users_webphone_process_id, users.webphone_agent_id AS users_webphone_agent_id, users.call_recording_enabled AS users_call_recording_enabled, users.call_log_enabled AS users_call_log_enabled, users.meta_data AS users_meta_data 
FROM users 
WHERE users.id = $1::UUID
2026-08-04 06:58:26,666 INFO sqlalchemy.engine.Engine [cached since 0.4205s ago] (UUID('019fa30c-7688-7655-9977-81f7710449c0'),)
2026-08-04 06:58:26,670 INFO sqlalchemy.engine.Engine SELECT levels.id AS levels_id, levels.name AS levels_name, levels.description AS levels_description, levels.level_order AS levels_level_order 
FROM levels 
WHERE levels.id IN ($1::UUID)
2026-08-04 06:58:26,671 INFO sqlalchemy.engine.Engine [cached since 8119s ago] (UUID('019fa30c-6e16-717f-8c8f-786905fd29ed'),)
2026-08-04 06:58:26,674 INFO sqlalchemy.engine.Engine SELECT roles.id AS roles_id, roles.name AS roles_name, roles.description AS roles_description, roles.role_order AS roles_role_order, roles.tenant_id AS roles_tenant_id, roles.is_active AS roles_is_active 
FROM roles 
WHERE roles.id IN ($1::UUID)
2026-08-04 06:58:26,674 INFO sqlalchemy.engine.Engine [cached since 8119s ago] (UUID('019fa30c-6dfa-76b9-a1ec-702518695e5a'),)
2026-08-04 06:58:26,677 INFO sqlalchemy.engine.Engine SELECT users.is_active 
FROM users 
WHERE users.id = $1::UUID
2026-08-04 06:58:26,677 INFO sqlalchemy.engine.Engine [cached since 0.4214s ago] (UUID('019fa30c-7688-7655-9977-81f7710449c0'),)
2026-08-04 06:58:26,679 INFO sqlalchemy.engine.Engine SELECT users.role_id 
FROM users 
WHERE users.id = $1::UUID
2026-08-04 06:58:26,679 INFO sqlalchemy.engine.Engine [cached since 0.4211s ago] (UUID('019fa30c-7688-7655-9977-81f7710449c0'),)
2026-08-04 06:58:26,681 INFO sqlalchemy.engine.Engine SELECT permissions.name 
FROM permissions JOIN role_permissions ON role_permissions.permission_id = permissions.id 
WHERE role_permissions.role_id = $1::UUID
2026-08-04 06:58:26,681 INFO sqlalchemy.engine.Engine [cached since 0.4191s ago] (UUID('019fa30c-6dfa-76b9-a1ec-702518695e5a'),)
2026-08-04 06:58:26,683 INFO sqlalchemy.engine.Engine SELECT users.id, users.username, users.password, users.email, users.fullname, users.create_day, users.chat_id, users.is_active, users.token_version, users.role_id, users.level_id, users.tenant_id, users.webphone_enabled, users.sip_extension, users.sip_username, users.sip_password, users.sip_domain, users.sip_ws_server, users.sip_port, users.sip_protocol, users.webphone_api_key, users.webphone_process_id, users.webphone_agent_id, users.call_recording_enabled, users.call_log_enabled, users.meta_data 
FROM users 
WHERE users.id = $1::UUID
2026-08-04 06:58:26,683 INFO sqlalchemy.engine.Engine [cached since 8119s ago] ('019fa30c-7688-7655-9977-81f7710449c0',)
2026-08-04 06:58:26,685 INFO sqlalchemy.engine.Engine SELECT levels.id AS levels_id, levels.name AS levels_name, levels.description AS levels_description, levels.level_order AS levels_level_order 
FROM levels 
WHERE levels.id IN ($1::UUID)
2026-08-04 06:58:26,685 INFO sqlalchemy.engine.Engine [cached since 8119s ago] (UUID('019fa30c-6e16-717f-8c8f-786905fd29ed'),)
2026-08-04 06:58:26,686 INFO sqlalchemy.engine.Engine SELECT roles.id AS roles_id, roles.name AS roles_name, roles.description AS roles_description, roles.role_order AS roles_role_order, roles.tenant_id AS roles_tenant_id, roles.is_active AS roles_is_active 
FROM roles 
WHERE roles.id IN ($1::UUID)
2026-08-04 06:58:26,687 INFO sqlalchemy.engine.Engine [cached since 8119s ago] (UUID('019fa30c-6dfa-76b9-a1ec-702518695e5a'),)
2026-08-04 06:58:26,689 INFO sqlalchemy.engine.Engine SELECT max(levels.level_order) AS max_1 
FROM levels
2026-08-04 06:58:26,690 INFO sqlalchemy.engine.Engine [generated in 0.00016s] ()
2026-08-04 06:58:26,692 INFO sqlalchemy.engine.Engine SELECT chatwoot_legacy_map.id, chatwoot_legacy_map.resource_type, chatwoot_legacy_map.local_uuid, chatwoot_legacy_map.chatwoot_id, chatwoot_legacy_map.tenant_id, chatwoot_legacy_map.created_at 
FROM chatwoot_legacy_map 
WHERE chatwoot_legacy_map.resource_type = $1 AND chatwoot_legacy_map.local_uuid = $2::UUID
2026-08-04 06:58:26,692 INFO sqlalchemy.engine.Engine [generated in 0.00020s] ('account', UUID('019fa30c-6ba1-7ebf-923c-5c1e2b5a953c'))
6s8UKT4PbByyehgRAAAE: Received packet MESSAGE data 0
emitting event "connection_established" to 5OvrvsLCScMgX3_sAAAF [/]
6s8UKT4PbByyehgRAAAE: Sending packet MESSAGE data 2["connection_established",{"sid":"5OvrvsLCScMgX3_sAAAF","message":"Connected. Please authenticate.","timestamp":"2026-08-04T06:58:26.792431+00:00"}]
6s8UKT4PbByyehgRAAAE: Sending packet MESSAGE data 0{"sid":"5OvrvsLCScMgX3_sAAAF"}
6s8UKT4PbByyehgRAAAE: Received packet MESSAGE data 2["authenticate",{"token":"eyJhbGciOiJIUzI1NiIsInR5cCI6IkpXVCJ9.eyJ1c2VyX2lkIjoiMDE5ZmEzMGMtNzY4OC03NjU1LTk5NzctODFmNzcxMDQ0OWMwIiwidGVuYW50X2lkIjoiMDE5ZmEzMGMtNmJhMS03ZWJmLTkyM2MtNWMxZTJiNWE5NTNjIiwidG9rZW5fdmVyc2lvbiI6MCwiZXhwIjoxNzg1ODMwMzA2LCJ0b2tlbl90eXBlIjoiYWNjZXNzIn0.Tge7ithHyhz0Ifgktji1vGa8nSW57eM1x0m3l80PZKo"}]
received event "authenticate" from 5OvrvsLCScMgX3_sAAAF [/]
2026-08-04 06:58:26,933 INFO sqlalchemy.engine.Engine BEGIN (implicit)
2026-08-04 06:58:26,934 INFO sqlalchemy.engine.Engine SELECT users.id, users.username, users.password, users.email, users.fullname, users.create_day, users.chat_id, users.is_active, users.token_version, users.role_id, users.level_id, users.tenant_id, users.webphone_enabled, users.sip_extension, users.sip_username, users.sip_password, users.sip_domain, users.sip_ws_server, users.sip_port, users.sip_protocol, users.webphone_api_key, users.webphone_process_id, users.webphone_agent_id, users.call_recording_enabled, users.call_log_enabled, users.meta_data 
FROM users 
WHERE users.id = $1::UUID
2026-08-04 06:58:26,934 INFO sqlalchemy.engine.Engine [cached since 8119s ago] (UUID('019fa30c-7688-7655-9977-81f7710449c0'),)
2026-08-04 06:58:26,937 INFO sqlalchemy.engine.Engine SELECT levels.id AS levels_id, levels.name AS levels_name, levels.description AS levels_description, levels.level_order AS levels_level_order 
FROM levels 
WHERE levels.id IN ($1::UUID)
2026-08-04 06:58:26,937 INFO sqlalchemy.engine.Engine [cached since 8119s ago] (UUID('019fa30c-6e16-717f-8c8f-786905fd29ed'),)
2026-08-04 06:58:26,939 INFO sqlalchemy.engine.Engine SELECT roles.id AS roles_id, roles.name AS roles_name, roles.description AS roles_description, roles.role_order AS roles_role_order, roles.tenant_id AS roles_tenant_id, roles.is_active AS roles_is_active 
FROM roles 
WHERE roles.id IN ($1::UUID)
2026-08-04 06:58:26,940 INFO sqlalchemy.engine.Engine [cached since 8119s ago] (UUID('019fa30c-6dfa-76b9-a1ec-702518695e5a'),)
2026-08-04 06:58:26,941 INFO sqlalchemy.engine.Engine ROLLBACK
5OvrvsLCScMgX3_sAAAF is entering room user:019fa30c-7688-7655-9977-81f7710449c0 [/]
5OvrvsLCScMgX3_sAAAF is entering room tenant:019fa30c-6ba1-7ebf-923c-5c1e2b5a953c [/]
emitting event "authenticated" to 5OvrvsLCScMgX3_sAAAF [/]
6s8UKT4PbByyehgRAAAE: Sending packet MESSAGE data 2["authenticated",{"message":"Successfully authenticated","user_id":"019fa30c-7688-7655-9977-81f7710449c0","username":"admin","timestamp":"2026-08-04T06:58:26.944346+00:00"}]
2026-08-04 06:58:26,945 INFO sqlalchemy.engine.Engine BEGIN (implicit)
2026-08-04 06:58:26,945 INFO sqlalchemy.engine.Engine SELECT notifications.id, notifications.title, notifications.message, notifications.type, notifications.user_id, notifications.tenant_id, notifications.is_read, notifications.read_at, notifications.delivered, notifications.delivered_at, notifications.created_at, notifications.expires_at, notifications.data, notifications.sender_id 
FROM notifications 
WHERE notifications.user_id = $1::UUID AND notifications.delivered = $2::INTEGER AND (notifications.expires_at IS NULL OR notifications.expires_at > $3::TIMESTAMP WITH TIME ZONE) ORDER BY notifications.created_at ASC 
 LIMIT $4::INTEGER
2026-08-04 06:58:26,946 INFO sqlalchemy.engine.Engine [cached since 8119s ago] (UUID('019fa30c-7688-7655-9977-81f7710449c0'), 0, datetime.datetime(2026, 8, 4, 6, 58, 26, 945194, tzinfo=datetime.timezone.utc), 50)
2026-08-04 06:58:26,964 INFO sqlalchemy.engine.Engine ROLLBACK
2026-08-04 06:58:27,050 INFO sqlalchemy.engine.Engine SELECT chatwoot_legacy_map.chatwoot_id, chatwoot_legacy_map.local_uuid 
FROM chatwoot_legacy_map 
WHERE chatwoot_legacy_map.resource_type = $1 AND chatwoot_legacy_map.tenant_id = $2::UUID
2026-08-04 06:58:27,051 INFO sqlalchemy.engine.Engine [generated in 0.00069s] ('agent', UUID('019fa30c-6ba1-7ebf-923c-5c1e2b5a953c'))
2026-08-04 06:58:27,057 INFO sqlalchemy.engine.Engine ROLLBACK
INFO:     222.252.26.190:0 - "GET /api/v1/messaging/tenants/019fa30c-6ba1-7ebf-923c-5c1e2b5a953c/conversations?status=open&sort_by=last_activity_at_desc&page=1 HTTP/1.1" 200 OK
INFO:     222.252.26.190:0 - "OPTIONS /api/v1/roles?page=1&page_size=10 HTTP/1.1" 200 OK
2026-08-04 06:58:31,306 INFO sqlalchemy.engine.Engine BEGIN (implicit)
2026-08-04 06:58:31,307 INFO sqlalchemy.engine.Engine SELECT users.id AS users_id, users.username AS users_username, users.password AS users_password, users.email AS users_email, users.fullname AS users_fullname, users.create_day AS users_create_day, users.chat_id AS users_chat_id, users.is_active AS users_is_active, users.token_version AS users_token_version, users.role_id AS users_role_id, users.level_id AS users_level_id, users.tenant_id AS users_tenant_id, users.webphone_enabled AS users_webphone_enabled, users.sip_extension AS users_sip_extension, users.sip_username AS users_sip_username, users.sip_password AS users_sip_password, users.sip_domain AS users_sip_domain, users.sip_ws_server AS users_sip_ws_server, users.sip_port AS users_sip_port, users.sip_protocol AS users_sip_protocol, users.webphone_api_key AS users_webphone_api_key, users.webphone_process_id AS users_webphone_process_id, users.webphone_agent_id AS users_webphone_agent_id, users.call_recording_enabled AS users_call_recording_enabled, users.call_log_enabled AS users_call_log_enabled, users.meta_data AS users_meta_data 
FROM users 
WHERE users.id = $1::UUID
2026-08-04 06:58:31,307 INFO sqlalchemy.engine.Engine [cached since 5.061s ago] (UUID('019fa30c-7688-7655-9977-81f7710449c0'),)
2026-08-04 06:58:31,312 INFO sqlalchemy.engine.Engine SELECT levels.id AS levels_id, levels.name AS levels_name, levels.description AS levels_description, levels.level_order AS levels_level_order 
FROM levels 
WHERE levels.id IN ($1::UUID)
2026-08-04 06:58:31,312 INFO sqlalchemy.engine.Engine [cached since 8123s ago] (UUID('019fa30c-6e16-717f-8c8f-786905fd29ed'),)
2026-08-04 06:58:31,315 INFO sqlalchemy.engine.Engine SELECT roles.id AS roles_id, roles.name AS roles_name, roles.description AS roles_description, roles.role_order AS roles_role_order, roles.tenant_id AS roles_tenant_id, roles.is_active AS roles_is_active 
FROM roles 
WHERE roles.id IN ($1::UUID)
2026-08-04 06:58:31,315 INFO sqlalchemy.engine.Engine [cached since 8123s ago] (UUID('019fa30c-6dfa-76b9-a1ec-702518695e5a'),)
2026-08-04 06:58:31,316 INFO sqlalchemy.engine.Engine SELECT users.is_active 
FROM users 
WHERE users.id = $1::UUID
2026-08-04 06:58:31,316 INFO sqlalchemy.engine.Engine [cached since 5.06s ago] (UUID('019fa30c-7688-7655-9977-81f7710449c0'),)
2026-08-04 06:58:31,318 INFO sqlalchemy.engine.Engine SELECT users.role_id 
FROM users 
WHERE users.id = $1::UUID
2026-08-04 06:58:31,318 INFO sqlalchemy.engine.Engine [cached since 5.059s ago] (UUID('019fa30c-7688-7655-9977-81f7710449c0'),)
2026-08-04 06:58:31,319 INFO sqlalchemy.engine.Engine SELECT permissions.name 
FROM permissions JOIN role_permissions ON role_permissions.permission_id = permissions.id 
WHERE role_permissions.role_id = $1::UUID
2026-08-04 06:58:31,319 INFO sqlalchemy.engine.Engine [cached since 5.058s ago] (UUID('019fa30c-6dfa-76b9-a1ec-702518695e5a'),)
2026-08-04 06:58:31,324 INFO sqlalchemy.engine.Engine SELECT users.id, users.username, users.password, users.email, users.fullname, users.create_day, users.chat_id, users.is_active, users.token_version, users.role_id, users.level_id, users.tenant_id, users.webphone_enabled, users.sip_extension, users.sip_username, users.sip_password, users.sip_domain, users.sip_ws_server, users.sip_port, users.sip_protocol, users.webphone_api_key, users.webphone_process_id, users.webphone_agent_id, users.call_recording_enabled, users.call_log_enabled, users.meta_data 
FROM users 
WHERE users.id = $1::UUID
2026-08-04 06:58:31,324 INFO sqlalchemy.engine.Engine [cached since 8123s ago] ('019fa30c-7688-7655-9977-81f7710449c0',)
2026-08-04 06:58:31,325 INFO sqlalchemy.engine.Engine SELECT levels.id AS levels_id, levels.name AS levels_name, levels.description AS levels_description, levels.level_order AS levels_level_order 
FROM levels 
WHERE levels.id IN ($1::UUID)
2026-08-04 06:58:31,325 INFO sqlalchemy.engine.Engine [cached since 8123s ago] (UUID('019fa30c-6e16-717f-8c8f-786905fd29ed'),)
2026-08-04 06:58:31,326 INFO sqlalchemy.engine.Engine SELECT roles.id AS roles_id, roles.name AS roles_name, roles.description AS roles_description, roles.role_order AS roles_role_order, roles.tenant_id AS roles_tenant_id, roles.is_active AS roles_is_active 
FROM roles 
WHERE roles.id IN ($1::UUID)
2026-08-04 06:58:31,326 INFO sqlalchemy.engine.Engine [cached since 8123s ago] (UUID('019fa30c-6dfa-76b9-a1ec-702518695e5a'),)
2026-08-04 06:58:31,327 INFO sqlalchemy.engine.Engine SELECT max(levels.level_order) AS max_1 
FROM levels
2026-08-04 06:58:31,328 INFO sqlalchemy.engine.Engine [cached since 4.638s ago] ()
2026-08-04 06:58:31,329 INFO sqlalchemy.engine.Engine SELECT roles.id, roles.name, roles.description, roles.role_order, roles.tenant_id, roles.is_active 
FROM roles 
 LIMIT $1::INTEGER OFFSET $2::INTEGER
2026-08-04 06:58:31,329 INFO sqlalchemy.engine.Engine [generated in 0.00016s] (10, 0)
2026-08-04 06:58:31,332 INFO sqlalchemy.engine.Engine SELECT users.role_id AS users_role_id, users.id AS users_id, users.username AS users_username, users.password AS users_password, users.email AS users_email, users.fullname AS users_fullname, users.create_day AS users_create_day, users.chat_id AS users_chat_id, users.is_active AS users_is_active, users.token_version AS users_token_version, users.level_id AS users_level_id, users.tenant_id AS users_tenant_id, users.webphone_enabled AS users_webphone_enabled, users.sip_extension AS users_sip_extension, users.sip_username AS users_sip_username, users.sip_password AS users_sip_password, users.sip_domain AS users_sip_domain, users.sip_ws_server AS users_sip_ws_server, users.sip_port AS users_sip_port, users.sip_protocol AS users_sip_protocol, users.webphone_api_key AS users_webphone_api_key, users.webphone_process_id AS users_webphone_process_id, users.webphone_agent_id AS users_webphone_agent_id, users.call_recording_enabled AS users_call_recording_enabled, users.call_log_enabled AS users_call_log_enabled, users.meta_data AS users_meta_data 
FROM users 
WHERE users.role_id IN ($1::UUID, $2::UUID)
2026-08-04 06:58:31,332 INFO sqlalchemy.engine.Engine [generated in 0.00024s] (UUID('019fa30c-6dfa-76b9-a1ec-702518695e5a'), UUID('019fa30c-6e0b-7f67-83ed-8ee35dc6de62'))
2026-08-04 06:58:31,334 INFO sqlalchemy.engine.Engine SELECT levels.id AS levels_id, levels.name AS levels_name, levels.description AS levels_description, levels.level_order AS levels_level_order 
FROM levels 
WHERE levels.id IN ($1::UUID, $2::UUID, $3::UUID)
2026-08-04 06:58:31,334 INFO sqlalchemy.engine.Engine [generated in 0.00023s] (UUID('019fa30c-6e16-717f-8c8f-786905fd29ed'), UUID('019fa30c-6e36-7603-8c1d-e0f1e1cdab60'), UUID('019fa30c-6e45-7de8-b19e-01532d8d61f7'))
2026-08-04 06:58:31,336 INFO sqlalchemy.engine.Engine SELECT count(*) AS count_1 
FROM roles
2026-08-04 06:58:31,336 INFO sqlalchemy.engine.Engine [generated in 0.00014s] ()
2026-08-04 06:58:31,338 INFO sqlalchemy.engine.Engine ROLLBACK
INFO:     222.252.26.190:0 - "GET /api/v1/roles?page=1&page_size=10 HTTP/1.1" 200 OK
INFO:     222.252.26.190:0 - "OPTIONS /api/v1/roles?page=1&page_size=100 HTTP/1.1" 200 OK
INFO:     222.252.26.190:0 - "OPTIONS /api/v1/permissions/all HTTP/1.1" 200 OK
2026-08-04 06:58:33,223 INFO sqlalchemy.engine.Engine BEGIN (implicit)
2026-08-04 06:58:33,224 INFO sqlalchemy.engine.Engine SELECT users.id AS users_id, users.username AS users_username, users.password AS users_password, users.email AS users_email, users.fullname AS users_fullname, users.create_day AS users_create_day, users.chat_id AS users_chat_id, users.is_active AS users_is_active, users.token_version AS users_token_version, users.role_id AS users_role_id, users.level_id AS users_level_id, users.tenant_id AS users_tenant_id, users.webphone_enabled AS users_webphone_enabled, users.sip_extension AS users_sip_extension, users.sip_username AS users_sip_username, users.sip_password AS users_sip_password, users.sip_domain AS users_sip_domain, users.sip_ws_server AS users_sip_ws_server, users.sip_port AS users_sip_port, users.sip_protocol AS users_sip_protocol, users.webphone_api_key AS users_webphone_api_key, users.webphone_process_id AS users_webphone_process_id, users.webphone_agent_id AS users_webphone_agent_id, users.call_recording_enabled AS users_call_recording_enabled, users.call_log_enabled AS users_call_log_enabled, users.meta_data AS users_meta_data 
FROM users 
WHERE users.id = $1::UUID
2026-08-04 06:58:33,225 INFO sqlalchemy.engine.Engine [cached since 6.979s ago] (UUID('019fa30c-7688-7655-9977-81f7710449c0'),)
2026-08-04 06:58:33,227 INFO sqlalchemy.engine.Engine BEGIN (implicit)
2026-08-04 06:58:33,227 INFO sqlalchemy.engine.Engine SELECT users.id, users.username, users.password, users.email, users.fullname, users.create_day, users.chat_id, users.is_active, users.token_version, users.role_id, users.level_id, users.tenant_id, users.webphone_enabled, users.sip_extension, users.sip_username, users.sip_password, users.sip_domain, users.sip_ws_server, users.sip_port, users.sip_protocol, users.webphone_api_key, users.webphone_process_id, users.webphone_agent_id, users.call_recording_enabled, users.call_log_enabled, users.meta_data 
FROM users 
WHERE users.id = $1::UUID
2026-08-04 06:58:33,227 INFO sqlalchemy.engine.Engine [cached since 8125s ago] ('019fa30c-7688-7655-9977-81f7710449c0',)
2026-08-04 06:58:33,229 INFO sqlalchemy.engine.Engine SELECT levels.id AS levels_id, levels.name AS levels_name, levels.description AS levels_description, levels.level_order AS levels_level_order 
FROM levels 
WHERE levels.id IN ($1::UUID)
2026-08-04 06:58:33,230 INFO sqlalchemy.engine.Engine [cached since 8125s ago] (UUID('019fa30c-6e16-717f-8c8f-786905fd29ed'),)
2026-08-04 06:58:33,231 INFO sqlalchemy.engine.Engine SELECT roles.id AS roles_id, roles.name AS roles_name, roles.description AS roles_description, roles.role_order AS roles_role_order, roles.tenant_id AS roles_tenant_id, roles.is_active AS roles_is_active 
FROM roles 
WHERE roles.id IN ($1::UUID)
2026-08-04 06:58:33,231 INFO sqlalchemy.engine.Engine [cached since 8125s ago] (UUID('019fa30c-6dfa-76b9-a1ec-702518695e5a'),)
2026-08-04 06:58:33,232 INFO sqlalchemy.engine.Engine SELECT levels.id AS levels_id, levels.name AS levels_name, levels.description AS levels_description, levels.level_order AS levels_level_order 
FROM levels 
WHERE levels.id IN ($1::UUID)
2026-08-04 06:58:33,232 INFO sqlalchemy.engine.Engine [cached since 8125s ago] (UUID('019fa30c-6e16-717f-8c8f-786905fd29ed'),)
2026-08-04 06:58:33,234 INFO sqlalchemy.engine.Engine SELECT users.is_active 
FROM users 
WHERE users.id = $1::UUID
2026-08-04 06:58:33,234 INFO sqlalchemy.engine.Engine [cached since 6.978s ago] (UUID('019fa30c-7688-7655-9977-81f7710449c0'),)
2026-08-04 06:58:33,235 INFO sqlalchemy.engine.Engine SELECT users.role_id 
FROM users 
WHERE users.id = $1::UUID
2026-08-04 06:58:33,235 INFO sqlalchemy.engine.Engine [cached since 6.977s ago] (UUID('019fa30c-7688-7655-9977-81f7710449c0'),)
2026-08-04 06:58:33,236 INFO sqlalchemy.engine.Engine SELECT roles.id AS roles_id, roles.name AS roles_name, roles.description AS roles_description, roles.role_order AS roles_role_order, roles.tenant_id AS roles_tenant_id, roles.is_active AS roles_is_active 
FROM roles 
WHERE roles.id IN ($1::UUID)
2026-08-04 06:58:33,236 INFO sqlalchemy.engine.Engine [cached since 8125s ago] (UUID('019fa30c-6dfa-76b9-a1ec-702518695e5a'),)
2026-08-04 06:58:33,237 INFO sqlalchemy.engine.Engine SELECT permissions.name 
FROM permissions JOIN role_permissions ON role_permissions.permission_id = permissions.id 
WHERE role_permissions.role_id = $1::UUID
2026-08-04 06:58:33,238 INFO sqlalchemy.engine.Engine [cached since 6.976s ago] (UUID('019fa30c-6dfa-76b9-a1ec-702518695e5a'),)
2026-08-04 06:58:33,239 INFO sqlalchemy.engine.Engine SELECT users.is_active 
FROM users 
WHERE users.id = $1::UUID
2026-08-04 06:58:33,239 INFO sqlalchemy.engine.Engine [cached since 6.983s ago] (UUID('019fa30c-7688-7655-9977-81f7710449c0'),)
2026-08-04 06:58:33,240 INFO sqlalchemy.engine.Engine SELECT users.id, users.username, users.password, users.email, users.fullname, users.create_day, users.chat_id, users.is_active, users.token_version, users.role_id, users.level_id, users.tenant_id, users.webphone_enabled, users.sip_extension, users.sip_username, users.sip_password, users.sip_domain, users.sip_ws_server, users.sip_port, users.sip_protocol, users.webphone_api_key, users.webphone_process_id, users.webphone_agent_id, users.call_recording_enabled, users.call_log_enabled, users.meta_data 
FROM users 
WHERE users.id = $1::UUID
2026-08-04 06:58:33,240 INFO sqlalchemy.engine.Engine [cached since 8125s ago] ('019fa30c-7688-7655-9977-81f7710449c0',)
2026-08-04 06:58:33,241 INFO sqlalchemy.engine.Engine SELECT users.role_id 
FROM users 
WHERE users.id = $1::UUID
2026-08-04 06:58:33,241 INFO sqlalchemy.engine.Engine [cached since 6.983s ago] (UUID('019fa30c-7688-7655-9977-81f7710449c0'),)
2026-08-04 06:58:33,242 INFO sqlalchemy.engine.Engine SELECT levels.id AS levels_id, levels.name AS levels_name, levels.description AS levels_description, levels.level_order AS levels_level_order 
FROM levels 
WHERE levels.id IN ($1::UUID)
2026-08-04 06:58:33,242 INFO sqlalchemy.engine.Engine [cached since 8125s ago] (UUID('019fa30c-6e16-717f-8c8f-786905fd29ed'),)
2026-08-04 06:58:33,243 INFO sqlalchemy.engine.Engine SELECT permissions.name 
FROM permissions JOIN role_permissions ON role_permissions.permission_id = permissions.id 
WHERE role_permissions.role_id = $1::UUID
2026-08-04 06:58:33,243 INFO sqlalchemy.engine.Engine [cached since 6.981s ago] (UUID('019fa30c-6dfa-76b9-a1ec-702518695e5a'),)
2026-08-04 06:58:33,243 INFO sqlalchemy.engine.Engine SELECT roles.id AS roles_id, roles.name AS roles_name, roles.description AS roles_description, roles.role_order AS roles_role_order, roles.tenant_id AS roles_tenant_id, roles.is_active AS roles_is_active 
FROM roles 
WHERE roles.id IN ($1::UUID)
2026-08-04 06:58:33,243 INFO sqlalchemy.engine.Engine [cached since 8125s ago] (UUID('019fa30c-6dfa-76b9-a1ec-702518695e5a'),)
2026-08-04 06:58:33,245 INFO sqlalchemy.engine.Engine SELECT max(levels.level_order) AS max_1 
FROM levels
2026-08-04 06:58:33,245 INFO sqlalchemy.engine.Engine [cached since 6.555s ago] ()
2026-08-04 06:58:33,246 INFO sqlalchemy.engine.Engine SELECT max(levels.level_order) AS max_1 
FROM levels
2026-08-04 06:58:33,246 INFO sqlalchemy.engine.Engine [cached since 6.556s ago] ()
2026-08-04 06:58:33,246 INFO sqlalchemy.engine.Engine SELECT roles.id, roles.name, roles.description, roles.role_order, roles.tenant_id, roles.is_active 
FROM roles 
 LIMIT $1::INTEGER OFFSET $2::INTEGER
2026-08-04 06:58:33,246 INFO sqlalchemy.engine.Engine [cached since 1.917s ago] (100, 0)
2026-08-04 06:58:33,248 INFO sqlalchemy.engine.Engine SELECT permissions.id, permissions.name, permissions.description, permissions.belong_to, permissions.tenant_id, permissions.is_active 
FROM permissions
2026-08-04 06:58:33,248 INFO sqlalchemy.engine.Engine [generated in 0.00014s] ()
2026-08-04 06:58:33,249 INFO sqlalchemy.engine.Engine SELECT users.role_id AS users_role_id, users.id AS users_id, users.username AS users_username, users.password AS users_password, users.email AS users_email, users.fullname AS users_fullname, users.create_day AS users_create_day, users.chat_id AS users_chat_id, users.is_active AS users_is_active, users.token_version AS users_token_version, users.level_id AS users_level_id, users.tenant_id AS users_tenant_id, users.webphone_enabled AS users_webphone_enabled, users.sip_extension AS users_sip_extension, users.sip_username AS users_sip_username, users.sip_password AS users_sip_password, users.sip_domain AS users_sip_domain, users.sip_ws_server AS users_sip_ws_server, users.sip_port AS users_sip_port, users.sip_protocol AS users_sip_protocol, users.webphone_api_key AS users_webphone_api_key, users.webphone_process_id AS users_webphone_process_id, users.webphone_agent_id AS users_webphone_agent_id, users.call_recording_enabled AS users_call_recording_enabled, users.call_log_enabled AS users_call_log_enabled, users.meta_data AS users_meta_data 
FROM users 
WHERE users.role_id IN ($1::UUID, $2::UUID)
2026-08-04 06:58:33,249 INFO sqlalchemy.engine.Engine [cached since 1.918s ago] (UUID('019fa30c-6dfa-76b9-a1ec-702518695e5a'), UUID('019fa30c-6e0b-7f67-83ed-8ee35dc6de62'))
2026-08-04 06:58:33,253 INFO sqlalchemy.engine.Engine ROLLBACK
2026-08-04 06:58:33,255 INFO sqlalchemy.engine.Engine SELECT levels.id AS levels_id, levels.name AS levels_name, levels.description AS levels_description, levels.level_order AS levels_level_order 
FROM levels 
WHERE levels.id IN ($1::UUID, $2::UUID, $3::UUID)
2026-08-04 06:58:33,255 INFO sqlalchemy.engine.Engine [cached since 1.921s ago] (UUID('019fa30c-6e16-717f-8c8f-786905fd29ed'), UUID('019fa30c-6e36-7603-8c1d-e0f1e1cdab60'), UUID('019fa30c-6e45-7de8-b19e-01532d8d61f7'))
INFO:     222.252.26.190:0 - "GET /api/v1/permissions/all HTTP/1.1" 200 OK
2026-08-04 06:58:33,257 INFO sqlalchemy.engine.Engine SELECT count(*) AS count_1 
FROM roles
2026-08-04 06:58:33,258 INFO sqlalchemy.engine.Engine [cached since 1.921s ago] ()
2026-08-04 06:58:33,259 INFO sqlalchemy.engine.Engine ROLLBACK
INFO:     222.252.26.190:0 - "GET /api/v1/roles?page=1&page_size=100 HTTP/1.1" 200 OK
INFO:     222.252.26.190:0 - "OPTIONS /api/v1/role-permission/019fa30c-6dfa-76b9-a1ec-702518695e5a HTTP/1.1" 200 OK
2026-08-04 06:58:33,577 INFO sqlalchemy.engine.Engine BEGIN (implicit)
2026-08-04 06:58:33,578 INFO sqlalchemy.engine.Engine SELECT users.id, users.username, users.password, users.email, users.fullname, users.create_day, users.chat_id, users.is_active, users.token_version, users.role_id, users.level_id, users.tenant_id, users.webphone_enabled, users.sip_extension, users.sip_username, users.sip_password, users.sip_domain, users.sip_ws_server, users.sip_port, users.sip_protocol, users.webphone_api_key, users.webphone_process_id, users.webphone_agent_id, users.call_recording_enabled, users.call_log_enabled, users.meta_data 
FROM users 
WHERE users.id = $1::UUID
2026-08-04 06:58:33,578 INFO sqlalchemy.engine.Engine [cached since 8125s ago] ('019fa30c-7688-7655-9977-81f7710449c0',)
2026-08-04 06:58:33,581 INFO sqlalchemy.engine.Engine SELECT levels.id AS levels_id, levels.name AS levels_name, levels.description AS levels_description, levels.level_order AS levels_level_order 
FROM levels 
WHERE levels.id IN ($1::UUID)
2026-08-04 06:58:33,582 INFO sqlalchemy.engine.Engine [cached since 8125s ago] (UUID('019fa30c-6e16-717f-8c8f-786905fd29ed'),)
2026-08-04 06:58:33,584 INFO sqlalchemy.engine.Engine SELECT roles.id AS roles_id, roles.name AS roles_name, roles.description AS roles_description, roles.role_order AS roles_role_order, roles.tenant_id AS roles_tenant_id, roles.is_active AS roles_is_active 
FROM roles 
WHERE roles.id IN ($1::UUID)
2026-08-04 06:58:33,584 INFO sqlalchemy.engine.Engine [cached since 8125s ago] (UUID('019fa30c-6dfa-76b9-a1ec-702518695e5a'),)
2026-08-04 06:58:33,587 INFO sqlalchemy.engine.Engine SELECT users.is_active 
FROM users 
WHERE users.id = $1::UUID
2026-08-04 06:58:33,587 INFO sqlalchemy.engine.Engine [cached since 7.331s ago] (UUID('019fa30c-7688-7655-9977-81f7710449c0'),)
2026-08-04 06:58:33,588 INFO sqlalchemy.engine.Engine SELECT users.role_id 
FROM users 
WHERE users.id = $1::UUID
2026-08-04 06:58:33,589 INFO sqlalchemy.engine.Engine [cached since 7.33s ago] (UUID('019fa30c-7688-7655-9977-81f7710449c0'),)
2026-08-04 06:58:33,590 INFO sqlalchemy.engine.Engine SELECT permissions.name 
FROM permissions JOIN role_permissions ON role_permissions.permission_id = permissions.id 
WHERE role_permissions.role_id = $1::UUID
2026-08-04 06:58:33,590 INFO sqlalchemy.engine.Engine [cached since 7.329s ago] (UUID('019fa30c-6dfa-76b9-a1ec-702518695e5a'),)
2026-08-04 06:58:33,592 INFO sqlalchemy.engine.Engine SELECT max(levels.level_order) AS max_1 
FROM levels
2026-08-04 06:58:33,592 INFO sqlalchemy.engine.Engine [cached since 6.902s ago] ()
2026-08-04 06:58:33,593 INFO sqlalchemy.engine.Engine SELECT permissions.id, permissions.name, permissions.description, permissions.belong_to, permissions.tenant_id, permissions.is_active 
FROM permissions JOIN role_permissions ON permissions.id = role_permissions.permission_id 
WHERE role_permissions.role_id = $1::UUID
2026-08-04 06:58:33,593 INFO sqlalchemy.engine.Engine [generated in 0.00015s] (UUID('019fa30c-6dfa-76b9-a1ec-702518695e5a'),)
2026-08-04 06:58:33,598 INFO sqlalchemy.engine.Engine ROLLBACK
INFO:     222.252.26.190:0 - "GET /api/v1/role-permission/019fa30c-6dfa-76b9-a1ec-702518695e5a HTTP/1.1" 200 OK
6s8UKT4PbByyehgRAAAE: Sending packet PING data None
6s8UKT4PbByyehgRAAAE: Received packet PONG data 
6s8UKT4PbByyehgRAAAE: Sending packet PING data None
6s8UKT4PbByyehgRAAAE: Received packet PONG data 
WARNING:  Invalid HTTP request received.
WARNING:  Invalid HTTP request received.
WARNING:  Invalid HTTP request received.
6s8UKT4PbByyehgRAAAE: Sending packet PING data None
6s8UKT4PbByyehgRAAAE: Received packet PONG data 
6s8UKT4PbByyehgRAAAE: Sending packet PING data None
6s8UKT4PbByyehgRAAAE: Received packet PONG data 
6s8UKT4PbByyehgRAAAE: Sending packet PING data None
6s8UKT4PbByyehgRAAAE: Received packet PONG data 
6s8UKT4PbByyehgRAAAE: Sending packet PING data None
6s8UKT4PbByyehgRAAAE: Received packet PONG data 
6s8UKT4PbByyehgRAAAE: Sending packet PING data None
6s8UKT4PbByyehgRAAAE: Received packet PONG data 
6s8UKT4PbByyehgRAAAE: Sending packet PING data None
6s8UKT4PbByyehgRAAAE: Received packet PONG data 
6s8UKT4PbByyehgRAAAE: Sending packet PING data None
6s8UKT4PbByyehgRAAAE: Received packet PONG data 
6s8UKT4PbByyehgRAAAE: Sending packet PING data None
6s8UKT4PbByyehgRAAAE: Received packet PONG data 
6s8UKT4PbByyehgRAAAE: Sending packet PING data None
6s8UKT4PbByyehgRAAAE: Received packet PONG data 
6s8UKT4PbByyehgRAAAE: Sending packet PING data None
6s8UKT4PbByyehgRAAAE: Received packet PONG data 
6s8UKT4PbByyehgRAAAE: Sending packet PING data None
6s8UKT4PbByyehgRAAAE: Received packet PONG data 
6s8UKT4PbByyehgRAAAE: Sending packet PING data None
6s8UKT4PbByyehgRAAAE: Received packet PONG data 
6s8UKT4PbByyehgRAAAE: Sending packet PING data None
6s8UKT4PbByyehgRAAAE: Received packet PONG data 
6s8UKT4PbByyehgRAAAE: Sending packet PING data None
6s8UKT4PbByyehgRAAAE: Received packet PONG data 
WARNING:  Invalid HTTP request received.
WARNING:  Invalid HTTP request received.
WARNING:  Invalid HTTP request received.
6s8UKT4PbByyehgRAAAE: Sending packet PING data None
6s8UKT4PbByyehgRAAAE: Received packet PONG data 
6s8UKT4PbByyehgRAAAE: Sending packet PING data None
6s8UKT4PbByyehgRAAAE: Received packet PONG data 
6s8UKT4PbByyehgRAAAE: Sending packet PING data None
6s8UKT4PbByyehgRAAAE: Received packet PONG data 
6s8UKT4PbByyehgRAAAE: Sending packet PING data None
6s8UKT4PbByyehgRAAAE: Received packet PONG data 
6s8UKT4PbByyehgRAAAE: Sending packet PING data None
6s8UKT4PbByyehgRAAAE: Received packet PONG data 
6s8UKT4PbByyehgRAAAE: Sending packet PING data None
6s8UKT4PbByyehgRAAAE: Received packet PONG data 
6s8UKT4PbByyehgRAAAE: Sending packet PING data None
6s8UKT4PbByyehgRAAAE: Received packet PONG data 
6s8UKT4PbByyehgRAAAE: Sending packet PING data None
6s8UKT4PbByyehgRAAAE: Received packet PONG data 
6s8UKT4PbByyehgRAAAE: Sending packet PING data None
6s8UKT4PbByyehgRAAAE: Received packet PONG data 
6s8UKT4PbByyehgRAAAE: Sending packet PING data None
6s8UKT4PbByyehgRAAAE: Received packet PONG data 
6s8UKT4PbByyehgRAAAE: Sending packet PING data None
6s8UKT4PbByyehgRAAAE: Received packet PONG data 
6s8UKT4PbByyehgRAAAE: Sending packet PING data None
6s8UKT4PbByyehgRAAAE: Received packet PONG data 
6s8UKT4PbByyehgRAAAE: Sending packet PING data None
6s8UKT4PbByyehgRAAAE: Received packet PONG data 
INFO:     222.252.26.190:0 - "OPTIONS /api/v1/roles?page=1&page_size=100 HTTP/1.1" 200 OK
INFO:     222.252.26.190:0 - "OPTIONS /api/v1/permissions/all HTTP/1.1" 200 OK
INFO:     222.252.26.190:0 - "OPTIONS /api/v1/role-permission/019fa30c-6dfa-76b9-a1ec-702518695e5a HTTP/1.1" 200 OK
INFO:     222.252.26.190:0 - "OPTIONS /api/v1/user/current HTTP/1.1" 200 OK
2026-08-04 07:10:51,589 INFO sqlalchemy.engine.Engine BEGIN (implicit)
2026-08-04 07:10:51,590 INFO sqlalchemy.engine.Engine SELECT users.id AS users_id, users.username AS users_username, users.password AS users_password, users.email AS users_email, users.fullname AS users_fullname, users.create_day AS users_create_day, users.chat_id AS users_chat_id, users.is_active AS users_is_active, users.token_version AS users_token_version, users.role_id AS users_role_id, users.level_id AS users_level_id, users.tenant_id AS users_tenant_id, users.webphone_enabled AS users_webphone_enabled, users.sip_extension AS users_sip_extension, users.sip_username AS users_sip_username, users.sip_password AS users_sip_password, users.sip_domain AS users_sip_domain, users.sip_ws_server AS users_sip_ws_server, users.sip_port AS users_sip_port, users.sip_protocol AS users_sip_protocol, users.webphone_api_key AS users_webphone_api_key, users.webphone_process_id AS users_webphone_process_id, users.webphone_agent_id AS users_webphone_agent_id, users.call_recording_enabled AS users_call_recording_enabled, users.call_log_enabled AS users_call_log_enabled, users.meta_data AS users_meta_data 
FROM users 
WHERE users.id = $1::UUID
2026-08-04 07:10:51,591 INFO sqlalchemy.engine.Engine [cached since 745.3s ago] (UUID('019fa30c-7688-7655-9977-81f7710449c0'),)
2026-08-04 07:10:51,593 INFO sqlalchemy.engine.Engine BEGIN (implicit)
2026-08-04 07:10:51,594 INFO sqlalchemy.engine.Engine SELECT users.id, users.username, users.password, users.email, users.fullname, users.create_day, users.chat_id, users.is_active, users.token_version, users.role_id, users.level_id, users.tenant_id, users.webphone_enabled, users.sip_extension, users.sip_username, users.sip_password, users.sip_domain, users.sip_ws_server, users.sip_port, users.sip_protocol, users.webphone_api_key, users.webphone_process_id, users.webphone_agent_id, users.call_recording_enabled, users.call_log_enabled, users.meta_data 
FROM users 
WHERE users.id = $1::UUID
2026-08-04 07:10:51,594 INFO sqlalchemy.engine.Engine [cached since 8864s ago] ('019fa30c-7688-7655-9977-81f7710449c0',)
2026-08-04 07:10:51,600 INFO sqlalchemy.engine.Engine SELECT levels.id AS levels_id, levels.name AS levels_name, levels.description AS levels_description, levels.level_order AS levels_level_order 
FROM levels 
WHERE levels.id IN ($1::UUID)
2026-08-04 07:10:51,601 INFO sqlalchemy.engine.Engine [cached since 8864s ago] (UUID('019fa30c-6e16-717f-8c8f-786905fd29ed'),)
2026-08-04 07:10:51,602 INFO sqlalchemy.engine.Engine SELECT levels.id AS levels_id, levels.name AS levels_name, levels.description AS levels_description, levels.level_order AS levels_level_order 
FROM levels 
WHERE levels.id IN ($1::UUID)
2026-08-04 07:10:51,602 INFO sqlalchemy.engine.Engine [cached since 8864s ago] (UUID('019fa30c-6e16-717f-8c8f-786905fd29ed'),)
2026-08-04 07:10:51,603 INFO sqlalchemy.engine.Engine SELECT roles.id AS roles_id, roles.name AS roles_name, roles.description AS roles_description, roles.role_order AS roles_role_order, roles.tenant_id AS roles_tenant_id, roles.is_active AS roles_is_active 
FROM roles 
WHERE roles.id IN ($1::UUID)
2026-08-04 07:10:51,603 INFO sqlalchemy.engine.Engine [cached since 8864s ago] (UUID('019fa30c-6dfa-76b9-a1ec-702518695e5a'),)
2026-08-04 07:10:51,604 INFO sqlalchemy.engine.Engine SELECT roles.id AS roles_id, roles.name AS roles_name, roles.description AS roles_description, roles.role_order AS roles_role_order, roles.tenant_id AS roles_tenant_id, roles.is_active AS roles_is_active 
FROM roles 
WHERE roles.id IN ($1::UUID)
2026-08-04 07:10:51,604 INFO sqlalchemy.engine.Engine [cached since 8864s ago] (UUID('019fa30c-6dfa-76b9-a1ec-702518695e5a'),)
2026-08-04 07:10:51,605 INFO sqlalchemy.engine.Engine SELECT users.is_active 
FROM users 
WHERE users.id = $1::UUID
2026-08-04 07:10:51,605 INFO sqlalchemy.engine.Engine [cached since 745.3s ago] (UUID('019fa30c-7688-7655-9977-81f7710449c0'),)
2026-08-04 07:10:51,606 INFO sqlalchemy.engine.Engine SELECT users.is_active 
FROM users 
WHERE users.id = $1::UUID
2026-08-04 07:10:51,606 INFO sqlalchemy.engine.Engine [cached since 745.4s ago] (UUID('019fa30c-7688-7655-9977-81f7710449c0'),)
2026-08-04 07:10:51,664 INFO sqlalchemy.engine.Engine SELECT users.role_id 
FROM users 
WHERE users.id = $1::UUID
2026-08-04 07:10:51,664 INFO sqlalchemy.engine.Engine [cached since 745.4s ago] (UUID('019fa30c-7688-7655-9977-81f7710449c0'),)
2026-08-04 07:10:51,665 INFO sqlalchemy.engine.Engine SELECT users.role_id 
FROM users 
WHERE users.id = $1::UUID
2026-08-04 07:10:51,665 INFO sqlalchemy.engine.Engine [cached since 745.4s ago] (UUID('019fa30c-7688-7655-9977-81f7710449c0'),)
2026-08-04 07:10:51,666 INFO sqlalchemy.engine.Engine SELECT permissions.name 
FROM permissions JOIN role_permissions ON role_permissions.permission_id = permissions.id 
WHERE role_permissions.role_id = $1::UUID
2026-08-04 07:10:51,666 INFO sqlalchemy.engine.Engine [cached since 745.4s ago] (UUID('019fa30c-6dfa-76b9-a1ec-702518695e5a'),)
2026-08-04 07:10:51,669 INFO sqlalchemy.engine.Engine SELECT max(levels.level_order) AS max_1 
FROM levels
2026-08-04 07:10:51,669 INFO sqlalchemy.engine.Engine [cached since 745s ago] ()
2026-08-04 07:10:51,670 INFO sqlalchemy.engine.Engine SELECT permissions.name 
FROM permissions JOIN role_permissions ON role_permissions.permission_id = permissions.id 
WHERE role_permissions.role_id = $1::UUID
2026-08-04 07:10:51,670 INFO sqlalchemy.engine.Engine [cached since 745.4s ago] (UUID('019fa30c-6dfa-76b9-a1ec-702518695e5a'),)
2026-08-04 07:10:51,671 INFO sqlalchemy.engine.Engine SELECT permissions.id, permissions.name, permissions.description, permissions.belong_to, permissions.tenant_id, permissions.is_active 
FROM permissions
2026-08-04 07:10:51,671 INFO sqlalchemy.engine.Engine [cached since 738.4s ago] ()
2026-08-04 07:10:51,673 INFO sqlalchemy.engine.Engine SELECT users.id, users.username, users.password, users.email, users.fullname, users.create_day, users.chat_id, users.is_active, users.token_version, users.role_id, users.level_id, users.tenant_id, users.webphone_enabled, users.sip_extension, users.sip_username, users.sip_password, users.sip_domain, users.sip_ws_server, users.sip_port, users.sip_protocol, users.webphone_api_key, users.webphone_process_id, users.webphone_agent_id, users.call_recording_enabled, users.call_log_enabled, users.meta_data 
FROM users 
WHERE users.id = $1::UUID
2026-08-04 07:10:51,673 INFO sqlalchemy.engine.Engine [cached since 8864s ago] ('019fa30c-7688-7655-9977-81f7710449c0',)
2026-08-04 07:10:51,678 INFO sqlalchemy.engine.Engine ROLLBACK
2026-08-04 07:10:51,679 INFO sqlalchemy.engine.Engine SELECT levels.id AS levels_id, levels.name AS levels_name, levels.description AS levels_description, levels.level_order AS levels_level_order 
FROM levels 
WHERE levels.id IN ($1::UUID)
2026-08-04 07:10:51,679 INFO sqlalchemy.engine.Engine [cached since 8864s ago] (UUID('019fa30c-6e16-717f-8c8f-786905fd29ed'),)
2026-08-04 07:10:51,681 INFO sqlalchemy.engine.Engine SELECT roles.id AS roles_id, roles.name AS roles_name, roles.description AS roles_description, roles.role_order AS roles_role_order, roles.tenant_id AS roles_tenant_id, roles.is_active AS roles_is_active 
FROM roles 
WHERE roles.id IN ($1::UUID)
2026-08-04 07:10:51,681 INFO sqlalchemy.engine.Engine [cached since 8864s ago] (UUID('019fa30c-6dfa-76b9-a1ec-702518695e5a'),)
2026-08-04 07:10:51,683 INFO sqlalchemy.engine.Engine SELECT max(levels.level_order) AS max_1 
FROM levels
2026-08-04 07:10:51,683 INFO sqlalchemy.engine.Engine [cached since 745s ago] ()
INFO:     222.252.26.190:0 - "GET /api/v1/permissions/all HTTP/1.1" 200 OK
2026-08-04 07:10:51,684 INFO sqlalchemy.engine.Engine BEGIN (implicit)
2026-08-04 07:10:51,684 INFO sqlalchemy.engine.Engine SELECT users.id AS users_id, users.username AS users_username, users.password AS users_password, users.email AS users_email, users.fullname AS users_fullname, users.create_day AS users_create_day, users.chat_id AS users_chat_id, users.is_active AS users_is_active, users.token_version AS users_token_version, users.role_id AS users_role_id, users.level_id AS users_level_id, users.tenant_id AS users_tenant_id, users.webphone_enabled AS users_webphone_enabled, users.sip_extension AS users_sip_extension, users.sip_username AS users_sip_username, users.sip_password AS users_sip_password, users.sip_domain AS users_sip_domain, users.sip_ws_server AS users_sip_ws_server, users.sip_port AS users_sip_port, users.sip_protocol AS users_sip_protocol, users.webphone_api_key AS users_webphone_api_key, users.webphone_process_id AS users_webphone_process_id, users.webphone_agent_id AS users_webphone_agent_id, users.call_recording_enabled AS users_call_recording_enabled, users.call_log_enabled AS users_call_log_enabled, users.meta_data AS users_meta_data 
FROM users 
WHERE users.id = $1::UUID
2026-08-04 07:10:51,684 INFO sqlalchemy.engine.Engine [cached since 745.4s ago] (UUID('019fa30c-7688-7655-9977-81f7710449c0'),)
2026-08-04 07:10:51,685 INFO sqlalchemy.engine.Engine SELECT roles.id, roles.name, roles.description, roles.role_order, roles.tenant_id, roles.is_active 
FROM roles 
 LIMIT $1::INTEGER OFFSET $2::INTEGER
2026-08-04 07:10:51,685 INFO sqlalchemy.engine.Engine [cached since 740.4s ago] (100, 0)
2026-08-04 07:10:51,685 INFO sqlalchemy.engine.Engine BEGIN (implicit)
2026-08-04 07:10:51,686 INFO sqlalchemy.engine.Engine SELECT users.id, users.username, users.password, users.email, users.fullname, users.create_day, users.chat_id, users.is_active, users.token_version, users.role_id, users.level_id, users.tenant_id, users.webphone_enabled, users.sip_extension, users.sip_username, users.sip_password, users.sip_domain, users.sip_ws_server, users.sip_port, users.sip_protocol, users.webphone_api_key, users.webphone_process_id, users.webphone_agent_id, users.call_recording_enabled, users.call_log_enabled, users.meta_data 
FROM users 
WHERE users.id = $1::UUID
2026-08-04 07:10:51,686 INFO sqlalchemy.engine.Engine [cached since 8864s ago] ('019fa30c-7688-7655-9977-81f7710449c0',)
2026-08-04 07:10:51,688 INFO sqlalchemy.engine.Engine SELECT users.role_id AS users_role_id, users.id AS users_id, users.username AS users_username, users.password AS users_password, users.email AS users_email, users.fullname AS users_fullname, users.create_day AS users_create_day, users.chat_id AS users_chat_id, users.is_active AS users_is_active, users.token_version AS users_token_version, users.level_id AS users_level_id, users.tenant_id AS users_tenant_id, users.webphone_enabled AS users_webphone_enabled, users.sip_extension AS users_sip_extension, users.sip_username AS users_sip_username, users.sip_password AS users_sip_password, users.sip_domain AS users_sip_domain, users.sip_ws_server AS users_sip_ws_server, users.sip_port AS users_sip_port, users.sip_protocol AS users_sip_protocol, users.webphone_api_key AS users_webphone_api_key, users.webphone_process_id AS users_webphone_process_id, users.webphone_agent_id AS users_webphone_agent_id, users.call_recording_enabled AS users_call_recording_enabled, users.call_log_enabled AS users_call_log_enabled, users.meta_data AS users_meta_data 
FROM users 
WHERE users.role_id IN ($1::UUID, $2::UUID)
2026-08-04 07:10:51,688 INFO sqlalchemy.engine.Engine [cached since 740.4s ago] (UUID('019fa30c-6dfa-76b9-a1ec-702518695e5a'), UUID('019fa30c-6e0b-7f67-83ed-8ee35dc6de62'))
2026-08-04 07:10:51,690 INFO sqlalchemy.engine.Engine SELECT levels.id AS levels_id, levels.name AS levels_name, levels.description AS levels_description, levels.level_order AS levels_level_order 
FROM levels 
WHERE levels.id IN ($1::UUID, $2::UUID, $3::UUID)
2026-08-04 07:10:51,690 INFO sqlalchemy.engine.Engine [cached since 740.4s ago] (UUID('019fa30c-6e16-717f-8c8f-786905fd29ed'), UUID('019fa30c-6e36-7603-8c1d-e0f1e1cdab60'), UUID('019fa30c-6e45-7de8-b19e-01532d8d61f7'))
2026-08-04 07:10:51,691 INFO sqlalchemy.engine.Engine SELECT levels.id AS levels_id, levels.name AS levels_name, levels.description AS levels_description, levels.level_order AS levels_level_order 
FROM levels 
WHERE levels.id IN ($1::UUID)
2026-08-04 07:10:51,691 INFO sqlalchemy.engine.Engine [cached since 8864s ago] (UUID('019fa30c-6e16-717f-8c8f-786905fd29ed'),)
2026-08-04 07:10:51,692 INFO sqlalchemy.engine.Engine SELECT levels.id AS levels_id, levels.name AS levels_name, levels.description AS levels_description, levels.level_order AS levels_level_order 
FROM levels 
WHERE levels.id IN ($1::UUID)
2026-08-04 07:10:51,692 INFO sqlalchemy.engine.Engine [cached since 8864s ago] (UUID('019fa30c-6e16-717f-8c8f-786905fd29ed'),)
2026-08-04 07:10:51,694 INFO sqlalchemy.engine.Engine SELECT count(*) AS count_1 
FROM roles
2026-08-04 07:10:51,694 INFO sqlalchemy.engine.Engine [cached since 740.4s ago] ()
2026-08-04 07:10:51,695 INFO sqlalchemy.engine.Engine ROLLBACK
2026-08-04 07:10:51,696 INFO sqlalchemy.engine.Engine SELECT roles.id AS roles_id, roles.name AS roles_name, roles.description AS roles_description, roles.role_order AS roles_role_order, roles.tenant_id AS roles_tenant_id, roles.is_active AS roles_is_active 
FROM roles 
WHERE roles.id IN ($1::UUID)
2026-08-04 07:10:51,696 INFO sqlalchemy.engine.Engine [cached since 8864s ago] (UUID('019fa30c-6dfa-76b9-a1ec-702518695e5a'),)
2026-08-04 07:10:51,697 INFO sqlalchemy.engine.Engine SELECT roles.id AS roles_id, roles.name AS roles_name, roles.description AS roles_description, roles.role_order AS roles_role_order, roles.tenant_id AS roles_tenant_id, roles.is_active AS roles_is_active 
FROM roles 
WHERE roles.id IN ($1::UUID)
2026-08-04 07:10:51,697 INFO sqlalchemy.engine.Engine [cached since 8864s ago] (UUID('019fa30c-6dfa-76b9-a1ec-702518695e5a'),)
INFO:     222.252.26.190:0 - "GET /api/v1/roles?page=1&page_size=100 HTTP/1.1" 200 OK
2026-08-04 07:10:51,699 INFO sqlalchemy.engine.Engine SELECT users.is_active 
FROM users 
WHERE users.id = $1::UUID
2026-08-04 07:10:51,699 INFO sqlalchemy.engine.Engine [cached since 745.4s ago] (UUID('019fa30c-7688-7655-9977-81f7710449c0'),)
2026-08-04 07:10:51,700 INFO sqlalchemy.engine.Engine SELECT users.is_active 
FROM users 
WHERE users.id = $1::UUID
2026-08-04 07:10:51,701 INFO sqlalchemy.engine.Engine [cached since 745.4s ago] (UUID('019fa30c-7688-7655-9977-81f7710449c0'),)
2026-08-04 07:10:51,702 INFO sqlalchemy.engine.Engine SELECT users.role_id 
FROM users 
WHERE users.id = $1::UUID
2026-08-04 07:10:51,702 INFO sqlalchemy.engine.Engine [cached since 745.4s ago] (UUID('019fa30c-7688-7655-9977-81f7710449c0'),)
2026-08-04 07:10:51,703 INFO sqlalchemy.engine.Engine SELECT users.role_id 
FROM users 
WHERE users.id = $1::UUID
2026-08-04 07:10:51,703 INFO sqlalchemy.engine.Engine [cached since 745.4s ago] (UUID('019fa30c-7688-7655-9977-81f7710449c0'),)
2026-08-04 07:10:51,704 INFO sqlalchemy.engine.Engine SELECT permissions.name 
FROM permissions JOIN role_permissions ON role_permissions.permission_id = permissions.id 
WHERE role_permissions.role_id = $1::UUID
2026-08-04 07:10:51,705 INFO sqlalchemy.engine.Engine [cached since 745.4s ago] (UUID('019fa30c-6dfa-76b9-a1ec-702518695e5a'),)
2026-08-04 07:10:51,705 INFO sqlalchemy.engine.Engine SELECT permissions.name 
FROM permissions JOIN role_permissions ON role_permissions.permission_id = permissions.id 
WHERE role_permissions.role_id = $1::UUID
2026-08-04 07:10:51,706 INFO sqlalchemy.engine.Engine [cached since 745.4s ago] (UUID('019fa30c-6dfa-76b9-a1ec-702518695e5a'),)
2026-08-04 07:10:51,709 INFO sqlalchemy.engine.Engine SELECT users.id, users.username, users.password, users.email, users.fullname, users.create_day, users.chat_id, users.is_active, users.token_version, users.role_id, users.level_id, users.tenant_id, users.webphone_enabled, users.sip_extension, users.sip_username, users.sip_password, users.sip_domain, users.sip_ws_server, users.sip_port, users.sip_protocol, users.webphone_api_key, users.webphone_process_id, users.webphone_agent_id, users.call_recording_enabled, users.call_log_enabled, users.meta_data, roles_1.id AS id_1, roles_1.name, roles_1.description, roles_1.role_order, roles_1.tenant_id AS tenant_id_1, roles_1.is_active AS is_active_1, levels_1.id AS id_2, levels_1.name AS name_1, levels_1.description AS description_1, levels_1.level_order 
FROM users LEFT OUTER JOIN roles AS roles_1 ON roles_1.id = users.role_id LEFT OUTER JOIN levels AS levels_1 ON levels_1.id = users.level_id 
WHERE users.id = $1::UUID
2026-08-04 07:10:51,709 INFO sqlalchemy.engine.Engine [cached since 745.4s ago] (UUID('019fa30c-7688-7655-9977-81f7710449c0'),)
2026-08-04 07:10:51,710 INFO sqlalchemy.engine.Engine SELECT max(levels.level_order) AS max_1 
FROM levels
2026-08-04 07:10:51,710 INFO sqlalchemy.engine.Engine [cached since 745s ago] ()
2026-08-04 07:10:51,712 INFO sqlalchemy.engine.Engine SELECT permissions.name 
FROM permissions JOIN role_permissions ON permissions.id = role_permissions.permission_id JOIN roles ON role_permissions.role_id = roles.id JOIN users ON users.role_id = roles.id 
WHERE users.id = $1::UUID
2026-08-04 07:10:51,712 INFO sqlalchemy.engine.Engine [cached since 745.4s ago] (UUID('019fa30c-7688-7655-9977-81f7710449c0'),)
2026-08-04 07:10:51,713 INFO sqlalchemy.engine.Engine SELECT permissions.id, permissions.name, permissions.description, permissions.belong_to, permissions.tenant_id, permissions.is_active 
FROM permissions JOIN role_permissions ON permissions.id = role_permissions.permission_id 
WHERE role_permissions.role_id = $1::UUID
2026-08-04 07:10:51,713 INFO sqlalchemy.engine.Engine [cached since 738.1s ago] (UUID('019fa30c-6dfa-76b9-a1ec-702518695e5a'),)
Check result: ['view_users', 'current_user', 'delete_users', 'create_users', 'edit_users', 'view_user_groups', 'edit_roles', 'view_roles', 'delete_roles', 'create_roles', 'view_permissions', 'edit_permissions', 'delete_permissions', 'create_permissions', 'assign_permissions_to_role', 'delete_permission_from_role', 'view_logs', 'view_levels', 'create_level', 'edit_level', 'delete_level', 'view_departments', 'create_department', 'edit_department', 'delete_department', 'view_groups', 'create_group', 'edit_group', 'delete_group', 'assign_user_to_group', 'delete_user_group', 'view_role_permissions_by_role_id', 'view_tags', 'view_tag_by_id', 'create_tag', 'edit_tag', 'delete_tag', 'view_tickets', 'create_ticket', 'edit_ticket', 'delete_ticket', 'assign_ticket', 'view_ticket_events', 'create_ticket_event', 'edit_ticket_event', 'delete_ticket_event', 'view_ticket_templates', 'create_ticket_template', 'edit_ticket_template', 'delete_ticket_template', 'view_ticket_contexts', 'create_ticket_context', 'edit_ticket_context', 'delete_ticket_context', 'view_ticket_extensions', 'create_ticket_extension', 'edit_ticket_extension', 'delete_ticket_extension', 'view_ticket_flows', 'view_ticket_flow_by_id', 'create_ticket_flow', 'edit_ticket_flow', 'delete_ticket_flow', 'view_ticket_flow_instances', 'view_ticket_flow_instance_by_id', 'create_ticket_flow_instance', 'edit_ticket_flow_instance', 'delete_ticket_flow_instance', 'view_ticket_flow_steps', 'view_ticket_flow_step_by_id', 'create_ticket_flow_step', 'edit_ticket_flow_step', 'delete_ticket_flow_step', 'view_customers', 'view_customer_by_id', 'create_customer', 'edit_customer', 'delete_customer', 'view_customer_provided_info', 'create_customer_provided_info', 'edit_customer_provided_info', 'delete_customer_provided_info', 'view_tenants', 'create_tenant', 'edit_tenant', 'delete_tenant', 'view_level_by_id', 'view_department_by_id', 'view_group_by_id', 'view_group_detail_by_id', 'view_messaging_accounts', 'create_messaging_account', 'edit_messaging_account', 'delete_messaging_account', 'sync_messaging_integration', 'view_messaging_conversations', 'create_messaging_conversation', 'edit_messaging_conversation', 'delete_messaging_conversation', 'send_messaging_message', 'delete_messaging_message', 'assign_messaging_conversation', 'view_messaging_inboxes', 'create_messaging_inbox', 'edit_messaging_inbox', 'manage_messaging_inbox_members', 'view_messaging_labels', 'create_messaging_label', 'delete_messaging_label', 'bulk_messaging_actions', 'view_messaging_custom_filters', 'create_messaging_custom_filter', 'edit_messaging_custom_filter', 'delete_messaging_custom_filter', 'view_messaging_agents', 'create_messaging_agent', 'edit_messaging_agent', 'delete_messaging_agent', 'view_messaging_teams', 'create_messaging_team', 'edit_messaging_team', 'delete_messaging_team', 'manage_messaging_team_members', 'view_messaging_agent_bots', 'create_messaging_agent_bot', 'edit_messaging_agent_bot', 'delete_messaging_agent_bot', 'view_messaging_users', 'create_messaging_user', 'edit_messaging_user', 'delete_messaging_user']
2026-08-04 07:10:51,716 INFO sqlalchemy.engine.Engine SELECT tenant.id AS tenant_id, tenant.name AS tenant_name, tenant.description AS tenant_description, tenant.is_active AS tenant_is_active, tenant.partner_id AS tenant_partner_id, tenant.graph_id AS tenant_graph_id, tenant.agent_id AS tenant_agent_id, tenant.graph_activated AS tenant_graph_activated, tenant.meta_data AS tenant_meta_data, tenant.webcall_config AS tenant_webcall_config 
FROM tenant 
WHERE tenant.id = $1::UUID
2026-08-04 07:10:51,716 INFO sqlalchemy.engine.Engine [cached since 745.4s ago] (UUID('019fa30c-6ba1-7ebf-923c-5c1e2b5a953c'),)
2026-08-04 07:10:51,720 INFO sqlalchemy.engine.Engine ROLLBACK
INFO:     222.252.26.190:0 - "GET /api/v1/role-permission/019fa30c-6dfa-76b9-a1ec-702518695e5a HTTP/1.1" 200 OK
2026-08-04 07:10:51,722 INFO sqlalchemy.engine.Engine ROLLBACK
INFO:     222.252.26.190:0 - "GET /api/v1/user/current HTTP/1.1" 200 OK
6s8UKT4PbByyehgRAAAE: Sending packet PING data None
6s8UKT4PbByyehgRAAAE: Received packet PONG data 
6s8UKT4PbByyehgRAAAE: Sending packet PING data None
6s8UKT4PbByyehgRAAAE: Received packet PONG data 
WARNING:  Invalid HTTP request received.
WARNING:  Invalid HTTP request received.
WARNING:  Invalid HTTP request received.
6s8UKT4PbByyehgRAAAE: Sending packet PING data None
6s8UKT4PbByyehgRAAAE: Received packet PONG data 
6s8UKT4PbByyehgRAAAE: Sending packet PING data None
6s8UKT4PbByyehgRAAAE: Received packet PONG data 
6s8UKT4PbByyehgRAAAE: Sending packet PING data None
6s8UKT4PbByyehgRAAAE: Received packet PONG data 
6s8UKT4PbByyehgRAAAE: Sending packet PING data None
6s8UKT4PbByyehgRAAAE: Received packet PONG data 
6s8UKT4PbByyehgRAAAE: Sending packet PING data None
6s8UKT4PbByyehgRAAAE: Received packet PONG data 
INFO:     connection closed
2026-08-04 07:13:41,392 INFO sqlalchemy.engine.Engine BEGIN (implicit)
2026-08-04 07:13:41,393 INFO sqlalchemy.engine.Engine SELECT users.id AS users_id, users.username AS users_username, users.password AS users_password, users.email AS users_email, users.fullname AS users_fullname, users.create_day AS users_create_day, users.chat_id AS users_chat_id, users.is_active AS users_is_active, users.token_version AS users_token_version, users.role_id AS users_role_id, users.level_id AS users_level_id, users.tenant_id AS users_tenant_id, users.webphone_enabled AS users_webphone_enabled, users.sip_extension AS users_sip_extension, users.sip_username AS users_sip_username, users.sip_password AS users_sip_password, users.sip_domain AS users_sip_domain, users.sip_ws_server AS users_sip_ws_server, users.sip_port AS users_sip_port, users.sip_protocol AS users_sip_protocol, users.webphone_api_key AS users_webphone_api_key, users.webphone_process_id AS users_webphone_process_id, users.webphone_agent_id AS users_webphone_agent_id, users.call_recording_enabled AS users_call_recording_enabled, users.call_log_enabled AS users_call_log_enabled, users.meta_data AS users_meta_data 
FROM users 
WHERE users.id = $1::UUID
2026-08-04 07:13:41,394 INFO sqlalchemy.engine.Engine [cached since 915.1s ago] (UUID('019fa30c-7688-7655-9977-81f7710449c0'),)
2026-08-04 07:13:41,398 INFO sqlalchemy.engine.Engine SELECT levels.id AS levels_id, levels.name AS levels_name, levels.description AS levels_description, levels.level_order AS levels_level_order 
FROM levels 
WHERE levels.id IN ($1::UUID)
2026-08-04 07:13:41,398 INFO sqlalchemy.engine.Engine [cached since 9033s ago] (UUID('019fa30c-6e16-717f-8c8f-786905fd29ed'),)
2026-08-04 07:13:41,400 INFO sqlalchemy.engine.Engine SELECT roles.id AS roles_id, roles.name AS roles_name, roles.description AS roles_description, roles.role_order AS roles_role_order, roles.tenant_id AS roles_tenant_id, roles.is_active AS roles_is_active 
FROM roles 
WHERE roles.id IN ($1::UUID)
2026-08-04 07:13:41,400 INFO sqlalchemy.engine.Engine [cached since 9033s ago] (UUID('019fa30c-6dfa-76b9-a1ec-702518695e5a'),)
2026-08-04 07:13:41,402 INFO sqlalchemy.engine.Engine SELECT users.is_active 
FROM users 
WHERE users.id = $1::UUID
2026-08-04 07:13:41,402 INFO sqlalchemy.engine.Engine [cached since 915.1s ago] (UUID('019fa30c-7688-7655-9977-81f7710449c0'),)
2026-08-04 07:13:41,403 INFO sqlalchemy.engine.Engine SELECT users.role_id 
FROM users 
WHERE users.id = $1::UUID
2026-08-04 07:13:41,403 INFO sqlalchemy.engine.Engine [cached since 915.1s ago] (UUID('019fa30c-7688-7655-9977-81f7710449c0'),)
2026-08-04 07:13:41,404 INFO sqlalchemy.engine.Engine SELECT permissions.name 
FROM permissions JOIN role_permissions ON role_permissions.permission_id = permissions.id 
WHERE role_permissions.role_id = $1::UUID
2026-08-04 07:13:41,404 INFO sqlalchemy.engine.Engine [cached since 915.1s ago] (UUID('019fa30c-6dfa-76b9-a1ec-702518695e5a'),)
2026-08-04 07:13:41,406 INFO sqlalchemy.engine.Engine SELECT users.id, users.username, users.password, users.email, users.fullname, users.create_day, users.chat_id, users.is_active, users.token_version, users.role_id, users.level_id, users.tenant_id, users.webphone_enabled, users.sip_extension, users.sip_username, users.sip_password, users.sip_domain, users.sip_ws_server, users.sip_port, users.sip_protocol, users.webphone_api_key, users.webphone_process_id, users.webphone_agent_id, users.call_recording_enabled, users.call_log_enabled, users.meta_data, roles_1.id AS id_1, roles_1.name, roles_1.description, roles_1.role_order, roles_1.tenant_id AS tenant_id_1, roles_1.is_active AS is_active_1, levels_1.id AS id_2, levels_1.name AS name_1, levels_1.description AS description_1, levels_1.level_order 
FROM users LEFT OUTER JOIN roles AS roles_1 ON roles_1.id = users.role_id LEFT OUTER JOIN levels AS levels_1 ON levels_1.id = users.level_id 
WHERE users.id = $1::UUID
2026-08-04 07:13:41,406 INFO sqlalchemy.engine.Engine [cached since 915.1s ago] (UUID('019fa30c-7688-7655-9977-81f7710449c0'),)
2026-08-04 07:13:41,409 INFO sqlalchemy.engine.Engine SELECT permissions.name 
FROM permissions JOIN role_permissions ON permissions.id = role_permissions.permission_id JOIN roles ON role_permissions.role_id = roles.id JOIN users ON users.role_id = roles.id 
WHERE users.id = $1::UUID
2026-08-04 07:13:41,409 INFO sqlalchemy.engine.Engine [cached since 915.1s ago] (UUID('019fa30c-7688-7655-9977-81f7710449c0'),)
Check result: ['view_users', 'current_user', 'delete_users', 'create_users', 'edit_users', 'view_user_groups', 'edit_roles', 'view_roles', 'delete_roles', 'create_roles', 'view_permissions', 'edit_permissions', 'delete_permissions', 'create_permissions', 'assign_permissions_to_role', 'delete_permission_from_role', 'view_logs', 'view_levels', 'create_level', 'edit_level', 'delete_level', 'view_departments', 'create_department', 'edit_department', 'delete_department', 'view_groups', 'create_group', 'edit_group', 'delete_group', 'assign_user_to_group', 'delete_user_group', 'view_role_permissions_by_role_id', 'view_tags', 'view_tag_by_id', 'create_tag', 'edit_tag', 'delete_tag', 'view_tickets', 'create_ticket', 'edit_ticket', 'delete_ticket', 'assign_ticket', 'view_ticket_events', 'create_ticket_event', 'edit_ticket_event', 'delete_ticket_event', 'view_ticket_templates', 'create_ticket_template', 'edit_ticket_template', 'delete_ticket_template', 'view_ticket_contexts', 'create_ticket_context', 'edit_ticket_context', 'delete_ticket_context', 'view_ticket_extensions', 'create_ticket_extension', 'edit_ticket_extension', 'delete_ticket_extension', 'view_ticket_flows', 'view_ticket_flow_by_id', 'create_ticket_flow', 'edit_ticket_flow', 'delete_ticket_flow', 'view_ticket_flow_instances', 'view_ticket_flow_instance_by_id', 'create_ticket_flow_instance', 'edit_ticket_flow_instance', 'delete_ticket_flow_instance', 'view_ticket_flow_steps', 'view_ticket_flow_step_by_id', 'create_ticket_flow_step', 'edit_ticket_flow_step', 'delete_ticket_flow_step', 'view_customers', 'view_customer_by_id', 'create_customer', 'edit_customer', 'delete_customer', 'view_customer_provided_info', 'create_customer_provided_info', 'edit_customer_provided_info', 'delete_customer_provided_info', 'view_tenants', 'create_tenant', 'edit_tenant', 'delete_tenant', 'view_level_by_id', 'view_department_by_id', 'view_group_by_id', 'view_group_detail_by_id', 'view_messaging_accounts', 'create_messaging_account', 'edit_messaging_account', 'delete_messaging_account', 'sync_messaging_integration', 'view_messaging_conversations', 'create_messaging_conversation', 'edit_messaging_conversation', 'delete_messaging_conversation', 'send_messaging_message', 'delete_messaging_message', 'assign_messaging_conversation', 'view_messaging_inboxes', 'create_messaging_inbox', 'edit_messaging_inbox', 'manage_messaging_inbox_members', 'view_messaging_labels', 'create_messaging_label', 'delete_messaging_label', 'bulk_messaging_actions', 'view_messaging_custom_filters', 'create_messaging_custom_filter', 'edit_messaging_custom_filter', 'delete_messaging_custom_filter', 'view_messaging_agents', 'create_messaging_agent', 'edit_messaging_agent', 'delete_messaging_agent', 'view_messaging_teams', 'create_messaging_team', 'edit_messaging_team', 'delete_messaging_team', 'manage_messaging_team_members', 'view_messaging_agent_bots', 'create_messaging_agent_bot', 'edit_messaging_agent_bot', 'delete_messaging_agent_bot', 'view_messaging_users', 'create_messaging_user', 'edit_messaging_user', 'delete_messaging_user']
2026-08-04 07:13:41,411 INFO sqlalchemy.engine.Engine SELECT tenant.id AS tenant_id, tenant.name AS tenant_name, tenant.description AS tenant_description, tenant.is_active AS tenant_is_active, tenant.partner_id AS tenant_partner_id, tenant.graph_id AS tenant_graph_id, tenant.agent_id AS tenant_agent_id, tenant.graph_activated AS tenant_graph_activated, tenant.meta_data AS tenant_meta_data, tenant.webcall_config AS tenant_webcall_config 
FROM tenant 
WHERE tenant.id = $1::UUID
2026-08-04 07:13:41,411 INFO sqlalchemy.engine.Engine [cached since 915.1s ago] (UUID('019fa30c-6ba1-7ebf-923c-5c1e2b5a953c'),)
2026-08-04 07:13:41,413 INFO sqlalchemy.engine.Engine ROLLBACK
INFO:     222.252.26.190:0 - "GET /api/v1/user/current HTTP/1.1" 200 OK
FBF2vnNYCBBnadj3AAAG: Sending packet OPEN data {'sid': 'FBF2vnNYCBBnadj3AAAG', 'upgrades': [], 'pingTimeout': 60000, 'pingInterval': 25000}
FBF2vnNYCBBnadj3AAAG: Received request to upgrade to websocket
INFO:     ('222.252.26.190', 0) - "WebSocket /socket.io/?EIO=4&transport=websocket" [accepted]
FBF2vnNYCBBnadj3AAAG: Upgrade to websocket successful
INFO:     connection open
INFO:     222.252.26.190:0 - "OPTIONS /api/v1/messaging/tenants/019fa30c-6ba1-7ebf-923c-5c1e2b5a953c/conversations?status=open&sort_by=last_activity_at_desc&page=1 HTTP/1.1" 200 OK
2026-08-04 07:13:41,705 INFO sqlalchemy.engine.Engine BEGIN (implicit)
2026-08-04 07:13:41,707 INFO sqlalchemy.engine.Engine SELECT users.id AS users_id, users.username AS users_username, users.password AS users_password, users.email AS users_email, users.fullname AS users_fullname, users.create_day AS users_create_day, users.chat_id AS users_chat_id, users.is_active AS users_is_active, users.token_version AS users_token_version, users.role_id AS users_role_id, users.level_id AS users_level_id, users.tenant_id AS users_tenant_id, users.webphone_enabled AS users_webphone_enabled, users.sip_extension AS users_sip_extension, users.sip_username AS users_sip_username, users.sip_password AS users_sip_password, users.sip_domain AS users_sip_domain, users.sip_ws_server AS users_sip_ws_server, users.sip_port AS users_sip_port, users.sip_protocol AS users_sip_protocol, users.webphone_api_key AS users_webphone_api_key, users.webphone_process_id AS users_webphone_process_id, users.webphone_agent_id AS users_webphone_agent_id, users.call_recording_enabled AS users_call_recording_enabled, users.call_log_enabled AS users_call_log_enabled, users.meta_data AS users_meta_data 
FROM users 
WHERE users.id = $1::UUID
2026-08-04 07:13:41,707 INFO sqlalchemy.engine.Engine [cached since 915.5s ago] (UUID('019fa30c-7688-7655-9977-81f7710449c0'),)
2026-08-04 07:13:41,708 INFO sqlalchemy.engine.Engine BEGIN (implicit)
2026-08-04 07:13:41,709 INFO sqlalchemy.engine.Engine SELECT users.id, users.username, users.password, users.email, users.fullname, users.create_day, users.chat_id, users.is_active, users.token_version, users.role_id, users.level_id, users.tenant_id, users.webphone_enabled, users.sip_extension, users.sip_username, users.sip_password, users.sip_domain, users.sip_ws_server, users.sip_port, users.sip_protocol, users.webphone_api_key, users.webphone_process_id, users.webphone_agent_id, users.call_recording_enabled, users.call_log_enabled, users.meta_data 
FROM users 
WHERE users.id = $1::UUID
2026-08-04 07:13:41,709 INFO sqlalchemy.engine.Engine [cached since 9034s ago] ('019fa30c-7688-7655-9977-81f7710449c0',)
2026-08-04 07:13:41,712 INFO sqlalchemy.engine.Engine SELECT levels.id AS levels_id, levels.name AS levels_name, levels.description AS levels_description, levels.level_order AS levels_level_order 
FROM levels 
WHERE levels.id IN ($1::UUID)
2026-08-04 07:13:41,713 INFO sqlalchemy.engine.Engine [cached since 9034s ago] (UUID('019fa30c-6e16-717f-8c8f-786905fd29ed'),)
2026-08-04 07:13:41,714 INFO sqlalchemy.engine.Engine SELECT levels.id AS levels_id, levels.name AS levels_name, levels.description AS levels_description, levels.level_order AS levels_level_order 
FROM levels 
WHERE levels.id IN ($1::UUID)
2026-08-04 07:13:41,714 INFO sqlalchemy.engine.Engine [cached since 9034s ago] (UUID('019fa30c-6e16-717f-8c8f-786905fd29ed'),)
2026-08-04 07:13:41,715 INFO sqlalchemy.engine.Engine SELECT roles.id AS roles_id, roles.name AS roles_name, roles.description AS roles_description, roles.role_order AS roles_role_order, roles.tenant_id AS roles_tenant_id, roles.is_active AS roles_is_active 
FROM roles 
WHERE roles.id IN ($1::UUID)
2026-08-04 07:13:41,715 INFO sqlalchemy.engine.Engine [cached since 9034s ago] (UUID('019fa30c-6dfa-76b9-a1ec-702518695e5a'),)
2026-08-04 07:13:41,717 INFO sqlalchemy.engine.Engine SELECT users.is_active 
FROM users 
WHERE users.id = $1::UUID
2026-08-04 07:13:41,717 INFO sqlalchemy.engine.Engine [cached since 915.5s ago] (UUID('019fa30c-7688-7655-9977-81f7710449c0'),)
2026-08-04 07:13:41,718 INFO sqlalchemy.engine.Engine SELECT roles.id AS roles_id, roles.name AS roles_name, roles.description AS roles_description, roles.role_order AS roles_role_order, roles.tenant_id AS roles_tenant_id, roles.is_active AS roles_is_active 
FROM roles 
WHERE roles.id IN ($1::UUID)
2026-08-04 07:13:41,718 INFO sqlalchemy.engine.Engine [cached since 9034s ago] (UUID('019fa30c-6dfa-76b9-a1ec-702518695e5a'),)
2026-08-04 07:13:41,719 INFO sqlalchemy.engine.Engine SELECT users.role_id 
FROM users 
WHERE users.id = $1::UUID
2026-08-04 07:13:41,719 INFO sqlalchemy.engine.Engine [cached since 915.5s ago] (UUID('019fa30c-7688-7655-9977-81f7710449c0'),)
2026-08-04 07:13:41,719 INFO sqlalchemy.engine.Engine SELECT users.is_active 
FROM users 
WHERE users.id = $1::UUID
2026-08-04 07:13:41,720 INFO sqlalchemy.engine.Engine [cached since 915.5s ago] (UUID('019fa30c-7688-7655-9977-81f7710449c0'),)
2026-08-04 07:13:41,721 INFO sqlalchemy.engine.Engine SELECT permissions.name 
FROM permissions JOIN role_permissions ON role_permissions.permission_id = permissions.id 
WHERE role_permissions.role_id = $1::UUID
2026-08-04 07:13:41,721 INFO sqlalchemy.engine.Engine [cached since 915.5s ago] (UUID('019fa30c-6dfa-76b9-a1ec-702518695e5a'),)
2026-08-04 07:13:41,722 INFO sqlalchemy.engine.Engine SELECT max(levels.level_order) AS max_1 
FROM levels
2026-08-04 07:13:41,722 INFO sqlalchemy.engine.Engine [cached since 915s ago] ()
2026-08-04 07:13:41,723 INFO sqlalchemy.engine.Engine SELECT users.role_id 
FROM users 
WHERE users.id = $1::UUID
2026-08-04 07:13:41,723 INFO sqlalchemy.engine.Engine [cached since 915.5s ago] (UUID('019fa30c-7688-7655-9977-81f7710449c0'),)
FBF2vnNYCBBnadj3AAAG: Received packet MESSAGE data 0
emitting event "connection_established" to Sd7BO3ZPo9VRZWJmAAAH [/]
2026-08-04 07:13:41,724 INFO sqlalchemy.engine.Engine SELECT permissions.id, permissions.name, permissions.description, permissions.belong_to, permissions.tenant_id, permissions.is_active 
FROM permissions
2026-08-04 07:13:41,724 INFO sqlalchemy.engine.Engine [cached since 908.5s ago] ()
FBF2vnNYCBBnadj3AAAG: Sending packet MESSAGE data 2["connection_established",{"sid":"Sd7BO3ZPo9VRZWJmAAAH","message":"Connected. Please authenticate.","timestamp":"2026-08-04T07:13:41.724174+00:00"}]
2026-08-04 07:13:41,725 INFO sqlalchemy.engine.Engine SELECT permissions.name 
FROM permissions JOIN role_permissions ON role_permissions.permission_id = permissions.id 
WHERE role_permissions.role_id = $1::UUID
2026-08-04 07:13:41,725 INFO sqlalchemy.engine.Engine [cached since 915.5s ago] (UUID('019fa30c-6dfa-76b9-a1ec-702518695e5a'),)
FBF2vnNYCBBnadj3AAAG: Sending packet MESSAGE data 0{"sid":"Sd7BO3ZPo9VRZWJmAAAH"}
2026-08-04 07:13:41,730 INFO sqlalchemy.engine.Engine ROLLBACK
2026-08-04 07:13:41,731 INFO sqlalchemy.engine.Engine SELECT users.id, users.username, users.password, users.email, users.fullname, users.create_day, users.chat_id, users.is_active, users.token_version, users.role_id, users.level_id, users.tenant_id, users.webphone_enabled, users.sip_extension, users.sip_username, users.sip_password, users.sip_domain, users.sip_ws_server, users.sip_port, users.sip_protocol, users.webphone_api_key, users.webphone_process_id, users.webphone_agent_id, users.call_recording_enabled, users.call_log_enabled, users.meta_data 
FROM users 
WHERE users.id = $1::UUID
2026-08-04 07:13:41,731 INFO sqlalchemy.engine.Engine [cached since 9034s ago] ('019fa30c-7688-7655-9977-81f7710449c0',)
2026-08-04 07:13:41,732 INFO sqlalchemy.engine.Engine SELECT levels.id AS levels_id, levels.name AS levels_name, levels.description AS levels_description, levels.level_order AS levels_level_order 
FROM levels 
WHERE levels.id IN ($1::UUID)
2026-08-04 07:13:41,732 INFO sqlalchemy.engine.Engine [cached since 9034s ago] (UUID('019fa30c-6e16-717f-8c8f-786905fd29ed'),)
INFO:     222.252.26.190:0 - "GET /api/v1/permissions/all HTTP/1.1" 200 OK
2026-08-04 07:13:41,734 INFO sqlalchemy.engine.Engine SELECT roles.id AS roles_id, roles.name AS roles_name, roles.description AS roles_description, roles.role_order AS roles_role_order, roles.tenant_id AS roles_tenant_id, roles.is_active AS roles_is_active 
FROM roles 
WHERE roles.id IN ($1::UUID)
2026-08-04 07:13:41,734 INFO sqlalchemy.engine.Engine [cached since 9034s ago] (UUID('019fa30c-6dfa-76b9-a1ec-702518695e5a'),)
2026-08-04 07:13:41,735 INFO sqlalchemy.engine.Engine SELECT max(levels.level_order) AS max_1 
FROM levels
2026-08-04 07:13:41,735 INFO sqlalchemy.engine.Engine [cached since 915s ago] ()
2026-08-04 07:13:41,736 INFO sqlalchemy.engine.Engine SELECT roles.id, roles.name, roles.description, roles.role_order, roles.tenant_id, roles.is_active 
FROM roles 
 LIMIT $1::INTEGER OFFSET $2::INTEGER
2026-08-04 07:13:41,736 INFO sqlalchemy.engine.Engine [cached since 910.4s ago] (100, 0)
2026-08-04 07:13:41,737 INFO sqlalchemy.engine.Engine SELECT users.role_id AS users_role_id, users.id AS users_id, users.username AS users_username, users.password AS users_password, users.email AS users_email, users.fullname AS users_fullname, users.create_day AS users_create_day, users.chat_id AS users_chat_id, users.is_active AS users_is_active, users.token_version AS users_token_version, users.level_id AS users_level_id, users.tenant_id AS users_tenant_id, users.webphone_enabled AS users_webphone_enabled, users.sip_extension AS users_sip_extension, users.sip_username AS users_sip_username, users.sip_password AS users_sip_password, users.sip_domain AS users_sip_domain, users.sip_ws_server AS users_sip_ws_server, users.sip_port AS users_sip_port, users.sip_protocol AS users_sip_protocol, users.webphone_api_key AS users_webphone_api_key, users.webphone_process_id AS users_webphone_process_id, users.webphone_agent_id AS users_webphone_agent_id, users.call_recording_enabled AS users_call_recording_enabled, users.call_log_enabled AS users_call_log_enabled, users.meta_data AS users_meta_data 
FROM users 
WHERE users.role_id IN ($1::UUID, $2::UUID)
2026-08-04 07:13:41,738 INFO sqlalchemy.engine.Engine [cached since 910.4s ago] (UUID('019fa30c-6dfa-76b9-a1ec-702518695e5a'), UUID('019fa30c-6e0b-7f67-83ed-8ee35dc6de62'))
2026-08-04 07:13:41,739 INFO sqlalchemy.engine.Engine SELECT levels.id AS levels_id, levels.name AS levels_name, levels.description AS levels_description, levels.level_order AS levels_level_order 
FROM levels 
WHERE levels.id IN ($1::UUID, $2::UUID, $3::UUID)
2026-08-04 07:13:41,739 INFO sqlalchemy.engine.Engine [cached since 910.4s ago] (UUID('019fa30c-6e16-717f-8c8f-786905fd29ed'), UUID('019fa30c-6e36-7603-8c1d-e0f1e1cdab60'), UUID('019fa30c-6e45-7de8-b19e-01532d8d61f7'))
2026-08-04 07:13:41,740 INFO sqlalchemy.engine.Engine SELECT count(*) AS count_1 
FROM roles
2026-08-04 07:13:41,740 INFO sqlalchemy.engine.Engine [cached since 910.4s ago] ()
2026-08-04 07:13:41,741 INFO sqlalchemy.engine.Engine ROLLBACK
INFO:     222.252.26.190:0 - "GET /api/v1/roles?page=1&page_size=100 HTTP/1.1" 200 OK
2026-08-04 07:13:41,750 INFO sqlalchemy.engine.Engine BEGIN (implicit)
2026-08-04 07:13:41,750 INFO sqlalchemy.engine.Engine SELECT users.id AS users_id, users.username AS users_username, users.password AS users_password, users.email AS users_email, users.fullname AS users_fullname, users.create_day AS users_create_day, users.chat_id AS users_chat_id, users.is_active AS users_is_active, users.token_version AS users_token_version, users.role_id AS users_role_id, users.level_id AS users_level_id, users.tenant_id AS users_tenant_id, users.webphone_enabled AS users_webphone_enabled, users.sip_extension AS users_sip_extension, users.sip_username AS users_sip_username, users.sip_password AS users_sip_password, users.sip_domain AS users_sip_domain, users.sip_ws_server AS users_sip_ws_server, users.sip_port AS users_sip_port, users.sip_protocol AS users_sip_protocol, users.webphone_api_key AS users_webphone_api_key, users.webphone_process_id AS users_webphone_process_id, users.webphone_agent_id AS users_webphone_agent_id, users.call_recording_enabled AS users_call_recording_enabled, users.call_log_enabled AS users_call_log_enabled, users.meta_data AS users_meta_data 
FROM users 
WHERE users.id = $1::UUID
2026-08-04 07:13:41,750 INFO sqlalchemy.engine.Engine [cached since 915.5s ago] (UUID('019fa30c-7688-7655-9977-81f7710449c0'),)
2026-08-04 07:13:41,752 INFO sqlalchemy.engine.Engine SELECT levels.id AS levels_id, levels.name AS levels_name, levels.description AS levels_description, levels.level_order AS levels_level_order 
FROM levels 
WHERE levels.id IN ($1::UUID)
2026-08-04 07:13:41,752 INFO sqlalchemy.engine.Engine [cached since 9034s ago] (UUID('019fa30c-6e16-717f-8c8f-786905fd29ed'),)
2026-08-04 07:13:41,753 INFO sqlalchemy.engine.Engine SELECT roles.id AS roles_id, roles.name AS roles_name, roles.description AS roles_description, roles.role_order AS roles_role_order, roles.tenant_id AS roles_tenant_id, roles.is_active AS roles_is_active 
FROM roles 
WHERE roles.id IN ($1::UUID)
2026-08-04 07:13:41,753 INFO sqlalchemy.engine.Engine [cached since 9034s ago] (UUID('019fa30c-6dfa-76b9-a1ec-702518695e5a'),)
2026-08-04 07:13:41,754 INFO sqlalchemy.engine.Engine SELECT users.is_active 
FROM users 
WHERE users.id = $1::UUID
2026-08-04 07:13:41,755 INFO sqlalchemy.engine.Engine [cached since 915.5s ago] (UUID('019fa30c-7688-7655-9977-81f7710449c0'),)
2026-08-04 07:13:41,755 INFO sqlalchemy.engine.Engine SELECT users.role_id 
FROM users 
WHERE users.id = $1::UUID
2026-08-04 07:13:41,756 INFO sqlalchemy.engine.Engine [cached since 915.5s ago] (UUID('019fa30c-7688-7655-9977-81f7710449c0'),)
2026-08-04 07:13:41,757 INFO sqlalchemy.engine.Engine SELECT permissions.name 
FROM permissions JOIN role_permissions ON role_permissions.permission_id = permissions.id 
WHERE role_permissions.role_id = $1::UUID
2026-08-04 07:13:41,757 INFO sqlalchemy.engine.Engine [cached since 915.5s ago] (UUID('019fa30c-6dfa-76b9-a1ec-702518695e5a'),)
2026-08-04 07:13:41,759 INFO sqlalchemy.engine.Engine SELECT users.id, users.username, users.password, users.email, users.fullname, users.create_day, users.chat_id, users.is_active, users.token_version, users.role_id, users.level_id, users.tenant_id, users.webphone_enabled, users.sip_extension, users.sip_username, users.sip_password, users.sip_domain, users.sip_ws_server, users.sip_port, users.sip_protocol, users.webphone_api_key, users.webphone_process_id, users.webphone_agent_id, users.call_recording_enabled, users.call_log_enabled, users.meta_data 
FROM users 
WHERE users.id = $1::UUID
2026-08-04 07:13:41,759 INFO sqlalchemy.engine.Engine [cached since 9034s ago] ('019fa30c-7688-7655-9977-81f7710449c0',)
2026-08-04 07:13:41,761 INFO sqlalchemy.engine.Engine SELECT levels.id AS levels_id, levels.name AS levels_name, levels.description AS levels_description, levels.level_order AS levels_level_order 
FROM levels 
WHERE levels.id IN ($1::UUID)
2026-08-04 07:13:41,761 INFO sqlalchemy.engine.Engine [cached since 9034s ago] (UUID('019fa30c-6e16-717f-8c8f-786905fd29ed'),)
2026-08-04 07:13:41,762 INFO sqlalchemy.engine.Engine SELECT roles.id AS roles_id, roles.name AS roles_name, roles.description AS roles_description, roles.role_order AS roles_role_order, roles.tenant_id AS roles_tenant_id, roles.is_active AS roles_is_active 
FROM roles 
WHERE roles.id IN ($1::UUID)
2026-08-04 07:13:41,763 INFO sqlalchemy.engine.Engine [cached since 9034s ago] (UUID('019fa30c-6dfa-76b9-a1ec-702518695e5a'),)
2026-08-04 07:13:41,764 INFO sqlalchemy.engine.Engine SELECT max(levels.level_order) AS max_1 
FROM levels
2026-08-04 07:13:41,764 INFO sqlalchemy.engine.Engine [cached since 915.1s ago] ()
2026-08-04 07:13:41,766 INFO sqlalchemy.engine.Engine SELECT chatwoot_legacy_map.id, chatwoot_legacy_map.resource_type, chatwoot_legacy_map.local_uuid, chatwoot_legacy_map.chatwoot_id, chatwoot_legacy_map.tenant_id, chatwoot_legacy_map.created_at 
FROM chatwoot_legacy_map 
WHERE chatwoot_legacy_map.resource_type = $1 AND chatwoot_legacy_map.local_uuid = $2::UUID
2026-08-04 07:13:41,766 INFO sqlalchemy.engine.Engine [cached since 915.1s ago] ('account', UUID('019fa30c-6ba1-7ebf-923c-5c1e2b5a953c'))
FBF2vnNYCBBnadj3AAAG: Received packet MESSAGE data 2["authenticate",{"token":"eyJhbGciOiJIUzI1NiIsInR5cCI6IkpXVCJ9.eyJ1c2VyX2lkIjoiMDE5ZmEzMGMtNzY4OC03NjU1LTk5NzctODFmNzcxMDQ0OWMwIiwidGVuYW50X2lkIjoiMDE5ZmEzMGMtNmJhMS03ZWJmLTkyM2MtNWMxZTJiNWE5NTNjIiwidG9rZW5fdmVyc2lvbiI6MCwiZXhwIjoxNzg1ODMwMzA2LCJ0b2tlbl90eXBlIjoiYWNjZXNzIn0.Tge7ithHyhz0Ifgktji1vGa8nSW57eM1x0m3l80PZKo"}]
received event "authenticate" from Sd7BO3ZPo9VRZWJmAAAH [/]
2026-08-04 07:13:41,778 INFO sqlalchemy.engine.Engine BEGIN (implicit)
2026-08-04 07:13:41,778 INFO sqlalchemy.engine.Engine SELECT users.id, users.username, users.password, users.email, users.fullname, users.create_day, users.chat_id, users.is_active, users.token_version, users.role_id, users.level_id, users.tenant_id, users.webphone_enabled, users.sip_extension, users.sip_username, users.sip_password, users.sip_domain, users.sip_ws_server, users.sip_port, users.sip_protocol, users.webphone_api_key, users.webphone_process_id, users.webphone_agent_id, users.call_recording_enabled, users.call_log_enabled, users.meta_data 
FROM users 
WHERE users.id = $1::UUID
2026-08-04 07:13:41,779 INFO sqlalchemy.engine.Engine [cached since 9034s ago] (UUID('019fa30c-7688-7655-9977-81f7710449c0'),)
2026-08-04 07:13:41,780 INFO sqlalchemy.engine.Engine SELECT levels.id AS levels_id, levels.name AS levels_name, levels.description AS levels_description, levels.level_order AS levels_level_order 
FROM levels 
WHERE levels.id IN ($1::UUID)
2026-08-04 07:13:41,781 INFO sqlalchemy.engine.Engine [cached since 9034s ago] (UUID('019fa30c-6e16-717f-8c8f-786905fd29ed'),)
2026-08-04 07:13:41,782 INFO sqlalchemy.engine.Engine SELECT roles.id AS roles_id, roles.name AS roles_name, roles.description AS roles_description, roles.role_order AS roles_role_order, roles.tenant_id AS roles_tenant_id, roles.is_active AS roles_is_active 
FROM roles 
WHERE roles.id IN ($1::UUID)
2026-08-04 07:13:41,782 INFO sqlalchemy.engine.Engine [cached since 9034s ago] (UUID('019fa30c-6dfa-76b9-a1ec-702518695e5a'),)
2026-08-04 07:13:41,782 INFO sqlalchemy.engine.Engine ROLLBACK
Sd7BO3ZPo9VRZWJmAAAH is entering room user:019fa30c-7688-7655-9977-81f7710449c0 [/]
Sd7BO3ZPo9VRZWJmAAAH is entering room tenant:019fa30c-6ba1-7ebf-923c-5c1e2b5a953c [/]
emitting event "authenticated" to Sd7BO3ZPo9VRZWJmAAAH [/]
FBF2vnNYCBBnadj3AAAG: Sending packet MESSAGE data 2["authenticated",{"message":"Successfully authenticated","user_id":"019fa30c-7688-7655-9977-81f7710449c0","username":"admin","timestamp":"2026-08-04T07:13:41.783822+00:00"}]
2026-08-04 07:13:41,784 INFO sqlalchemy.engine.Engine BEGIN (implicit)
2026-08-04 07:13:41,785 INFO sqlalchemy.engine.Engine SELECT notifications.id, notifications.title, notifications.message, notifications.type, notifications.user_id, notifications.tenant_id, notifications.is_read, notifications.read_at, notifications.delivered, notifications.delivered_at, notifications.created_at, notifications.expires_at, notifications.data, notifications.sender_id 
FROM notifications 
WHERE notifications.user_id = $1::UUID AND notifications.delivered = $2::INTEGER AND (notifications.expires_at IS NULL OR notifications.expires_at > $3::TIMESTAMP WITH TIME ZONE) ORDER BY notifications.created_at ASC 
 LIMIT $4::INTEGER
2026-08-04 07:13:41,785 INFO sqlalchemy.engine.Engine [cached since 9034s ago] (UUID('019fa30c-7688-7655-9977-81f7710449c0'), 0, datetime.datetime(2026, 8, 4, 7, 13, 41, 784506, tzinfo=datetime.timezone.utc), 50)
2026-08-04 07:13:41,797 INFO sqlalchemy.engine.Engine ROLLBACK
2026-08-04 07:13:42,005 INFO sqlalchemy.engine.Engine SELECT chatwoot_legacy_map.chatwoot_id, chatwoot_legacy_map.local_uuid 
FROM chatwoot_legacy_map 
WHERE chatwoot_legacy_map.resource_type = $1 AND chatwoot_legacy_map.tenant_id = $2::UUID
2026-08-04 07:13:42,006 INFO sqlalchemy.engine.Engine [cached since 915s ago] ('agent', UUID('019fa30c-6ba1-7ebf-923c-5c1e2b5a953c'))
2026-08-04 07:13:42,012 INFO sqlalchemy.engine.Engine ROLLBACK
INFO:     222.252.26.190:0 - "GET /api/v1/messaging/tenants/019fa30c-6ba1-7ebf-923c-5c1e2b5a953c/conversations?status=open&sort_by=last_activity_at_desc&page=1 HTTP/1.1" 200 OK
2026-08-04 07:13:42,387 INFO sqlalchemy.engine.Engine BEGIN (implicit)
2026-08-04 07:13:42,388 INFO sqlalchemy.engine.Engine SELECT users.id, users.username, users.password, users.email, users.fullname, users.create_day, users.chat_id, users.is_active, users.token_version, users.role_id, users.level_id, users.tenant_id, users.webphone_enabled, users.sip_extension, users.sip_username, users.sip_password, users.sip_domain, users.sip_ws_server, users.sip_port, users.sip_protocol, users.webphone_api_key, users.webphone_process_id, users.webphone_agent_id, users.call_recording_enabled, users.call_log_enabled, users.meta_data 
FROM users 
WHERE users.id = $1::UUID
2026-08-04 07:13:42,388 INFO sqlalchemy.engine.Engine [cached since 9034s ago] ('019fa30c-7688-7655-9977-81f7710449c0',)
2026-08-04 07:13:42,392 INFO sqlalchemy.engine.Engine SELECT levels.id AS levels_id, levels.name AS levels_name, levels.description AS levels_description, levels.level_order AS levels_level_order 
FROM levels 
WHERE levels.id IN ($1::UUID)
2026-08-04 07:13:42,392 INFO sqlalchemy.engine.Engine [cached since 9034s ago] (UUID('019fa30c-6e16-717f-8c8f-786905fd29ed'),)
2026-08-04 07:13:42,394 INFO sqlalchemy.engine.Engine SELECT roles.id AS roles_id, roles.name AS roles_name, roles.description AS roles_description, roles.role_order AS roles_role_order, roles.tenant_id AS roles_tenant_id, roles.is_active AS roles_is_active 
FROM roles 
WHERE roles.id IN ($1::UUID)
2026-08-04 07:13:42,395 INFO sqlalchemy.engine.Engine [cached since 9034s ago] (UUID('019fa30c-6dfa-76b9-a1ec-702518695e5a'),)
2026-08-04 07:13:42,397 INFO sqlalchemy.engine.Engine SELECT users.is_active 
FROM users 
WHERE users.id = $1::UUID
2026-08-04 07:13:42,397 INFO sqlalchemy.engine.Engine [cached since 916.1s ago] (UUID('019fa30c-7688-7655-9977-81f7710449c0'),)
2026-08-04 07:13:42,398 INFO sqlalchemy.engine.Engine SELECT users.role_id 
FROM users 
WHERE users.id = $1::UUID
2026-08-04 07:13:42,399 INFO sqlalchemy.engine.Engine [cached since 916.1s ago] (UUID('019fa30c-7688-7655-9977-81f7710449c0'),)
2026-08-04 07:13:42,400 INFO sqlalchemy.engine.Engine SELECT permissions.name 
FROM permissions JOIN role_permissions ON role_permissions.permission_id = permissions.id 
WHERE role_permissions.role_id = $1::UUID
2026-08-04 07:13:42,400 INFO sqlalchemy.engine.Engine [cached since 916.1s ago] (UUID('019fa30c-6dfa-76b9-a1ec-702518695e5a'),)
2026-08-04 07:13:42,403 INFO sqlalchemy.engine.Engine SELECT max(levels.level_order) AS max_1 
FROM levels
2026-08-04 07:13:42,403 INFO sqlalchemy.engine.Engine [cached since 915.7s ago] ()
2026-08-04 07:13:42,404 INFO sqlalchemy.engine.Engine SELECT permissions.id, permissions.name, permissions.description, permissions.belong_to, permissions.tenant_id, permissions.is_active 
FROM permissions JOIN role_permissions ON permissions.id = role_permissions.permission_id 
WHERE role_permissions.role_id = $1::UUID
2026-08-04 07:13:42,404 INFO sqlalchemy.engine.Engine [cached since 908.8s ago] (UUID('019fa30c-6dfa-76b9-a1ec-702518695e5a'),)
2026-08-04 07:13:42,412 INFO sqlalchemy.engine.Engine ROLLBACK
INFO:     222.252.26.190:0 - "GET /api/v1/role-permission/019fa30c-6dfa-76b9-a1ec-702518695e5a HTTP/1.1" 200 OK
FBF2vnNYCBBnadj3AAAG: Sending packet PING data None
FBF2vnNYCBBnadj3AAAG: Received packet PONG data 
INFO:     connection closed
2026-08-04 07:14:12,130 INFO sqlalchemy.engine.Engine BEGIN (implicit)
2026-08-04 07:14:12,131 INFO sqlalchemy.engine.Engine SELECT users.id AS users_id, users.username AS users_username, users.password AS users_password, users.email AS users_email, users.fullname AS users_fullname, users.create_day AS users_create_day, users.chat_id AS users_chat_id, users.is_active AS users_is_active, users.token_version AS users_token_version, users.role_id AS users_role_id, users.level_id AS users_level_id, users.tenant_id AS users_tenant_id, users.webphone_enabled AS users_webphone_enabled, users.sip_extension AS users_sip_extension, users.sip_username AS users_sip_username, users.sip_password AS users_sip_password, users.sip_domain AS users_sip_domain, users.sip_ws_server AS users_sip_ws_server, users.sip_port AS users_sip_port, users.sip_protocol AS users_sip_protocol, users.webphone_api_key AS users_webphone_api_key, users.webphone_process_id AS users_webphone_process_id, users.webphone_agent_id AS users_webphone_agent_id, users.call_recording_enabled AS users_call_recording_enabled, users.call_log_enabled AS users_call_log_enabled, users.meta_data AS users_meta_data 
FROM users 
WHERE users.id = $1::UUID
2026-08-04 07:14:12,131 INFO sqlalchemy.engine.Engine [cached since 945.9s ago] (UUID('019fa30c-7688-7655-9977-81f7710449c0'),)
2026-08-04 07:14:12,136 INFO sqlalchemy.engine.Engine SELECT levels.id AS levels_id, levels.name AS levels_name, levels.description AS levels_description, levels.level_order AS levels_level_order 
FROM levels 
WHERE levels.id IN ($1::UUID)
2026-08-04 07:14:12,136 INFO sqlalchemy.engine.Engine [cached since 9064s ago] (UUID('019fa30c-6e16-717f-8c8f-786905fd29ed'),)
2026-08-04 07:14:12,139 INFO sqlalchemy.engine.Engine SELECT roles.id AS roles_id, roles.name AS roles_name, roles.description AS roles_description, roles.role_order AS roles_role_order, roles.tenant_id AS roles_tenant_id, roles.is_active AS roles_is_active 
FROM roles 
WHERE roles.id IN ($1::UUID)
2026-08-04 07:14:12,139 INFO sqlalchemy.engine.Engine [cached since 9064s ago] (UUID('019fa30c-6dfa-76b9-a1ec-702518695e5a'),)
2026-08-04 07:14:12,140 INFO sqlalchemy.engine.Engine SELECT users.is_active 
FROM users 
WHERE users.id = $1::UUID
2026-08-04 07:14:12,140 INFO sqlalchemy.engine.Engine [cached since 945.9s ago] (UUID('019fa30c-7688-7655-9977-81f7710449c0'),)
2026-08-04 07:14:12,142 INFO sqlalchemy.engine.Engine SELECT users.role_id 
FROM users 
WHERE users.id = $1::UUID
2026-08-04 07:14:12,142 INFO sqlalchemy.engine.Engine [cached since 945.9s ago] (UUID('019fa30c-7688-7655-9977-81f7710449c0'),)
2026-08-04 07:14:12,143 INFO sqlalchemy.engine.Engine SELECT permissions.name 
FROM permissions JOIN role_permissions ON role_permissions.permission_id = permissions.id 
WHERE role_permissions.role_id = $1::UUID
2026-08-04 07:14:12,143 INFO sqlalchemy.engine.Engine [cached since 945.9s ago] (UUID('019fa30c-6dfa-76b9-a1ec-702518695e5a'),)
2026-08-04 07:14:12,146 INFO sqlalchemy.engine.Engine SELECT users.id, users.username, users.password, users.email, users.fullname, users.create_day, users.chat_id, users.is_active, users.token_version, users.role_id, users.level_id, users.tenant_id, users.webphone_enabled, users.sip_extension, users.sip_username, users.sip_password, users.sip_domain, users.sip_ws_server, users.sip_port, users.sip_protocol, users.webphone_api_key, users.webphone_process_id, users.webphone_agent_id, users.call_recording_enabled, users.call_log_enabled, users.meta_data, roles_1.id AS id_1, roles_1.name, roles_1.description, roles_1.role_order, roles_1.tenant_id AS tenant_id_1, roles_1.is_active AS is_active_1, levels_1.id AS id_2, levels_1.name AS name_1, levels_1.description AS description_1, levels_1.level_order 
FROM users LEFT OUTER JOIN roles AS roles_1 ON roles_1.id = users.role_id LEFT OUTER JOIN levels AS levels_1 ON levels_1.id = users.level_id 
WHERE users.id = $1::UUID
2026-08-04 07:14:12,146 INFO sqlalchemy.engine.Engine [cached since 945.9s ago] (UUID('019fa30c-7688-7655-9977-81f7710449c0'),)
2026-08-04 07:14:12,148 INFO sqlalchemy.engine.Engine SELECT permissions.name 
FROM permissions JOIN role_permissions ON permissions.id = role_permissions.permission_id JOIN roles ON role_permissions.role_id = roles.id JOIN users ON users.role_id = roles.id 
WHERE users.id = $1::UUID
2026-08-04 07:14:12,148 INFO sqlalchemy.engine.Engine [cached since 945.9s ago] (UUID('019fa30c-7688-7655-9977-81f7710449c0'),)
Check result: ['view_users', 'current_user', 'delete_users', 'create_users', 'edit_users', 'view_user_groups', 'edit_roles', 'view_roles', 'delete_roles', 'create_roles', 'view_permissions', 'edit_permissions', 'delete_permissions', 'create_permissions', 'assign_permissions_to_role', 'delete_permission_from_role', 'view_logs', 'view_levels', 'create_level', 'edit_level', 'delete_level', 'view_departments', 'create_department', 'edit_department', 'delete_department', 'view_groups', 'create_group', 'edit_group', 'delete_group', 'assign_user_to_group', 'delete_user_group', 'view_role_permissions_by_role_id', 'view_tags', 'view_tag_by_id', 'create_tag', 'edit_tag', 'delete_tag', 'view_tickets', 'create_ticket', 'edit_ticket', 'delete_ticket', 'assign_ticket', 'view_ticket_events', 'create_ticket_event', 'edit_ticket_event', 'delete_ticket_event', 'view_ticket_templates', 'create_ticket_template', 'edit_ticket_template', 'delete_ticket_template', 'view_ticket_contexts', 'create_ticket_context', 'edit_ticket_context', 'delete_ticket_context', 'view_ticket_extensions', 'create_ticket_extension', 'edit_ticket_extension', 'delete_ticket_extension', 'view_ticket_flows', 'view_ticket_flow_by_id', 'create_ticket_flow', 'edit_ticket_flow', 'delete_ticket_flow', 'view_ticket_flow_instances', 'view_ticket_flow_instance_by_id', 'create_ticket_flow_instance', 'edit_ticket_flow_instance', 'delete_ticket_flow_instance', 'view_ticket_flow_steps', 'view_ticket_flow_step_by_id', 'create_ticket_flow_step', 'edit_ticket_flow_step', 'delete_ticket_flow_step', 'view_customers', 'view_customer_by_id', 'create_customer', 'edit_customer', 'delete_customer', 'view_customer_provided_info', 'create_customer_provided_info', 'edit_customer_provided_info', 'delete_customer_provided_info', 'view_tenants', 'create_tenant', 'edit_tenant', 'delete_tenant', 'view_level_by_id', 'view_department_by_id', 'view_group_by_id', 'view_group_detail_by_id', 'view_messaging_accounts', 'create_messaging_account', 'edit_messaging_account', 'delete_messaging_account', 'sync_messaging_integration', 'view_messaging_conversations', 'create_messaging_conversation', 'edit_messaging_conversation', 'delete_messaging_conversation', 'send_messaging_message', 'delete_messaging_message', 'assign_messaging_conversation', 'view_messaging_inboxes', 'create_messaging_inbox', 'edit_messaging_inbox', 'manage_messaging_inbox_members', 'view_messaging_labels', 'create_messaging_label', 'delete_messaging_label', 'bulk_messaging_actions', 'view_messaging_custom_filters', 'create_messaging_custom_filter', 'edit_messaging_custom_filter', 'delete_messaging_custom_filter', 'view_messaging_agents', 'create_messaging_agent', 'edit_messaging_agent', 'delete_messaging_agent', 'view_messaging_teams', 'create_messaging_team', 'edit_messaging_team', 'delete_messaging_team', 'manage_messaging_team_members', 'view_messaging_agent_bots', 'create_messaging_agent_bot', 'edit_messaging_agent_bot', 'delete_messaging_agent_bot', 'view_messaging_users', 'create_messaging_user', 'edit_messaging_user', 'delete_messaging_user']
2026-08-04 07:14:12,151 INFO sqlalchemy.engine.Engine SELECT tenant.id AS tenant_id, tenant.name AS tenant_name, tenant.description AS tenant_description, tenant.is_active AS tenant_is_active, tenant.partner_id AS tenant_partner_id, tenant.graph_id AS tenant_graph_id, tenant.agent_id AS tenant_agent_id, tenant.graph_activated AS tenant_graph_activated, tenant.meta_data AS tenant_meta_data, tenant.webcall_config AS tenant_webcall_config 
FROM tenant 
WHERE tenant.id = $1::UUID
2026-08-04 07:14:12,151 INFO sqlalchemy.engine.Engine [cached since 945.9s ago] (UUID('019fa30c-6ba1-7ebf-923c-5c1e2b5a953c'),)
2026-08-04 07:14:12,152 INFO sqlalchemy.engine.Engine ROLLBACK
INFO:     222.252.26.190:0 - "GET /api/v1/user/current HTTP/1.1" 200 OK
tGR4HOMoIzhYO9W1AAAI: Sending packet OPEN data {'sid': 'tGR4HOMoIzhYO9W1AAAI', 'upgrades': [], 'pingTimeout': 60000, 'pingInterval': 25000}
tGR4HOMoIzhYO9W1AAAI: Received request to upgrade to websocket
INFO:     ('222.252.26.190', 0) - "WebSocket /socket.io/?EIO=4&transport=websocket" [accepted]
tGR4HOMoIzhYO9W1AAAI: Upgrade to websocket successful
INFO:     connection open
2026-08-04 07:14:12,676 INFO sqlalchemy.engine.Engine BEGIN (implicit)
2026-08-04 07:14:12,677 INFO sqlalchemy.engine.Engine SELECT users.id AS users_id, users.username AS users_username, users.password AS users_password, users.email AS users_email, users.fullname AS users_fullname, users.create_day AS users_create_day, users.chat_id AS users_chat_id, users.is_active AS users_is_active, users.token_version AS users_token_version, users.role_id AS users_role_id, users.level_id AS users_level_id, users.tenant_id AS users_tenant_id, users.webphone_enabled AS users_webphone_enabled, users.sip_extension AS users_sip_extension, users.sip_username AS users_sip_username, users.sip_password AS users_sip_password, users.sip_domain AS users_sip_domain, users.sip_ws_server AS users_sip_ws_server, users.sip_port AS users_sip_port, users.sip_protocol AS users_sip_protocol, users.webphone_api_key AS users_webphone_api_key, users.webphone_process_id AS users_webphone_process_id, users.webphone_agent_id AS users_webphone_agent_id, users.call_recording_enabled AS users_call_recording_enabled, users.call_log_enabled AS users_call_log_enabled, users.meta_data AS users_meta_data 
FROM users 
WHERE users.id = $1::UUID
2026-08-04 07:14:12,677 INFO sqlalchemy.engine.Engine [cached since 946.4s ago] (UUID('019fa30c-7688-7655-9977-81f7710449c0'),)
2026-08-04 07:14:12,678 INFO sqlalchemy.engine.Engine BEGIN (implicit)
2026-08-04 07:14:12,679 INFO sqlalchemy.engine.Engine SELECT users.id AS users_id, users.username AS users_username, users.password AS users_password, users.email AS users_email, users.fullname AS users_fullname, users.create_day AS users_create_day, users.chat_id AS users_chat_id, users.is_active AS users_is_active, users.token_version AS users_token_version, users.role_id AS users_role_id, users.level_id AS users_level_id, users.tenant_id AS users_tenant_id, users.webphone_enabled AS users_webphone_enabled, users.sip_extension AS users_sip_extension, users.sip_username AS users_sip_username, users.sip_password AS users_sip_password, users.sip_domain AS users_sip_domain, users.sip_ws_server AS users_sip_ws_server, users.sip_port AS users_sip_port, users.sip_protocol AS users_sip_protocol, users.webphone_api_key AS users_webphone_api_key, users.webphone_process_id AS users_webphone_process_id, users.webphone_agent_id AS users_webphone_agent_id, users.call_recording_enabled AS users_call_recording_enabled, users.call_log_enabled AS users_call_log_enabled, users.meta_data AS users_meta_data 
FROM users 
WHERE users.id = $1::UUID
2026-08-04 07:14:12,679 INFO sqlalchemy.engine.Engine [cached since 946.4s ago] (UUID('019fa30c-7688-7655-9977-81f7710449c0'),)
2026-08-04 07:14:12,682 INFO sqlalchemy.engine.Engine BEGIN (implicit)
2026-08-04 07:14:12,683 INFO sqlalchemy.engine.Engine SELECT users.id, users.username, users.password, users.email, users.fullname, users.create_day, users.chat_id, users.is_active, users.token_version, users.role_id, users.level_id, users.tenant_id, users.webphone_enabled, users.sip_extension, users.sip_username, users.sip_password, users.sip_domain, users.sip_ws_server, users.sip_port, users.sip_protocol, users.webphone_api_key, users.webphone_process_id, users.webphone_agent_id, users.call_recording_enabled, users.call_log_enabled, users.meta_data 
FROM users 
WHERE users.id = $1::UUID
2026-08-04 07:14:12,683 INFO sqlalchemy.engine.Engine [cached since 9065s ago] ('019fa30c-7688-7655-9977-81f7710449c0',)
2026-08-04 07:14:12,685 INFO sqlalchemy.engine.Engine SELECT levels.id AS levels_id, levels.name AS levels_name, levels.description AS levels_description, levels.level_order AS levels_level_order 
FROM levels 
WHERE levels.id IN ($1::UUID)
2026-08-04 07:14:12,685 INFO sqlalchemy.engine.Engine [cached since 9065s ago] (UUID('019fa30c-6e16-717f-8c8f-786905fd29ed'),)
2026-08-04 07:14:12,687 INFO sqlalchemy.engine.Engine SELECT roles.id AS roles_id, roles.name AS roles_name, roles.description AS roles_description, roles.role_order AS roles_role_order, roles.tenant_id AS roles_tenant_id, roles.is_active AS roles_is_active 
FROM roles 
WHERE roles.id IN ($1::UUID)
2026-08-04 07:14:12,687 INFO sqlalchemy.engine.Engine [cached since 9065s ago] (UUID('019fa30c-6dfa-76b9-a1ec-702518695e5a'),)
2026-08-04 07:14:12,689 INFO sqlalchemy.engine.Engine SELECT levels.id AS levels_id, levels.name AS levels_name, levels.description AS levels_description, levels.level_order AS levels_level_order 
FROM levels 
WHERE levels.id IN ($1::UUID)
2026-08-04 07:14:12,689 INFO sqlalchemy.engine.Engine [cached since 9065s ago] (UUID('019fa30c-6e16-717f-8c8f-786905fd29ed'),)
2026-08-04 07:14:12,690 INFO sqlalchemy.engine.Engine SELECT roles.id AS roles_id, roles.name AS roles_name, roles.description AS roles_description, roles.role_order AS roles_role_order, roles.tenant_id AS roles_tenant_id, roles.is_active AS roles_is_active 
FROM roles 
WHERE roles.id IN ($1::UUID)
2026-08-04 07:14:12,690 INFO sqlalchemy.engine.Engine [cached since 9065s ago] (UUID('019fa30c-6dfa-76b9-a1ec-702518695e5a'),)
2026-08-04 07:14:12,691 INFO sqlalchemy.engine.Engine SELECT users.is_active 
FROM users 
WHERE users.id = $1::UUID
2026-08-04 07:14:12,691 INFO sqlalchemy.engine.Engine [cached since 946.4s ago] (UUID('019fa30c-7688-7655-9977-81f7710449c0'),)
2026-08-04 07:14:12,692 INFO sqlalchemy.engine.Engine SELECT levels.id AS levels_id, levels.name AS levels_name, levels.description AS levels_description, levels.level_order AS levels_level_order 
FROM levels 
WHERE levels.id IN ($1::UUID)
2026-08-04 07:14:12,692 INFO sqlalchemy.engine.Engine [cached since 9065s ago] (UUID('019fa30c-6e16-717f-8c8f-786905fd29ed'),)
2026-08-04 07:14:12,693 INFO sqlalchemy.engine.Engine SELECT users.role_id 
FROM users 
WHERE users.id = $1::UUID
2026-08-04 07:14:12,693 INFO sqlalchemy.engine.Engine [cached since 946.4s ago] (UUID('019fa30c-7688-7655-9977-81f7710449c0'),)
2026-08-04 07:14:12,694 INFO sqlalchemy.engine.Engine SELECT roles.id AS roles_id, roles.name AS roles_name, roles.description AS roles_description, roles.role_order AS roles_role_order, roles.tenant_id AS roles_tenant_id, roles.is_active AS roles_is_active 
FROM roles 
WHERE roles.id IN ($1::UUID)
2026-08-04 07:14:12,695 INFO sqlalchemy.engine.Engine [cached since 9065s ago] (UUID('019fa30c-6dfa-76b9-a1ec-702518695e5a'),)
2026-08-04 07:14:12,696 INFO sqlalchemy.engine.Engine SELECT users.is_active 
FROM users 
WHERE users.id = $1::UUID
2026-08-04 07:14:12,696 INFO sqlalchemy.engine.Engine [cached since 946.4s ago] (UUID('019fa30c-7688-7655-9977-81f7710449c0'),)
2026-08-04 07:14:12,697 INFO sqlalchemy.engine.Engine SELECT permissions.name 
FROM permissions JOIN role_permissions ON role_permissions.permission_id = permissions.id 
WHERE role_permissions.role_id = $1::UUID
2026-08-04 07:14:12,697 INFO sqlalchemy.engine.Engine [cached since 946.4s ago] (UUID('019fa30c-6dfa-76b9-a1ec-702518695e5a'),)
2026-08-04 07:14:12,698 INFO sqlalchemy.engine.Engine SELECT users.is_active 
FROM users 
WHERE users.id = $1::UUID
2026-08-04 07:14:12,698 INFO sqlalchemy.engine.Engine [cached since 946.4s ago] (UUID('019fa30c-7688-7655-9977-81f7710449c0'),)
2026-08-04 07:14:12,700 INFO sqlalchemy.engine.Engine SELECT users.id, users.username, users.password, users.email, users.fullname, users.create_day, users.chat_id, users.is_active, users.token_version, users.role_id, users.level_id, users.tenant_id, users.webphone_enabled, users.sip_extension, users.sip_username, users.sip_password, users.sip_domain, users.sip_ws_server, users.sip_port, users.sip_protocol, users.webphone_api_key, users.webphone_process_id, users.webphone_agent_id, users.call_recording_enabled, users.call_log_enabled, users.meta_data 
FROM users 
WHERE users.id = $1::UUID
2026-08-04 07:14:12,700 INFO sqlalchemy.engine.Engine [cached since 9065s ago] ('019fa30c-7688-7655-9977-81f7710449c0',)
2026-08-04 07:14:12,701 INFO sqlalchemy.engine.Engine SELECT users.role_id 
FROM users 
WHERE users.id = $1::UUID
2026-08-04 07:14:12,701 INFO sqlalchemy.engine.Engine [cached since 946.4s ago] (UUID('019fa30c-7688-7655-9977-81f7710449c0'),)
2026-08-04 07:14:12,701 INFO sqlalchemy.engine.Engine SELECT users.role_id 
FROM users 
WHERE users.id = $1::UUID
2026-08-04 07:14:12,702 INFO sqlalchemy.engine.Engine [cached since 946.4s ago] (UUID('019fa30c-7688-7655-9977-81f7710449c0'),)
2026-08-04 07:14:12,703 INFO sqlalchemy.engine.Engine SELECT levels.id AS levels_id, levels.name AS levels_name, levels.description AS levels_description, levels.level_order AS levels_level_order 
FROM levels 
WHERE levels.id IN ($1::UUID)
2026-08-04 07:14:12,703 INFO sqlalchemy.engine.Engine [cached since 9065s ago] (UUID('019fa30c-6e16-717f-8c8f-786905fd29ed'),)
2026-08-04 07:14:12,704 INFO sqlalchemy.engine.Engine SELECT permissions.name 
FROM permissions JOIN role_permissions ON role_permissions.permission_id = permissions.id 
WHERE role_permissions.role_id = $1::UUID
2026-08-04 07:14:12,704 INFO sqlalchemy.engine.Engine [cached since 946.4s ago] (UUID('019fa30c-6dfa-76b9-a1ec-702518695e5a'),)
2026-08-04 07:14:12,705 INFO sqlalchemy.engine.Engine SELECT roles.id AS roles_id, roles.name AS roles_name, roles.description AS roles_description, roles.role_order AS roles_role_order, roles.tenant_id AS roles_tenant_id, roles.is_active AS roles_is_active 
FROM roles 
WHERE roles.id IN ($1::UUID)
2026-08-04 07:14:12,706 INFO sqlalchemy.engine.Engine [cached since 9065s ago] (UUID('019fa30c-6dfa-76b9-a1ec-702518695e5a'),)
2026-08-04 07:14:12,706 INFO sqlalchemy.engine.Engine SELECT permissions.name 
FROM permissions JOIN role_permissions ON role_permissions.permission_id = permissions.id 
WHERE role_permissions.role_id = $1::UUID
2026-08-04 07:14:12,707 INFO sqlalchemy.engine.Engine [cached since 946.4s ago] (UUID('019fa30c-6dfa-76b9-a1ec-702518695e5a'),)
2026-08-04 07:14:12,708 INFO sqlalchemy.engine.Engine SELECT max(levels.level_order) AS max_1 
FROM levels
2026-08-04 07:14:12,708 INFO sqlalchemy.engine.Engine [cached since 946s ago] ()
2026-08-04 07:14:12,709 INFO sqlalchemy.engine.Engine SELECT max(levels.level_order) AS max_1 
FROM levels
2026-08-04 07:14:12,709 INFO sqlalchemy.engine.Engine [cached since 946s ago] ()
2026-08-04 07:14:12,710 INFO sqlalchemy.engine.Engine SELECT roles.id, roles.name, roles.description, roles.role_order, roles.tenant_id, roles.is_active 
FROM roles 
 LIMIT $1::INTEGER OFFSET $2::INTEGER
2026-08-04 07:14:12,710 INFO sqlalchemy.engine.Engine [cached since 941.4s ago] (100, 0)
2026-08-04 07:14:12,712 INFO sqlalchemy.engine.Engine SELECT users.id, users.username, users.password, users.email, users.fullname, users.create_day, users.chat_id, users.is_active, users.token_version, users.role_id, users.level_id, users.tenant_id, users.webphone_enabled, users.sip_extension, users.sip_username, users.sip_password, users.sip_domain, users.sip_ws_server, users.sip_port, users.sip_protocol, users.webphone_api_key, users.webphone_process_id, users.webphone_agent_id, users.call_recording_enabled, users.call_log_enabled, users.meta_data 
FROM users 
WHERE users.id = $1::UUID
2026-08-04 07:14:12,712 INFO sqlalchemy.engine.Engine [cached since 9065s ago] ('019fa30c-7688-7655-9977-81f7710449c0',)
2026-08-04 07:14:12,713 INFO sqlalchemy.engine.Engine SELECT permissions.id, permissions.name, permissions.description, permissions.belong_to, permissions.tenant_id, permissions.is_active 
FROM permissions
2026-08-04 07:14:12,713 INFO sqlalchemy.engine.Engine [cached since 939.5s ago] ()
2026-08-04 07:14:12,714 INFO sqlalchemy.engine.Engine SELECT users.role_id AS users_role_id, users.id AS users_id, users.username AS users_username, users.password AS users_password, users.email AS users_email, users.fullname AS users_fullname, users.create_day AS users_create_day, users.chat_id AS users_chat_id, users.is_active AS users_is_active, users.token_version AS users_token_version, users.level_id AS users_level_id, users.tenant_id AS users_tenant_id, users.webphone_enabled AS users_webphone_enabled, users.sip_extension AS users_sip_extension, users.sip_username AS users_sip_username, users.sip_password AS users_sip_password, users.sip_domain AS users_sip_domain, users.sip_ws_server AS users_sip_ws_server, users.sip_port AS users_sip_port, users.sip_protocol AS users_sip_protocol, users.webphone_api_key AS users_webphone_api_key, users.webphone_process_id AS users_webphone_process_id, users.webphone_agent_id AS users_webphone_agent_id, users.call_recording_enabled AS users_call_recording_enabled, users.call_log_enabled AS users_call_log_enabled, users.meta_data AS users_meta_data 
FROM users 
WHERE users.role_id IN ($1::UUID, $2::UUID)
2026-08-04 07:14:12,715 INFO sqlalchemy.engine.Engine [cached since 941.4s ago] (UUID('019fa30c-6dfa-76b9-a1ec-702518695e5a'), UUID('019fa30c-6e0b-7f67-83ed-8ee35dc6de62'))
2026-08-04 07:14:12,715 INFO sqlalchemy.engine.Engine SELECT levels.id AS levels_id, levels.name AS levels_name, levels.description AS levels_description, levels.level_order AS levels_level_order 
FROM levels 
WHERE levels.id IN ($1::UUID)
2026-08-04 07:14:12,716 INFO sqlalchemy.engine.Engine [cached since 9065s ago] (UUID('019fa30c-6e16-717f-8c8f-786905fd29ed'),)
2026-08-04 07:14:12,718 INFO sqlalchemy.engine.Engine SELECT levels.id AS levels_id, levels.name AS levels_name, levels.description AS levels_description, levels.level_order AS levels_level_order 
FROM levels 
WHERE levels.id IN ($1::UUID, $2::UUID, $3::UUID)
2026-08-04 07:14:12,718 INFO sqlalchemy.engine.Engine [cached since 941.4s ago] (UUID('019fa30c-6e16-717f-8c8f-786905fd29ed'), UUID('019fa30c-6e36-7603-8c1d-e0f1e1cdab60'), UUID('019fa30c-6e45-7de8-b19e-01532d8d61f7'))
2026-08-04 07:14:12,719 INFO sqlalchemy.engine.Engine SELECT roles.id AS roles_id, roles.name AS roles_name, roles.description AS roles_description, roles.role_order AS roles_role_order, roles.tenant_id AS roles_tenant_id, roles.is_active AS roles_is_active 
FROM roles 
WHERE roles.id IN ($1::UUID)
2026-08-04 07:14:12,719 INFO sqlalchemy.engine.Engine [cached since 9065s ago] (UUID('019fa30c-6dfa-76b9-a1ec-702518695e5a'),)
2026-08-04 07:14:12,724 INFO sqlalchemy.engine.Engine ROLLBACK
2026-08-04 07:14:12,725 INFO sqlalchemy.engine.Engine SELECT count(*) AS count_1 
FROM roles
2026-08-04 07:14:12,725 INFO sqlalchemy.engine.Engine [cached since 941.4s ago] ()
2026-08-04 07:14:12,726 INFO sqlalchemy.engine.Engine SELECT max(levels.level_order) AS max_1 
FROM levels
2026-08-04 07:14:12,726 INFO sqlalchemy.engine.Engine [cached since 946s ago] ()
2026-08-04 07:14:12,728 INFO sqlalchemy.engine.Engine SELECT chatwoot_legacy_map.id, chatwoot_legacy_map.resource_type, chatwoot_legacy_map.local_uuid, chatwoot_legacy_map.chatwoot_id, chatwoot_legacy_map.tenant_id, chatwoot_legacy_map.created_at 
FROM chatwoot_legacy_map 
WHERE chatwoot_legacy_map.resource_type = $1 AND chatwoot_legacy_map.local_uuid = $2::UUID
2026-08-04 07:14:12,729 INFO sqlalchemy.engine.Engine [cached since 946s ago] ('account', UUID('019fa30c-6ba1-7ebf-923c-5c1e2b5a953c'))
2026-08-04 07:14:12,729 INFO sqlalchemy.engine.Engine ROLLBACK
INFO:     222.252.26.190:0 - "GET /api/v1/permissions/all HTTP/1.1" 200 OK
INFO:     222.252.26.190:0 - "GET /api/v1/roles?page=1&page_size=100 HTTP/1.1" 200 OK
tGR4HOMoIzhYO9W1AAAI: Received packet MESSAGE data 0
emitting event "connection_established" to 6g4BbOfB3mHUG-YxAAAJ [/]
tGR4HOMoIzhYO9W1AAAI: Sending packet MESSAGE data 2["connection_established",{"sid":"6g4BbOfB3mHUG-YxAAAJ","message":"Connected. Please authenticate.","timestamp":"2026-08-04T07:14:12.742776+00:00"}]
tGR4HOMoIzhYO9W1AAAI: Sending packet MESSAGE data 0{"sid":"6g4BbOfB3mHUG-YxAAAJ"}
2026-08-04 07:14:13,009 INFO sqlalchemy.engine.Engine SELECT chatwoot_legacy_map.chatwoot_id, chatwoot_legacy_map.local_uuid 
FROM chatwoot_legacy_map 
WHERE chatwoot_legacy_map.resource_type = $1 AND chatwoot_legacy_map.tenant_id = $2::UUID
2026-08-04 07:14:13,009 INFO sqlalchemy.engine.Engine [cached since 946s ago] ('agent', UUID('019fa30c-6ba1-7ebf-923c-5c1e2b5a953c'))
2026-08-04 07:14:13,016 INFO sqlalchemy.engine.Engine ROLLBACK
INFO:     222.252.26.190:0 - "GET /api/v1/messaging/tenants/019fa30c-6ba1-7ebf-923c-5c1e2b5a953c/conversations?status=open&sort_by=last_activity_at_desc&page=1 HTTP/1.1" 200 OK
2026-08-04 07:14:13,511 INFO sqlalchemy.engine.Engine BEGIN (implicit)
2026-08-04 07:14:13,512 INFO sqlalchemy.engine.Engine SELECT users.id, users.username, users.password, users.email, users.fullname, users.create_day, users.chat_id, users.is_active, users.token_version, users.role_id, users.level_id, users.tenant_id, users.webphone_enabled, users.sip_extension, users.sip_username, users.sip_password, users.sip_domain, users.sip_ws_server, users.sip_port, users.sip_protocol, users.webphone_api_key, users.webphone_process_id, users.webphone_agent_id, users.call_recording_enabled, users.call_log_enabled, users.meta_data 
FROM users 
WHERE users.id = $1::UUID
2026-08-04 07:14:13,512 INFO sqlalchemy.engine.Engine [cached since 9065s ago] ('019fa30c-7688-7655-9977-81f7710449c0',)
2026-08-04 07:14:13,516 INFO sqlalchemy.engine.Engine SELECT levels.id AS levels_id, levels.name AS levels_name, levels.description AS levels_description, levels.level_order AS levels_level_order 
FROM levels 
WHERE levels.id IN ($1::UUID)
2026-08-04 07:14:13,516 INFO sqlalchemy.engine.Engine [cached since 9065s ago] (UUID('019fa30c-6e16-717f-8c8f-786905fd29ed'),)
2026-08-04 07:14:13,518 INFO sqlalchemy.engine.Engine SELECT roles.id AS roles_id, roles.name AS roles_name, roles.description AS roles_description, roles.role_order AS roles_role_order, roles.tenant_id AS roles_tenant_id, roles.is_active AS roles_is_active 
FROM roles 
WHERE roles.id IN ($1::UUID)
2026-08-04 07:14:13,518 INFO sqlalchemy.engine.Engine [cached since 9065s ago] (UUID('019fa30c-6dfa-76b9-a1ec-702518695e5a'),)
tGR4HOMoIzhYO9W1AAAI: Received packet MESSAGE data 2["authenticate",{"token":"eyJhbGciOiJIUzI1NiIsInR5cCI6IkpXVCJ9.eyJ1c2VyX2lkIjoiMDE5ZmEzMGMtNzY4OC03NjU1LTk5NzctODFmNzcxMDQ0OWMwIiwidGVuYW50X2lkIjoiMDE5ZmEzMGMtNmJhMS03ZWJmLTkyM2MtNWMxZTJiNWE5NTNjIiwidG9rZW5fdmVyc2lvbiI6MCwiZXhwIjoxNzg1ODMwMzA2LCJ0b2tlbl90eXBlIjoiYWNjZXNzIn0.Tge7ithHyhz0Ifgktji1vGa8nSW57eM1x0m3l80PZKo"}]
received event "authenticate" from 6g4BbOfB3mHUG-YxAAAJ [/]
2026-08-04 07:14:13,520 INFO sqlalchemy.engine.Engine BEGIN (implicit)
2026-08-04 07:14:13,520 INFO sqlalchemy.engine.Engine SELECT users.id, users.username, users.password, users.email, users.fullname, users.create_day, users.chat_id, users.is_active, users.token_version, users.role_id, users.level_id, users.tenant_id, users.webphone_enabled, users.sip_extension, users.sip_username, users.sip_password, users.sip_domain, users.sip_ws_server, users.sip_port, users.sip_protocol, users.webphone_api_key, users.webphone_process_id, users.webphone_agent_id, users.call_recording_enabled, users.call_log_enabled, users.meta_data 
FROM users 
WHERE users.id = $1::UUID
2026-08-04 07:14:13,520 INFO sqlalchemy.engine.Engine [cached since 9065s ago] (UUID('019fa30c-7688-7655-9977-81f7710449c0'),)
2026-08-04 07:14:13,521 INFO sqlalchemy.engine.Engine SELECT users.is_active 
FROM users 
WHERE users.id = $1::UUID
2026-08-04 07:14:13,522 INFO sqlalchemy.engine.Engine [cached since 947.3s ago] (UUID('019fa30c-7688-7655-9977-81f7710449c0'),)
2026-08-04 07:14:13,523 INFO sqlalchemy.engine.Engine SELECT users.role_id 
FROM users 
WHERE users.id = $1::UUID
2026-08-04 07:14:13,523 INFO sqlalchemy.engine.Engine [cached since 947.3s ago] (UUID('019fa30c-7688-7655-9977-81f7710449c0'),)
2026-08-04 07:14:13,524 INFO sqlalchemy.engine.Engine SELECT permissions.name 
FROM permissions JOIN role_permissions ON role_permissions.permission_id = permissions.id 
WHERE role_permissions.role_id = $1::UUID
2026-08-04 07:14:13,525 INFO sqlalchemy.engine.Engine [cached since 947.3s ago] (UUID('019fa30c-6dfa-76b9-a1ec-702518695e5a'),)
2026-08-04 07:14:13,526 INFO sqlalchemy.engine.Engine SELECT levels.id AS levels_id, levels.name AS levels_name, levels.description AS levels_description, levels.level_order AS levels_level_order 
FROM levels 
WHERE levels.id IN ($1::UUID)
2026-08-04 07:14:13,526 INFO sqlalchemy.engine.Engine [cached since 9065s ago] (UUID('019fa30c-6e16-717f-8c8f-786905fd29ed'),)
2026-08-04 07:14:13,529 INFO sqlalchemy.engine.Engine SELECT max(levels.level_order) AS max_1 
FROM levels
2026-08-04 07:14:13,529 INFO sqlalchemy.engine.Engine [cached since 946.8s ago] ()
2026-08-04 07:14:13,530 INFO sqlalchemy.engine.Engine SELECT permissions.id, permissions.name, permissions.description, permissions.belong_to, permissions.tenant_id, permissions.is_active 
FROM permissions JOIN role_permissions ON permissions.id = role_permissions.permission_id 
WHERE role_permissions.role_id = $1::UUID
2026-08-04 07:14:13,530 INFO sqlalchemy.engine.Engine [cached since 939.9s ago] (UUID('019fa30c-6dfa-76b9-a1ec-702518695e5a'),)
2026-08-04 07:14:13,531 INFO sqlalchemy.engine.Engine SELECT roles.id AS roles_id, roles.name AS roles_name, roles.description AS roles_description, roles.role_order AS roles_role_order, roles.tenant_id AS roles_tenant_id, roles.is_active AS roles_is_active 
FROM roles 
WHERE roles.id IN ($1::UUID)
2026-08-04 07:14:13,531 INFO sqlalchemy.engine.Engine [cached since 9065s ago] (UUID('019fa30c-6dfa-76b9-a1ec-702518695e5a'),)
2026-08-04 07:14:13,536 INFO sqlalchemy.engine.Engine ROLLBACK
2026-08-04 07:14:13,536 INFO sqlalchemy.engine.Engine ROLLBACK
6g4BbOfB3mHUG-YxAAAJ is entering room user:019fa30c-7688-7655-9977-81f7710449c0 [/]
6g4BbOfB3mHUG-YxAAAJ is entering room tenant:019fa30c-6ba1-7ebf-923c-5c1e2b5a953c [/]
emitting event "authenticated" to 6g4BbOfB3mHUG-YxAAAJ [/]
INFO:     222.252.26.190:0 - "GET /api/v1/role-permission/019fa30c-6dfa-76b9-a1ec-702518695e5a HTTP/1.1" 200 OK
tGR4HOMoIzhYO9W1AAAI: Sending packet MESSAGE data 2["authenticated",{"message":"Successfully authenticated","user_id":"019fa30c-7688-7655-9977-81f7710449c0","username":"admin","timestamp":"2026-08-04T07:14:13.537280+00:00"}]
2026-08-04 07:14:13,538 INFO sqlalchemy.engine.Engine BEGIN (implicit)
2026-08-04 07:14:13,538 INFO sqlalchemy.engine.Engine SELECT notifications.id, notifications.title, notifications.message, notifications.type, notifications.user_id, notifications.tenant_id, notifications.is_read, notifications.read_at, notifications.delivered, notifications.delivered_at, notifications.created_at, notifications.expires_at, notifications.data, notifications.sender_id 
FROM notifications 
WHERE notifications.user_id = $1::UUID AND notifications.delivered = $2::INTEGER AND (notifications.expires_at IS NULL OR notifications.expires_at > $3::TIMESTAMP WITH TIME ZONE) ORDER BY notifications.created_at ASC 
 LIMIT $4::INTEGER
2026-08-04 07:14:13,538 INFO sqlalchemy.engine.Engine [cached since 9065s ago] (UUID('019fa30c-7688-7655-9977-81f7710449c0'), 0, datetime.datetime(2026, 8, 4, 7, 14, 13, 538274, tzinfo=datetime.timezone.utc), 50)
2026-08-04 07:14:13,557 INFO sqlalchemy.engine.Engine ROLLBACK
tGR4HOMoIzhYO9W1AAAI: Sending packet PING data None
tGR4HOMoIzhYO9W1AAAI: Received packet PONG data 
tGR4HOMoIzhYO9W1AAAI: Sending packet PING data None
tGR4HOMoIzhYO9W1AAAI: Received packet PONG data 
tGR4HOMoIzhYO9W1AAAI: Sending packet PING data None
tGR4HOMoIzhYO9W1AAAI: Received packet PONG data 
tGR4HOMoIzhYO9W1AAAI: Sending packet PING data None
tGR4HOMoIzhYO9W1AAAI: Received packet PONG data 
tGR4HOMoIzhYO9W1AAAI: Sending packet PING data None
tGR4HOMoIzhYO9W1AAAI: Received packet PONG data 
tGR4HOMoIzhYO9W1AAAI: Sending packet PING data None
tGR4HOMoIzhYO9W1AAAI: Received packet PONG data 
tGR4HOMoIzhYO9W1AAAI: Sending packet PING data None
tGR4HOMoIzhYO9W1AAAI: Received packet PONG data 
INFO:     connection closed
2026-08-04 07:17:24,434 INFO sqlalchemy.engine.Engine BEGIN (implicit)
2026-08-04 07:17:24,435 INFO sqlalchemy.engine.Engine SELECT users.id AS users_id, users.username AS users_username, users.password AS users_password, users.email AS users_email, users.fullname AS users_fullname, users.create_day AS users_create_day, users.chat_id AS users_chat_id, users.is_active AS users_is_active, users.token_version AS users_token_version, users.role_id AS users_role_id, users.level_id AS users_level_id, users.tenant_id AS users_tenant_id, users.webphone_enabled AS users_webphone_enabled, users.sip_extension AS users_sip_extension, users.sip_username AS users_sip_username, users.sip_password AS users_sip_password, users.sip_domain AS users_sip_domain, users.sip_ws_server AS users_sip_ws_server, users.sip_port AS users_sip_port, users.sip_protocol AS users_sip_protocol, users.webphone_api_key AS users_webphone_api_key, users.webphone_process_id AS users_webphone_process_id, users.webphone_agent_id AS users_webphone_agent_id, users.call_recording_enabled AS users_call_recording_enabled, users.call_log_enabled AS users_call_log_enabled, users.meta_data AS users_meta_data 
FROM users 
WHERE users.id = $1::UUID
2026-08-04 07:17:24,435 INFO sqlalchemy.engine.Engine [cached since 1138s ago] (UUID('019fa30c-7688-7655-9977-81f7710449c0'),)
2026-08-04 07:17:24,440 INFO sqlalchemy.engine.Engine SELECT levels.id AS levels_id, levels.name AS levels_name, levels.description AS levels_description, levels.level_order AS levels_level_order 
FROM levels 
WHERE levels.id IN ($1::UUID)
2026-08-04 07:17:24,440 INFO sqlalchemy.engine.Engine [cached since 9256s ago] (UUID('019fa30c-6e16-717f-8c8f-786905fd29ed'),)
2026-08-04 07:17:24,442 INFO sqlalchemy.engine.Engine SELECT roles.id AS roles_id, roles.name AS roles_name, roles.description AS roles_description, roles.role_order AS roles_role_order, roles.tenant_id AS roles_tenant_id, roles.is_active AS roles_is_active 
FROM roles 
WHERE roles.id IN ($1::UUID)
2026-08-04 07:17:24,443 INFO sqlalchemy.engine.Engine [cached since 9256s ago] (UUID('019fa30c-6dfa-76b9-a1ec-702518695e5a'),)
2026-08-04 07:17:24,444 INFO sqlalchemy.engine.Engine SELECT users.is_active 
FROM users 
WHERE users.id = $1::UUID
2026-08-04 07:17:24,444 INFO sqlalchemy.engine.Engine [cached since 1138s ago] (UUID('019fa30c-7688-7655-9977-81f7710449c0'),)
2026-08-04 07:17:24,446 INFO sqlalchemy.engine.Engine SELECT users.role_id 
FROM users 
WHERE users.id = $1::UUID
2026-08-04 07:17:24,446 INFO sqlalchemy.engine.Engine [cached since 1138s ago] (UUID('019fa30c-7688-7655-9977-81f7710449c0'),)
2026-08-04 07:17:24,447 INFO sqlalchemy.engine.Engine SELECT permissions.name 
FROM permissions JOIN role_permissions ON role_permissions.permission_id = permissions.id 
WHERE role_permissions.role_id = $1::UUID
2026-08-04 07:17:24,448 INFO sqlalchemy.engine.Engine [cached since 1138s ago] (UUID('019fa30c-6dfa-76b9-a1ec-702518695e5a'),)
2026-08-04 07:17:24,450 INFO sqlalchemy.engine.Engine SELECT users.id, users.username, users.password, users.email, users.fullname, users.create_day, users.chat_id, users.is_active, users.token_version, users.role_id, users.level_id, users.tenant_id, users.webphone_enabled, users.sip_extension, users.sip_username, users.sip_password, users.sip_domain, users.sip_ws_server, users.sip_port, users.sip_protocol, users.webphone_api_key, users.webphone_process_id, users.webphone_agent_id, users.call_recording_enabled, users.call_log_enabled, users.meta_data, roles_1.id AS id_1, roles_1.name, roles_1.description, roles_1.role_order, roles_1.tenant_id AS tenant_id_1, roles_1.is_active AS is_active_1, levels_1.id AS id_2, levels_1.name AS name_1, levels_1.description AS description_1, levels_1.level_order 
FROM users LEFT OUTER JOIN roles AS roles_1 ON roles_1.id = users.role_id LEFT OUTER JOIN levels AS levels_1 ON levels_1.id = users.level_id 
WHERE users.id = $1::UUID
2026-08-04 07:17:24,451 INFO sqlalchemy.engine.Engine [cached since 1138s ago] (UUID('019fa30c-7688-7655-9977-81f7710449c0'),)
2026-08-04 07:17:24,454 INFO sqlalchemy.engine.Engine SELECT permissions.name 
FROM permissions JOIN role_permissions ON permissions.id = role_permissions.permission_id JOIN roles ON role_permissions.role_id = roles.id JOIN users ON users.role_id = roles.id 
WHERE users.id = $1::UUID
2026-08-04 07:17:24,454 INFO sqlalchemy.engine.Engine [cached since 1138s ago] (UUID('019fa30c-7688-7655-9977-81f7710449c0'),)
Check result: ['view_users', 'current_user', 'delete_users', 'create_users', 'edit_users', 'view_user_groups', 'edit_roles', 'view_roles', 'delete_roles', 'create_roles', 'view_permissions', 'edit_permissions', 'delete_permissions', 'create_permissions', 'assign_permissions_to_role', 'delete_permission_from_role', 'view_logs', 'view_levels', 'create_level', 'edit_level', 'delete_level', 'view_departments', 'create_department', 'edit_department', 'delete_department', 'view_groups', 'create_group', 'edit_group', 'delete_group', 'assign_user_to_group', 'delete_user_group', 'view_role_permissions_by_role_id', 'view_tags', 'view_tag_by_id', 'create_tag', 'edit_tag', 'delete_tag', 'view_tickets', 'create_ticket', 'edit_ticket', 'delete_ticket', 'assign_ticket', 'view_ticket_events', 'create_ticket_event', 'edit_ticket_event', 'delete_ticket_event', 'view_ticket_templates', 'create_ticket_template', 'edit_ticket_template', 'delete_ticket_template', 'view_ticket_contexts', 'create_ticket_context', 'edit_ticket_context', 'delete_ticket_context', 'view_ticket_extensions', 'create_ticket_extension', 'edit_ticket_extension', 'delete_ticket_extension', 'view_ticket_flows', 'view_ticket_flow_by_id', 'create_ticket_flow', 'edit_ticket_flow', 'delete_ticket_flow', 'view_ticket_flow_instances', 'view_ticket_flow_instance_by_id', 'create_ticket_flow_instance', 'edit_ticket_flow_instance', 'delete_ticket_flow_instance', 'view_ticket_flow_steps', 'view_ticket_flow_step_by_id', 'create_ticket_flow_step', 'edit_ticket_flow_step', 'delete_ticket_flow_step', 'view_customers', 'view_customer_by_id', 'create_customer', 'edit_customer', 'delete_customer', 'view_customer_provided_info', 'create_customer_provided_info', 'edit_customer_provided_info', 'delete_customer_provided_info', 'view_tenants', 'create_tenant', 'edit_tenant', 'delete_tenant', 'view_level_by_id', 'view_department_by_id', 'view_group_by_id', 'view_group_detail_by_id', 'view_messaging_accounts', 'create_messaging_account', 'edit_messaging_account', 'delete_messaging_account', 'sync_messaging_integration', 'view_messaging_conversations', 'create_messaging_conversation', 'edit_messaging_conversation', 'delete_messaging_conversation', 'send_messaging_message', 'delete_messaging_message', 'assign_messaging_conversation', 'view_messaging_inboxes', 'create_messaging_inbox', 'edit_messaging_inbox', 'manage_messaging_inbox_members', 'view_messaging_labels', 'create_messaging_label', 'delete_messaging_label', 'bulk_messaging_actions', 'view_messaging_custom_filters', 'create_messaging_custom_filter', 'edit_messaging_custom_filter', 'delete_messaging_custom_filter', 'view_messaging_agents', 'create_messaging_agent', 'edit_messaging_agent', 'delete_messaging_agent', 'view_messaging_teams', 'create_messaging_team', 'edit_messaging_team', 'delete_messaging_team', 'manage_messaging_team_members', 'view_messaging_agent_bots', 'create_messaging_agent_bot', 'edit_messaging_agent_bot', 'delete_messaging_agent_bot', 'view_messaging_users', 'create_messaging_user', 'edit_messaging_user', 'delete_messaging_user']
2026-08-04 07:17:24,458 INFO sqlalchemy.engine.Engine SELECT tenant.id AS tenant_id, tenant.name AS tenant_name, tenant.description AS tenant_description, tenant.is_active AS tenant_is_active, tenant.partner_id AS tenant_partner_id, tenant.graph_id AS tenant_graph_id, tenant.agent_id AS tenant_agent_id, tenant.graph_activated AS tenant_graph_activated, tenant.meta_data AS tenant_meta_data, tenant.webcall_config AS tenant_webcall_config 
FROM tenant 
WHERE tenant.id = $1::UUID
2026-08-04 07:17:24,458 INFO sqlalchemy.engine.Engine [cached since 1138s ago] (UUID('019fa30c-6ba1-7ebf-923c-5c1e2b5a953c'),)
2026-08-04 07:17:24,460 INFO sqlalchemy.engine.Engine ROLLBACK
INFO:     222.252.26.190:0 - "GET /api/v1/user/current HTTP/1.1" 200 OK
upQsyzgQbM1T0G3UAAAK: Sending packet OPEN data {'sid': 'upQsyzgQbM1T0G3UAAAK', 'upgrades': [], 'pingTimeout': 60000, 'pingInterval': 25000}
upQsyzgQbM1T0G3UAAAK: Received request to upgrade to websocket
INFO:     ('222.252.26.190', 0) - "WebSocket /socket.io/?EIO=4&transport=websocket" [accepted]
upQsyzgQbM1T0G3UAAAK: Upgrade to websocket successful
INFO:     connection open
2026-08-04 07:17:24,936 INFO sqlalchemy.engine.Engine BEGIN (implicit)
2026-08-04 07:17:24,937 INFO sqlalchemy.engine.Engine SELECT users.id AS users_id, users.username AS users_username, users.password AS users_password, users.email AS users_email, users.fullname AS users_fullname, users.create_day AS users_create_day, users.chat_id AS users_chat_id, users.is_active AS users_is_active, users.token_version AS users_token_version, users.role_id AS users_role_id, users.level_id AS users_level_id, users.tenant_id AS users_tenant_id, users.webphone_enabled AS users_webphone_enabled, users.sip_extension AS users_sip_extension, users.sip_username AS users_sip_username, users.sip_password AS users_sip_password, users.sip_domain AS users_sip_domain, users.sip_ws_server AS users_sip_ws_server, users.sip_port AS users_sip_port, users.sip_protocol AS users_sip_protocol, users.webphone_api_key AS users_webphone_api_key, users.webphone_process_id AS users_webphone_process_id, users.webphone_agent_id AS users_webphone_agent_id, users.call_recording_enabled AS users_call_recording_enabled, users.call_log_enabled AS users_call_log_enabled, users.meta_data AS users_meta_data 
FROM users 
WHERE users.id = $1::UUID
2026-08-04 07:17:24,937 INFO sqlalchemy.engine.Engine [cached since 1139s ago] (UUID('019fa30c-7688-7655-9977-81f7710449c0'),)
2026-08-04 07:17:24,939 INFO sqlalchemy.engine.Engine BEGIN (implicit)
2026-08-04 07:17:24,939 INFO sqlalchemy.engine.Engine SELECT users.id AS users_id, users.username AS users_username, users.password AS users_password, users.email AS users_email, users.fullname AS users_fullname, users.create_day AS users_create_day, users.chat_id AS users_chat_id, users.is_active AS users_is_active, users.token_version AS users_token_version, users.role_id AS users_role_id, users.level_id AS users_level_id, users.tenant_id AS users_tenant_id, users.webphone_enabled AS users_webphone_enabled, users.sip_extension AS users_sip_extension, users.sip_username AS users_sip_username, users.sip_password AS users_sip_password, users.sip_domain AS users_sip_domain, users.sip_ws_server AS users_sip_ws_server, users.sip_port AS users_sip_port, users.sip_protocol AS users_sip_protocol, users.webphone_api_key AS users_webphone_api_key, users.webphone_process_id AS users_webphone_process_id, users.webphone_agent_id AS users_webphone_agent_id, users.call_recording_enabled AS users_call_recording_enabled, users.call_log_enabled AS users_call_log_enabled, users.meta_data AS users_meta_data 
FROM users 
WHERE users.id = $1::UUID
2026-08-04 07:17:24,939 INFO sqlalchemy.engine.Engine [cached since 1139s ago] (UUID('019fa30c-7688-7655-9977-81f7710449c0'),)
2026-08-04 07:17:24,940 INFO sqlalchemy.engine.Engine BEGIN (implicit)
2026-08-04 07:17:24,941 INFO sqlalchemy.engine.Engine SELECT users.id, users.username, users.password, users.email, users.fullname, users.create_day, users.chat_id, users.is_active, users.token_version, users.role_id, users.level_id, users.tenant_id, users.webphone_enabled, users.sip_extension, users.sip_username, users.sip_password, users.sip_domain, users.sip_ws_server, users.sip_port, users.sip_protocol, users.webphone_api_key, users.webphone_process_id, users.webphone_agent_id, users.call_recording_enabled, users.call_log_enabled, users.meta_data 
FROM users 
WHERE users.id = $1::UUID
2026-08-04 07:17:24,941 INFO sqlalchemy.engine.Engine [cached since 9257s ago] ('019fa30c-7688-7655-9977-81f7710449c0',)
2026-08-04 07:17:24,944 INFO sqlalchemy.engine.Engine SELECT levels.id AS levels_id, levels.name AS levels_name, levels.description AS levels_description, levels.level_order AS levels_level_order 
FROM levels 
WHERE levels.id IN ($1::UUID)
2026-08-04 07:17:24,945 INFO sqlalchemy.engine.Engine [cached since 9257s ago] (UUID('019fa30c-6e16-717f-8c8f-786905fd29ed'),)
2026-08-04 07:17:24,947 INFO sqlalchemy.engine.Engine SELECT levels.id AS levels_id, levels.name AS levels_name, levels.description AS levels_description, levels.level_order AS levels_level_order 
FROM levels 
WHERE levels.id IN ($1::UUID)
2026-08-04 07:17:24,947 INFO sqlalchemy.engine.Engine [cached since 9257s ago] (UUID('019fa30c-6e16-717f-8c8f-786905fd29ed'),)
2026-08-04 07:17:24,949 INFO sqlalchemy.engine.Engine SELECT levels.id AS levels_id, levels.name AS levels_name, levels.description AS levels_description, levels.level_order AS levels_level_order 
FROM levels 
WHERE levels.id IN ($1::UUID)
2026-08-04 07:17:24,949 INFO sqlalchemy.engine.Engine [cached since 9257s ago] (UUID('019fa30c-6e16-717f-8c8f-786905fd29ed'),)
2026-08-04 07:17:24,950 INFO sqlalchemy.engine.Engine SELECT roles.id AS roles_id, roles.name AS roles_name, roles.description AS roles_description, roles.role_order AS roles_role_order, roles.tenant_id AS roles_tenant_id, roles.is_active AS roles_is_active 
FROM roles 
WHERE roles.id IN ($1::UUID)
2026-08-04 07:17:24,951 INFO sqlalchemy.engine.Engine [cached since 9257s ago] (UUID('019fa30c-6dfa-76b9-a1ec-702518695e5a'),)
2026-08-04 07:17:24,952 INFO sqlalchemy.engine.Engine SELECT roles.id AS roles_id, roles.name AS roles_name, roles.description AS roles_description, roles.role_order AS roles_role_order, roles.tenant_id AS roles_tenant_id, roles.is_active AS roles_is_active 
FROM roles 
WHERE roles.id IN ($1::UUID)
2026-08-04 07:17:24,952 INFO sqlalchemy.engine.Engine [cached since 9257s ago] (UUID('019fa30c-6dfa-76b9-a1ec-702518695e5a'),)
2026-08-04 07:17:24,953 INFO sqlalchemy.engine.Engine SELECT roles.id AS roles_id, roles.name AS roles_name, roles.description AS roles_description, roles.role_order AS roles_role_order, roles.tenant_id AS roles_tenant_id, roles.is_active AS roles_is_active 
FROM roles 
WHERE roles.id IN ($1::UUID)
2026-08-04 07:17:24,954 INFO sqlalchemy.engine.Engine [cached since 9257s ago] (UUID('019fa30c-6dfa-76b9-a1ec-702518695e5a'),)
2026-08-04 07:17:24,955 INFO sqlalchemy.engine.Engine SELECT users.is_active 
FROM users 
WHERE users.id = $1::UUID
2026-08-04 07:17:24,955 INFO sqlalchemy.engine.Engine [cached since 1139s ago] (UUID('019fa30c-7688-7655-9977-81f7710449c0'),)
2026-08-04 07:17:24,957 INFO sqlalchemy.engine.Engine SELECT users.is_active 
FROM users 
WHERE users.id = $1::UUID
2026-08-04 07:17:24,957 INFO sqlalchemy.engine.Engine [cached since 1139s ago] (UUID('019fa30c-7688-7655-9977-81f7710449c0'),)
2026-08-04 07:17:24,958 INFO sqlalchemy.engine.Engine SELECT users.is_active 
FROM users 
WHERE users.id = $1::UUID
2026-08-04 07:17:24,958 INFO sqlalchemy.engine.Engine [cached since 1139s ago] (UUID('019fa30c-7688-7655-9977-81f7710449c0'),)
2026-08-04 07:17:24,959 INFO sqlalchemy.engine.Engine SELECT users.role_id 
FROM users 
WHERE users.id = $1::UUID
2026-08-04 07:17:24,959 INFO sqlalchemy.engine.Engine [cached since 1139s ago] (UUID('019fa30c-7688-7655-9977-81f7710449c0'),)
2026-08-04 07:17:24,960 INFO sqlalchemy.engine.Engine SELECT users.role_id 
FROM users 
WHERE users.id = $1::UUID
2026-08-04 07:17:24,960 INFO sqlalchemy.engine.Engine [cached since 1139s ago] (UUID('019fa30c-7688-7655-9977-81f7710449c0'),)
2026-08-04 07:17:24,960 INFO sqlalchemy.engine.Engine SELECT users.role_id 
FROM users 
WHERE users.id = $1::UUID
2026-08-04 07:17:24,960 INFO sqlalchemy.engine.Engine [cached since 1139s ago] (UUID('019fa30c-7688-7655-9977-81f7710449c0'),)
2026-08-04 07:17:24,961 INFO sqlalchemy.engine.Engine SELECT permissions.name 
FROM permissions JOIN role_permissions ON role_permissions.permission_id = permissions.id 
WHERE role_permissions.role_id = $1::UUID
2026-08-04 07:17:24,961 INFO sqlalchemy.engine.Engine [cached since 1139s ago] (UUID('019fa30c-6dfa-76b9-a1ec-702518695e5a'),)
2026-08-04 07:17:24,962 INFO sqlalchemy.engine.Engine SELECT permissions.name 
FROM permissions JOIN role_permissions ON role_permissions.permission_id = permissions.id 
WHERE role_permissions.role_id = $1::UUID
2026-08-04 07:17:24,962 INFO sqlalchemy.engine.Engine [cached since 1139s ago] (UUID('019fa30c-6dfa-76b9-a1ec-702518695e5a'),)
2026-08-04 07:17:24,962 INFO sqlalchemy.engine.Engine SELECT permissions.name 
FROM permissions JOIN role_permissions ON role_permissions.permission_id = permissions.id 
WHERE role_permissions.role_id = $1::UUID
2026-08-04 07:17:24,962 INFO sqlalchemy.engine.Engine [cached since 1139s ago] (UUID('019fa30c-6dfa-76b9-a1ec-702518695e5a'),)
2026-08-04 07:17:24,963 INFO sqlalchemy.engine.Engine SELECT users.id, users.username, users.password, users.email, users.fullname, users.create_day, users.chat_id, users.is_active, users.token_version, users.role_id, users.level_id, users.tenant_id, users.webphone_enabled, users.sip_extension, users.sip_username, users.sip_password, users.sip_domain, users.sip_ws_server, users.sip_port, users.sip_protocol, users.webphone_api_key, users.webphone_process_id, users.webphone_agent_id, users.call_recording_enabled, users.call_log_enabled, users.meta_data 
FROM users 
WHERE users.id = $1::UUID
2026-08-04 07:17:24,964 INFO sqlalchemy.engine.Engine [cached since 9257s ago] ('019fa30c-7688-7655-9977-81f7710449c0',)
2026-08-04 07:17:24,964 INFO sqlalchemy.engine.Engine SELECT max(levels.level_order) AS max_1 
FROM levels
2026-08-04 07:17:24,965 INFO sqlalchemy.engine.Engine [cached since 1138s ago] ()
2026-08-04 07:17:24,965 INFO sqlalchemy.engine.Engine SELECT users.id, users.username, users.password, users.email, users.fullname, users.create_day, users.chat_id, users.is_active, users.token_version, users.role_id, users.level_id, users.tenant_id, users.webphone_enabled, users.sip_extension, users.sip_username, users.sip_password, users.sip_domain, users.sip_ws_server, users.sip_port, users.sip_protocol, users.webphone_api_key, users.webphone_process_id, users.webphone_agent_id, users.call_recording_enabled, users.call_log_enabled, users.meta_data 
FROM users 
WHERE users.id = $1::UUID
2026-08-04 07:17:24,965 INFO sqlalchemy.engine.Engine [cached since 9257s ago] ('019fa30c-7688-7655-9977-81f7710449c0',)
2026-08-04 07:17:24,966 INFO sqlalchemy.engine.Engine SELECT levels.id AS levels_id, levels.name AS levels_name, levels.description AS levels_description, levels.level_order AS levels_level_order 
FROM levels 
WHERE levels.id IN ($1::UUID)
2026-08-04 07:17:24,966 INFO sqlalchemy.engine.Engine [cached since 9257s ago] (UUID('019fa30c-6e16-717f-8c8f-786905fd29ed'),)
2026-08-04 07:17:24,967 INFO sqlalchemy.engine.Engine SELECT permissions.id, permissions.name, permissions.description, permissions.belong_to, permissions.tenant_id, permissions.is_active 
FROM permissions
2026-08-04 07:17:24,967 INFO sqlalchemy.engine.Engine [cached since 1132s ago] ()
2026-08-04 07:17:24,968 INFO sqlalchemy.engine.Engine SELECT levels.id AS levels_id, levels.name AS levels_name, levels.description AS levels_description, levels.level_order AS levels_level_order 
FROM levels 
WHERE levels.id IN ($1::UUID)
2026-08-04 07:17:24,968 INFO sqlalchemy.engine.Engine [cached since 9257s ago] (UUID('019fa30c-6e16-717f-8c8f-786905fd29ed'),)
2026-08-04 07:17:24,969 INFO sqlalchemy.engine.Engine SELECT roles.id AS roles_id, roles.name AS roles_name, roles.description AS roles_description, roles.role_order AS roles_role_order, roles.tenant_id AS roles_tenant_id, roles.is_active AS roles_is_active 
FROM roles 
WHERE roles.id IN ($1::UUID)
2026-08-04 07:17:24,969 INFO sqlalchemy.engine.Engine [cached since 9257s ago] (UUID('019fa30c-6dfa-76b9-a1ec-702518695e5a'),)
2026-08-04 07:17:24,970 INFO sqlalchemy.engine.Engine SELECT roles.id AS roles_id, roles.name AS roles_name, roles.description AS roles_description, roles.role_order AS roles_role_order, roles.tenant_id AS roles_tenant_id, roles.is_active AS roles_is_active 
FROM roles 
WHERE roles.id IN ($1::UUID)
2026-08-04 07:17:24,970 INFO sqlalchemy.engine.Engine [cached since 9257s ago] (UUID('019fa30c-6dfa-76b9-a1ec-702518695e5a'),)
2026-08-04 07:17:24,971 INFO sqlalchemy.engine.Engine SELECT max(levels.level_order) AS max_1 
FROM levels
2026-08-04 07:17:24,971 INFO sqlalchemy.engine.Engine [cached since 1138s ago] ()
2026-08-04 07:17:24,972 INFO sqlalchemy.engine.Engine SELECT max(levels.level_order) AS max_1 
FROM levels
2026-08-04 07:17:24,972 INFO sqlalchemy.engine.Engine [cached since 1138s ago] ()
upQsyzgQbM1T0G3UAAAK: Received packet MESSAGE data 0
emitting event "connection_established" to MXAoHb487X0MCJMGAAAL [/]
2026-08-04 07:17:24,976 INFO sqlalchemy.engine.Engine ROLLBACK
2026-08-04 07:17:24,977 INFO sqlalchemy.engine.Engine SELECT roles.id, roles.name, roles.description, roles.role_order, roles.tenant_id, roles.is_active 
FROM roles 
 LIMIT $1::INTEGER OFFSET $2::INTEGER
2026-08-04 07:17:24,977 INFO sqlalchemy.engine.Engine [cached since 1134s ago] (100, 0)
upQsyzgQbM1T0G3UAAAK: Sending packet MESSAGE data 2["connection_established",{"sid":"MXAoHb487X0MCJMGAAAL","message":"Connected. Please authenticate.","timestamp":"2026-08-04T07:17:24.976553+00:00"}]
2026-08-04 07:17:24,978 INFO sqlalchemy.engine.Engine SELECT chatwoot_legacy_map.id, chatwoot_legacy_map.resource_type, chatwoot_legacy_map.local_uuid, chatwoot_legacy_map.chatwoot_id, chatwoot_legacy_map.tenant_id, chatwoot_legacy_map.created_at 
FROM chatwoot_legacy_map 
WHERE chatwoot_legacy_map.resource_type = $1 AND chatwoot_legacy_map.local_uuid = $2::UUID
2026-08-04 07:17:24,978 INFO sqlalchemy.engine.Engine [cached since 1138s ago] ('account', UUID('019fa30c-6ba1-7ebf-923c-5c1e2b5a953c'))
2026-08-04 07:17:24,979 INFO sqlalchemy.engine.Engine SELECT users.role_id AS users_role_id, users.id AS users_id, users.username AS users_username, users.password AS users_password, users.email AS users_email, users.fullname AS users_fullname, users.create_day AS users_create_day, users.chat_id AS users_chat_id, users.is_active AS users_is_active, users.token_version AS users_token_version, users.level_id AS users_level_id, users.tenant_id AS users_tenant_id, users.webphone_enabled AS users_webphone_enabled, users.sip_extension AS users_sip_extension, users.sip_username AS users_sip_username, users.sip_password AS users_sip_password, users.sip_domain AS users_sip_domain, users.sip_ws_server AS users_sip_ws_server, users.sip_port AS users_sip_port, users.sip_protocol AS users_sip_protocol, users.webphone_api_key AS users_webphone_api_key, users.webphone_process_id AS users_webphone_process_id, users.webphone_agent_id AS users_webphone_agent_id, users.call_recording_enabled AS users_call_recording_enabled, users.call_log_enabled AS users_call_log_enabled, users.meta_data AS users_meta_data 
FROM users 
WHERE users.role_id IN ($1::UUID, $2::UUID)
2026-08-04 07:17:24,979 INFO sqlalchemy.engine.Engine [cached since 1134s ago] (UUID('019fa30c-6dfa-76b9-a1ec-702518695e5a'), UUID('019fa30c-6e0b-7f67-83ed-8ee35dc6de62'))
upQsyzgQbM1T0G3UAAAK: Sending packet MESSAGE data 0{"sid":"MXAoHb487X0MCJMGAAAL"}
2026-08-04 07:17:24,981 INFO sqlalchemy.engine.Engine SELECT levels.id AS levels_id, levels.name AS levels_name, levels.description AS levels_description, levels.level_order AS levels_level_order 
FROM levels 
WHERE levels.id IN ($1::UUID, $2::UUID, $3::UUID)
2026-08-04 07:17:24,981 INFO sqlalchemy.engine.Engine [cached since 1134s ago] (UUID('019fa30c-6e16-717f-8c8f-786905fd29ed'), UUID('019fa30c-6e36-7603-8c1d-e0f1e1cdab60'), UUID('019fa30c-6e45-7de8-b19e-01532d8d61f7'))
INFO:     222.252.26.190:0 - "GET /api/v1/permissions/all HTTP/1.1" 200 OK
2026-08-04 07:17:24,991 INFO sqlalchemy.engine.Engine SELECT count(*) AS count_1 
FROM roles
2026-08-04 07:17:24,991 INFO sqlalchemy.engine.Engine [cached since 1134s ago] ()
2026-08-04 07:17:24,992 INFO sqlalchemy.engine.Engine ROLLBACK
INFO:     222.252.26.190:0 - "GET /api/v1/roles?page=1&page_size=100 HTTP/1.1" 200 OK
upQsyzgQbM1T0G3UAAAK: Received packet MESSAGE data 2["authenticate",{"token":"eyJhbGciOiJIUzI1NiIsInR5cCI6IkpXVCJ9.eyJ1c2VyX2lkIjoiMDE5ZmEzMGMtNzY4OC03NjU1LTk5NzctODFmNzcxMDQ0OWMwIiwidGVuYW50X2lkIjoiMDE5ZmEzMGMtNmJhMS03ZWJmLTkyM2MtNWMxZTJiNWE5NTNjIiwidG9rZW5fdmVyc2lvbiI6MCwiZXhwIjoxNzg1ODMwMzA2LCJ0b2tlbl90eXBlIjoiYWNjZXNzIn0.Tge7ithHyhz0Ifgktji1vGa8nSW57eM1x0m3l80PZKo"}]
received event "authenticate" from MXAoHb487X0MCJMGAAAL [/]
2026-08-04 07:17:25,125 INFO sqlalchemy.engine.Engine BEGIN (implicit)
2026-08-04 07:17:25,126 INFO sqlalchemy.engine.Engine SELECT users.id, users.username, users.password, users.email, users.fullname, users.create_day, users.chat_id, users.is_active, users.token_version, users.role_id, users.level_id, users.tenant_id, users.webphone_enabled, users.sip_extension, users.sip_username, users.sip_password, users.sip_domain, users.sip_ws_server, users.sip_port, users.sip_protocol, users.webphone_api_key, users.webphone_process_id, users.webphone_agent_id, users.call_recording_enabled, users.call_log_enabled, users.meta_data 
FROM users 
WHERE users.id = $1::UUID
2026-08-04 07:17:25,126 INFO sqlalchemy.engine.Engine [cached since 9257s ago] (UUID('019fa30c-7688-7655-9977-81f7710449c0'),)
2026-08-04 07:17:25,128 INFO sqlalchemy.engine.Engine SELECT levels.id AS levels_id, levels.name AS levels_name, levels.description AS levels_description, levels.level_order AS levels_level_order 
FROM levels 
WHERE levels.id IN ($1::UUID)
2026-08-04 07:17:25,129 INFO sqlalchemy.engine.Engine [cached since 9257s ago] (UUID('019fa30c-6e16-717f-8c8f-786905fd29ed'),)
2026-08-04 07:17:25,130 INFO sqlalchemy.engine.Engine SELECT roles.id AS roles_id, roles.name AS roles_name, roles.description AS roles_description, roles.role_order AS roles_role_order, roles.tenant_id AS roles_tenant_id, roles.is_active AS roles_is_active 
FROM roles 
WHERE roles.id IN ($1::UUID)
2026-08-04 07:17:25,130 INFO sqlalchemy.engine.Engine [cached since 9257s ago] (UUID('019fa30c-6dfa-76b9-a1ec-702518695e5a'),)
2026-08-04 07:17:25,131 INFO sqlalchemy.engine.Engine ROLLBACK
MXAoHb487X0MCJMGAAAL is entering room user:019fa30c-7688-7655-9977-81f7710449c0 [/]
MXAoHb487X0MCJMGAAAL is entering room tenant:019fa30c-6ba1-7ebf-923c-5c1e2b5a953c [/]
emitting event "authenticated" to MXAoHb487X0MCJMGAAAL [/]
upQsyzgQbM1T0G3UAAAK: Sending packet MESSAGE data 2["authenticated",{"message":"Successfully authenticated","user_id":"019fa30c-7688-7655-9977-81f7710449c0","username":"admin","timestamp":"2026-08-04T07:17:25.133007+00:00"}]
2026-08-04 07:17:25,134 INFO sqlalchemy.engine.Engine BEGIN (implicit)
2026-08-04 07:17:25,134 INFO sqlalchemy.engine.Engine SELECT notifications.id, notifications.title, notifications.message, notifications.type, notifications.user_id, notifications.tenant_id, notifications.is_read, notifications.read_at, notifications.delivered, notifications.delivered_at, notifications.created_at, notifications.expires_at, notifications.data, notifications.sender_id 
FROM notifications 
WHERE notifications.user_id = $1::UUID AND notifications.delivered = $2::INTEGER AND (notifications.expires_at IS NULL OR notifications.expires_at > $3::TIMESTAMP WITH TIME ZONE) ORDER BY notifications.created_at ASC 
 LIMIT $4::INTEGER
2026-08-04 07:17:25,134 INFO sqlalchemy.engine.Engine [cached since 9257s ago] (UUID('019fa30c-7688-7655-9977-81f7710449c0'), 0, datetime.datetime(2026, 8, 4, 7, 17, 25, 133822, tzinfo=datetime.timezone.utc), 50)
2026-08-04 07:17:25,136 INFO sqlalchemy.engine.Engine ROLLBACK
2026-08-04 07:17:25,229 INFO sqlalchemy.engine.Engine SELECT chatwoot_legacy_map.chatwoot_id, chatwoot_legacy_map.local_uuid 
FROM chatwoot_legacy_map 
WHERE chatwoot_legacy_map.resource_type = $1 AND chatwoot_legacy_map.tenant_id = $2::UUID
2026-08-04 07:17:25,229 INFO sqlalchemy.engine.Engine [cached since 1138s ago] ('agent', UUID('019fa30c-6ba1-7ebf-923c-5c1e2b5a953c'))
2026-08-04 07:17:25,236 INFO sqlalchemy.engine.Engine ROLLBACK
INFO:     222.252.26.190:0 - "GET /api/v1/messaging/tenants/019fa30c-6ba1-7ebf-923c-5c1e2b5a953c/conversations?status=open&sort_by=last_activity_at_desc&page=1 HTTP/1.1" 200 OK
2026-08-04 07:17:25,668 INFO sqlalchemy.engine.Engine BEGIN (implicit)
2026-08-04 07:17:25,669 INFO sqlalchemy.engine.Engine SELECT users.id, users.username, users.password, users.email, users.fullname, users.create_day, users.chat_id, users.is_active, users.token_version, users.role_id, users.level_id, users.tenant_id, users.webphone_enabled, users.sip_extension, users.sip_username, users.sip_password, users.sip_domain, users.sip_ws_server, users.sip_port, users.sip_protocol, users.webphone_api_key, users.webphone_process_id, users.webphone_agent_id, users.call_recording_enabled, users.call_log_enabled, users.meta_data 
FROM users 
WHERE users.id = $1::UUID
2026-08-04 07:17:25,669 INFO sqlalchemy.engine.Engine [cached since 9258s ago] ('019fa30c-7688-7655-9977-81f7710449c0',)
2026-08-04 07:17:25,673 INFO sqlalchemy.engine.Engine SELECT levels.id AS levels_id, levels.name AS levels_name, levels.description AS levels_description, levels.level_order AS levels_level_order 
FROM levels 
WHERE levels.id IN ($1::UUID)
2026-08-04 07:17:25,674 INFO sqlalchemy.engine.Engine [cached since 9258s ago] (UUID('019fa30c-6e16-717f-8c8f-786905fd29ed'),)
2026-08-04 07:17:25,677 INFO sqlalchemy.engine.Engine SELECT roles.id AS roles_id, roles.name AS roles_name, roles.description AS roles_description, roles.role_order AS roles_role_order, roles.tenant_id AS roles_tenant_id, roles.is_active AS roles_is_active 
FROM roles 
WHERE roles.id IN ($1::UUID)
2026-08-04 07:17:25,677 INFO sqlalchemy.engine.Engine [cached since 9258s ago] (UUID('019fa30c-6dfa-76b9-a1ec-702518695e5a'),)
2026-08-04 07:17:25,680 INFO sqlalchemy.engine.Engine SELECT users.is_active 
FROM users 
WHERE users.id = $1::UUID
2026-08-04 07:17:25,681 INFO sqlalchemy.engine.Engine [cached since 1139s ago] (UUID('019fa30c-7688-7655-9977-81f7710449c0'),)
2026-08-04 07:17:25,683 INFO sqlalchemy.engine.Engine SELECT users.role_id 
FROM users 
WHERE users.id = $1::UUID
2026-08-04 07:17:25,683 INFO sqlalchemy.engine.Engine [cached since 1139s ago] (UUID('019fa30c-7688-7655-9977-81f7710449c0'),)
2026-08-04 07:17:25,685 INFO sqlalchemy.engine.Engine SELECT permissions.name 
FROM permissions JOIN role_permissions ON role_permissions.permission_id = permissions.id 
WHERE role_permissions.role_id = $1::UUID
2026-08-04 07:17:25,685 INFO sqlalchemy.engine.Engine [cached since 1139s ago] (UUID('019fa30c-6dfa-76b9-a1ec-702518695e5a'),)
2026-08-04 07:17:25,688 INFO sqlalchemy.engine.Engine SELECT max(levels.level_order) AS max_1 
FROM levels
2026-08-04 07:17:25,688 INFO sqlalchemy.engine.Engine [cached since 1139s ago] ()
2026-08-04 07:17:25,689 INFO sqlalchemy.engine.Engine SELECT permissions.id, permissions.name, permissions.description, permissions.belong_to, permissions.tenant_id, permissions.is_active 
FROM permissions JOIN role_permissions ON permissions.id = role_permissions.permission_id 
WHERE role_permissions.role_id = $1::UUID
2026-08-04 07:17:25,689 INFO sqlalchemy.engine.Engine [cached since 1132s ago] (UUID('019fa30c-6dfa-76b9-a1ec-702518695e5a'),)
2026-08-04 07:17:25,698 INFO sqlalchemy.engine.Engine ROLLBACK
INFO:     222.252.26.190:0 - "GET /api/v1/role-permission/019fa30c-6dfa-76b9-a1ec-702518695e5a HTTP/1.1" 200 OK
WARNING:  Invalid HTTP request received.
WARNING:  Invalid HTTP request received.
WARNING:  Invalid HTTP request received.
upQsyzgQbM1T0G3UAAAK: Sending packet PING data None
upQsyzgQbM1T0G3UAAAK: Received packet PONG data 
upQsyzgQbM1T0G3UAAAK: Sending packet PING data None
upQsyzgQbM1T0G3UAAAK: Received packet PONG data 
upQsyzgQbM1T0G3UAAAK: Sending packet PING data None
upQsyzgQbM1T0G3UAAAK: Received packet PONG data 
upQsyzgQbM1T0G3UAAAK: Sending packet PING data None
upQsyzgQbM1T0G3UAAAK: Received packet PONG data 
upQsyzgQbM1T0G3UAAAK: Sending packet PING data None
upQsyzgQbM1T0G3UAAAK: Received packet PONG data 
upQsyzgQbM1T0G3UAAAK: Sending packet PING data None
upQsyzgQbM1T0G3UAAAK: Received packet PONG data 
upQsyzgQbM1T0G3UAAAK: Sending packet PING data None
upQsyzgQbM1T0G3UAAAK: Received packet PONG data 
upQsyzgQbM1T0G3UAAAK: Sending packet PING data None
upQsyzgQbM1T0G3UAAAK: Received packet PONG data 
upQsyzgQbM1T0G3UAAAK: Sending packet PING data None
upQsyzgQbM1T0G3UAAAK: Received packet PONG data 
upQsyzgQbM1T0G3UAAAK: Sending packet PING data None
upQsyzgQbM1T0G3UAAAK: Received packet PONG data 
upQsyzgQbM1T0G3UAAAK: Sending packet PING data None
upQsyzgQbM1T0G3UAAAK: Received packet PONG data 
upQsyzgQbM1T0G3UAAAK: Sending packet PING data None
upQsyzgQbM1T0G3UAAAK: Received packet PONG data 
upQsyzgQbM1T0G3UAAAK: Sending packet PING data None
upQsyzgQbM1T0G3UAAAK: Received packet PONG data 
upQsyzgQbM1T0G3UAAAK: Sending packet PING data None
upQsyzgQbM1T0G3UAAAK: Received packet PONG data 
WARNING:  Invalid HTTP request received.
WARNING:  Invalid HTTP request received.
upQsyzgQbM1T0G3UAAAK: Sending packet PING data None
upQsyzgQbM1T0G3UAAAK: Received packet PONG data 
WARNING:  Invalid HTTP request received.
upQsyzgQbM1T0G3UAAAK: Sending packet PING data None
upQsyzgQbM1T0G3UAAAK: Received packet PONG data 
upQsyzgQbM1T0G3UAAAK: Sending packet PING data None
upQsyzgQbM1T0G3UAAAK: Received packet PONG data 
upQsyzgQbM1T0G3UAAAK: Sending packet PING data None
upQsyzgQbM1T0G3UAAAK: Received packet PONG data 
upQsyzgQbM1T0G3UAAAK: Sending packet PING data None
upQsyzgQbM1T0G3UAAAK: Received packet PONG data 
INFO:     connection closed
INFO:     222.252.26.190:0 - "OPTIONS /api/v1/user/current HTTP/1.1" 200 OK
2026-08-04 07:25:38,847 INFO sqlalchemy.engine.Engine BEGIN (implicit)
2026-08-04 07:25:38,848 INFO sqlalchemy.engine.Engine SELECT users.id AS users_id, users.username AS users_username, users.password AS users_password, users.email AS users_email, users.fullname AS users_fullname, users.create_day AS users_create_day, users.chat_id AS users_chat_id, users.is_active AS users_is_active, users.token_version AS users_token_version, users.role_id AS users_role_id, users.level_id AS users_level_id, users.tenant_id AS users_tenant_id, users.webphone_enabled AS users_webphone_enabled, users.sip_extension AS users_sip_extension, users.sip_username AS users_sip_username, users.sip_password AS users_sip_password, users.sip_domain AS users_sip_domain, users.sip_ws_server AS users_sip_ws_server, users.sip_port AS users_sip_port, users.sip_protocol AS users_sip_protocol, users.webphone_api_key AS users_webphone_api_key, users.webphone_process_id AS users_webphone_process_id, users.webphone_agent_id AS users_webphone_agent_id, users.call_recording_enabled AS users_call_recording_enabled, users.call_log_enabled AS users_call_log_enabled, users.meta_data AS users_meta_data 
FROM users 
WHERE users.id = $1::UUID
2026-08-04 07:25:38,848 INFO sqlalchemy.engine.Engine [cached since 1633s ago] (UUID('019fa30c-7688-7655-9977-81f7710449c0'),)
2026-08-04 07:25:38,852 INFO sqlalchemy.engine.Engine SELECT levels.id AS levels_id, levels.name AS levels_name, levels.description AS levels_description, levels.level_order AS levels_level_order 
FROM levels 
WHERE levels.id IN ($1::UUID)
2026-08-04 07:25:38,852 INFO sqlalchemy.engine.Engine [cached since 9751s ago] (UUID('019fa30c-6e16-717f-8c8f-786905fd29ed'),)
2026-08-04 07:25:38,854 INFO sqlalchemy.engine.Engine SELECT roles.id AS roles_id, roles.name AS roles_name, roles.description AS roles_description, roles.role_order AS roles_role_order, roles.tenant_id AS roles_tenant_id, roles.is_active AS roles_is_active 
FROM roles 
WHERE roles.id IN ($1::UUID)
2026-08-04 07:25:38,854 INFO sqlalchemy.engine.Engine [cached since 9751s ago] (UUID('019fa30c-6dfa-76b9-a1ec-702518695e5a'),)
2026-08-04 07:25:38,856 INFO sqlalchemy.engine.Engine SELECT users.is_active 
FROM users 
WHERE users.id = $1::UUID
2026-08-04 07:25:38,856 INFO sqlalchemy.engine.Engine [cached since 1633s ago] (UUID('019fa30c-7688-7655-9977-81f7710449c0'),)
2026-08-04 07:25:38,858 INFO sqlalchemy.engine.Engine SELECT users.role_id 
FROM users 
WHERE users.id = $1::UUID
2026-08-04 07:25:38,858 INFO sqlalchemy.engine.Engine [cached since 1633s ago] (UUID('019fa30c-7688-7655-9977-81f7710449c0'),)
2026-08-04 07:25:38,860 INFO sqlalchemy.engine.Engine SELECT permissions.name 
FROM permissions JOIN role_permissions ON role_permissions.permission_id = permissions.id 
WHERE role_permissions.role_id = $1::UUID
2026-08-04 07:25:38,860 INFO sqlalchemy.engine.Engine [cached since 1633s ago] (UUID('019fa30c-6dfa-76b9-a1ec-702518695e5a'),)
2026-08-04 07:25:38,862 INFO sqlalchemy.engine.Engine SELECT users.id, users.username, users.password, users.email, users.fullname, users.create_day, users.chat_id, users.is_active, users.token_version, users.role_id, users.level_id, users.tenant_id, users.webphone_enabled, users.sip_extension, users.sip_username, users.sip_password, users.sip_domain, users.sip_ws_server, users.sip_port, users.sip_protocol, users.webphone_api_key, users.webphone_process_id, users.webphone_agent_id, users.call_recording_enabled, users.call_log_enabled, users.meta_data, roles_1.id AS id_1, roles_1.name, roles_1.description, roles_1.role_order, roles_1.tenant_id AS tenant_id_1, roles_1.is_active AS is_active_1, levels_1.id AS id_2, levels_1.name AS name_1, levels_1.description AS description_1, levels_1.level_order 
FROM users LEFT OUTER JOIN roles AS roles_1 ON roles_1.id = users.role_id LEFT OUTER JOIN levels AS levels_1 ON levels_1.id = users.level_id 
WHERE users.id = $1::UUID
2026-08-04 07:25:38,862 INFO sqlalchemy.engine.Engine [cached since 1633s ago] (UUID('019fa30c-7688-7655-9977-81f7710449c0'),)
2026-08-04 07:25:38,864 INFO sqlalchemy.engine.Engine SELECT permissions.name 
FROM permissions JOIN role_permissions ON permissions.id = role_permissions.permission_id JOIN roles ON role_permissions.role_id = roles.id JOIN users ON users.role_id = roles.id 
WHERE users.id = $1::UUID
2026-08-04 07:25:38,864 INFO sqlalchemy.engine.Engine [cached since 1633s ago] (UUID('019fa30c-7688-7655-9977-81f7710449c0'),)
Check result: ['view_users', 'current_user', 'delete_users', 'create_users', 'edit_users', 'view_user_groups', 'edit_roles', 'view_roles', 'delete_roles', 'create_roles', 'view_permissions', 'edit_permissions', 'delete_permissions', 'create_permissions', 'assign_permissions_to_role', 'delete_permission_from_role', 'view_logs', 'view_levels', 'create_level', 'edit_level', 'delete_level', 'view_departments', 'create_department', 'edit_department', 'delete_department', 'view_groups', 'create_group', 'edit_group', 'delete_group', 'assign_user_to_group', 'delete_user_group', 'view_role_permissions_by_role_id', 'view_tags', 'view_tag_by_id', 'create_tag', 'edit_tag', 'delete_tag', 'view_tickets', 'create_ticket', 'edit_ticket', 'delete_ticket', 'assign_ticket', 'view_ticket_events', 'create_ticket_event', 'edit_ticket_event', 'delete_ticket_event', 'view_ticket_templates', 'create_ticket_template', 'edit_ticket_template', 'delete_ticket_template', 'view_ticket_contexts', 'create_ticket_context', 'edit_ticket_context', 'delete_ticket_context', 'view_ticket_extensions', 'create_ticket_extension', 'edit_ticket_extension', 'delete_ticket_extension', 'view_ticket_flows', 'view_ticket_flow_by_id', 'create_ticket_flow', 'edit_ticket_flow', 'delete_ticket_flow', 'view_ticket_flow_instances', 'view_ticket_flow_instance_by_id', 'create_ticket_flow_instance', 'edit_ticket_flow_instance', 'delete_ticket_flow_instance', 'view_ticket_flow_steps', 'view_ticket_flow_step_by_id', 'create_ticket_flow_step', 'edit_ticket_flow_step', 'delete_ticket_flow_step', 'view_customers', 'view_customer_by_id', 'create_customer', 'edit_customer', 'delete_customer', 'view_customer_provided_info', 'create_customer_provided_info', 'edit_customer_provided_info', 'delete_customer_provided_info', 'view_tenants', 'create_tenant', 'edit_tenant', 'delete_tenant', 'view_level_by_id', 'view_department_by_id', 'view_group_by_id', 'view_group_detail_by_id', 'view_messaging_accounts', 'create_messaging_account', 'edit_messaging_account', 'delete_messaging_account', 'sync_messaging_integration', 'view_messaging_conversations', 'create_messaging_conversation', 'edit_messaging_conversation', 'delete_messaging_conversation', 'send_messaging_message', 'delete_messaging_message', 'assign_messaging_conversation', 'view_messaging_inboxes', 'create_messaging_inbox', 'edit_messaging_inbox', 'manage_messaging_inbox_members', 'view_messaging_labels', 'create_messaging_label', 'delete_messaging_label', 'bulk_messaging_actions', 'view_messaging_custom_filters', 'create_messaging_custom_filter', 'edit_messaging_custom_filter', 'delete_messaging_custom_filter', 'view_messaging_agents', 'create_messaging_agent', 'edit_messaging_agent', 'delete_messaging_agent', 'view_messaging_teams', 'create_messaging_team', 'edit_messaging_team', 'delete_messaging_team', 'manage_messaging_team_members', 'view_messaging_agent_bots', 'create_messaging_agent_bot', 'edit_messaging_agent_bot', 'delete_messaging_agent_bot', 'view_messaging_users', 'create_messaging_user', 'edit_messaging_user', 'delete_messaging_user']
2026-08-04 07:25:38,867 INFO sqlalchemy.engine.Engine SELECT tenant.id AS tenant_id, tenant.name AS tenant_name, tenant.description AS tenant_description, tenant.is_active AS tenant_is_active, tenant.partner_id AS tenant_partner_id, tenant.graph_id AS tenant_graph_id, tenant.agent_id AS tenant_agent_id, tenant.graph_activated AS tenant_graph_activated, tenant.meta_data AS tenant_meta_data, tenant.webcall_config AS tenant_webcall_config 
FROM tenant 
WHERE tenant.id = $1::UUID
2026-08-04 07:25:38,867 INFO sqlalchemy.engine.Engine [cached since 1633s ago] (UUID('019fa30c-6ba1-7ebf-923c-5c1e2b5a953c'),)
2026-08-04 07:25:38,868 INFO sqlalchemy.engine.Engine ROLLBACK
INFO:     222.252.26.190:0 - "GET /api/v1/user/current HTTP/1.1" 200 OK
JK-3wGsjYRYIcd0gAAAM: Sending packet OPEN data {'sid': 'JK-3wGsjYRYIcd0gAAAM', 'upgrades': [], 'pingTimeout': 60000, 'pingInterval': 25000}
JK-3wGsjYRYIcd0gAAAM: Received request to upgrade to websocket
INFO:     ('222.252.26.190', 0) - "WebSocket /socket.io/?EIO=4&transport=websocket" [accepted]
JK-3wGsjYRYIcd0gAAAM: Upgrade to websocket successful
INFO:     connection open
INFO:     222.252.26.190:0 - "OPTIONS /api/v1/messaging/tenants/019fa30c-6ba1-7ebf-923c-5c1e2b5a953c/conversations?status=open&sort_by=last_activity_at_desc&page=1 HTTP/1.1" 200 OK
INFO:     222.252.26.190:0 - "OPTIONS /api/v1/roles?page=1&page_size=100 HTTP/1.1" 200 OK
INFO:     222.252.26.190:0 - "OPTIONS /api/v1/permissions/all HTTP/1.1" 200 OK
JK-3wGsjYRYIcd0gAAAM: Received packet MESSAGE data 0
emitting event "connection_established" to w3m3gDgxqHLbwTXSAAAN [/]
JK-3wGsjYRYIcd0gAAAM: Sending packet MESSAGE data 2["connection_established",{"sid":"w3m3gDgxqHLbwTXSAAAN","message":"Connected. Please authenticate.","timestamp":"2026-08-04T07:25:39.146233+00:00"}]
JK-3wGsjYRYIcd0gAAAM: Sending packet MESSAGE data 0{"sid":"w3m3gDgxqHLbwTXSAAAN"}
2026-08-04 07:25:39,163 INFO sqlalchemy.engine.Engine BEGIN (implicit)
2026-08-04 07:25:39,164 INFO sqlalchemy.engine.Engine SELECT users.id AS users_id, users.username AS users_username, users.password AS users_password, users.email AS users_email, users.fullname AS users_fullname, users.create_day AS users_create_day, users.chat_id AS users_chat_id, users.is_active AS users_is_active, users.token_version AS users_token_version, users.role_id AS users_role_id, users.level_id AS users_level_id, users.tenant_id AS users_tenant_id, users.webphone_enabled AS users_webphone_enabled, users.sip_extension AS users_sip_extension, users.sip_username AS users_sip_username, users.sip_password AS users_sip_password, users.sip_domain AS users_sip_domain, users.sip_ws_server AS users_sip_ws_server, users.sip_port AS users_sip_port, users.sip_protocol AS users_sip_protocol, users.webphone_api_key AS users_webphone_api_key, users.webphone_process_id AS users_webphone_process_id, users.webphone_agent_id AS users_webphone_agent_id, users.call_recording_enabled AS users_call_recording_enabled, users.call_log_enabled AS users_call_log_enabled, users.meta_data AS users_meta_data 
FROM users 
WHERE users.id = $1::UUID
2026-08-04 07:25:39,164 INFO sqlalchemy.engine.Engine [cached since 1633s ago] (UUID('019fa30c-7688-7655-9977-81f7710449c0'),)
2026-08-04 07:25:39,172 INFO sqlalchemy.engine.Engine SELECT levels.id AS levels_id, levels.name AS levels_name, levels.description AS levels_description, levels.level_order AS levels_level_order 
FROM levels 
WHERE levels.id IN ($1::UUID)
2026-08-04 07:25:39,173 INFO sqlalchemy.engine.Engine [cached since 9751s ago] (UUID('019fa30c-6e16-717f-8c8f-786905fd29ed'),)
2026-08-04 07:25:39,175 INFO sqlalchemy.engine.Engine BEGIN (implicit)
2026-08-04 07:25:39,177 INFO sqlalchemy.engine.Engine SELECT users.id AS users_id, users.username AS users_username, users.password AS users_password, users.email AS users_email, users.fullname AS users_fullname, users.create_day AS users_create_day, users.chat_id AS users_chat_id, users.is_active AS users_is_active, users.token_version AS users_token_version, users.role_id AS users_role_id, users.level_id AS users_level_id, users.tenant_id AS users_tenant_id, users.webphone_enabled AS users_webphone_enabled, users.sip_extension AS users_sip_extension, users.sip_username AS users_sip_username, users.sip_password AS users_sip_password, users.sip_domain AS users_sip_domain, users.sip_ws_server AS users_sip_ws_server, users.sip_port AS users_sip_port, users.sip_protocol AS users_sip_protocol, users.webphone_api_key AS users_webphone_api_key, users.webphone_process_id AS users_webphone_process_id, users.webphone_agent_id AS users_webphone_agent_id, users.call_recording_enabled AS users_call_recording_enabled, users.call_log_enabled AS users_call_log_enabled, users.meta_data AS users_meta_data 
FROM users 
WHERE users.id = $1::UUID
2026-08-04 07:25:39,177 INFO sqlalchemy.engine.Engine [cached since 1633s ago] (UUID('019fa30c-7688-7655-9977-81f7710449c0'),)
2026-08-04 07:25:39,180 INFO sqlalchemy.engine.Engine SELECT roles.id AS roles_id, roles.name AS roles_name, roles.description AS roles_description, roles.role_order AS roles_role_order, roles.tenant_id AS roles_tenant_id, roles.is_active AS roles_is_active 
FROM roles 
WHERE roles.id IN ($1::UUID)
2026-08-04 07:25:39,180 INFO sqlalchemy.engine.Engine [cached since 9751s ago] (UUID('019fa30c-6dfa-76b9-a1ec-702518695e5a'),)
2026-08-04 07:25:39,182 INFO sqlalchemy.engine.Engine BEGIN (implicit)
2026-08-04 07:25:39,183 INFO sqlalchemy.engine.Engine SELECT users.id, users.username, users.password, users.email, users.fullname, users.create_day, users.chat_id, users.is_active, users.token_version, users.role_id, users.level_id, users.tenant_id, users.webphone_enabled, users.sip_extension, users.sip_username, users.sip_password, users.sip_domain, users.sip_ws_server, users.sip_port, users.sip_protocol, users.webphone_api_key, users.webphone_process_id, users.webphone_agent_id, users.call_recording_enabled, users.call_log_enabled, users.meta_data 
FROM users 
WHERE users.id = $1::UUID
2026-08-04 07:25:39,183 INFO sqlalchemy.engine.Engine [cached since 9751s ago] ('019fa30c-7688-7655-9977-81f7710449c0',)
2026-08-04 07:25:39,187 INFO sqlalchemy.engine.Engine SELECT users.is_active 
FROM users 
WHERE users.id = $1::UUID
2026-08-04 07:25:39,187 INFO sqlalchemy.engine.Engine [cached since 1633s ago] (UUID('019fa30c-7688-7655-9977-81f7710449c0'),)
JK-3wGsjYRYIcd0gAAAM: Received packet MESSAGE data 2["authenticate",{"token":"eyJhbGciOiJIUzI1NiIsInR5cCI6IkpXVCJ9.eyJ1c2VyX2lkIjoiMDE5ZmEzMGMtNzY4OC03NjU1LTk5NzctODFmNzcxMDQ0OWMwIiwidGVuYW50X2lkIjoiMDE5ZmEzMGMtNmJhMS03ZWJmLTkyM2MtNWMxZTJiNWE5NTNjIiwidG9rZW5fdmVyc2lvbiI6MCwiZXhwIjoxNzg1ODMwMzA2LCJ0b2tlbl90eXBlIjoiYWNjZXNzIn0.Tge7ithHyhz0Ifgktji1vGa8nSW57eM1x0m3l80PZKo"}]
received event "authenticate" from w3m3gDgxqHLbwTXSAAAN [/]
2026-08-04 07:25:39,190 INFO sqlalchemy.engine.Engine SELECT levels.id AS levels_id, levels.name AS levels_name, levels.description AS levels_description, levels.level_order AS levels_level_order 
FROM levels 
WHERE levels.id IN ($1::UUID)
2026-08-04 07:25:39,191 INFO sqlalchemy.engine.Engine [cached since 9751s ago] (UUID('019fa30c-6e16-717f-8c8f-786905fd29ed'),)
2026-08-04 07:25:39,193 INFO sqlalchemy.engine.Engine BEGIN (implicit)
2026-08-04 07:25:39,193 INFO sqlalchemy.engine.Engine SELECT users.id, users.username, users.password, users.email, users.fullname, users.create_day, users.chat_id, users.is_active, users.token_version, users.role_id, users.level_id, users.tenant_id, users.webphone_enabled, users.sip_extension, users.sip_username, users.sip_password, users.sip_domain, users.sip_ws_server, users.sip_port, users.sip_protocol, users.webphone_api_key, users.webphone_process_id, users.webphone_agent_id, users.call_recording_enabled, users.call_log_enabled, users.meta_data 
FROM users 
WHERE users.id = $1::UUID
2026-08-04 07:25:39,193 INFO sqlalchemy.engine.Engine [cached since 9751s ago] (UUID('019fa30c-7688-7655-9977-81f7710449c0'),)
2026-08-04 07:25:39,194 INFO sqlalchemy.engine.Engine SELECT users.role_id 
FROM users 
WHERE users.id = $1::UUID
2026-08-04 07:25:39,194 INFO sqlalchemy.engine.Engine [cached since 1633s ago] (UUID('019fa30c-7688-7655-9977-81f7710449c0'),)
2026-08-04 07:25:39,196 INFO sqlalchemy.engine.Engine SELECT roles.id AS roles_id, roles.name AS roles_name, roles.description AS roles_description, roles.role_order AS roles_role_order, roles.tenant_id AS roles_tenant_id, roles.is_active AS roles_is_active 
FROM roles 
WHERE roles.id IN ($1::UUID)
2026-08-04 07:25:39,196 INFO sqlalchemy.engine.Engine [cached since 9751s ago] (UUID('019fa30c-6dfa-76b9-a1ec-702518695e5a'),)
2026-08-04 07:25:39,197 INFO sqlalchemy.engine.Engine SELECT levels.id AS levels_id, levels.name AS levels_name, levels.description AS levels_description, levels.level_order AS levels_level_order 
FROM levels 
WHERE levels.id IN ($1::UUID)
2026-08-04 07:25:39,197 INFO sqlalchemy.engine.Engine [cached since 9751s ago] (UUID('019fa30c-6e16-717f-8c8f-786905fd29ed'),)
2026-08-04 07:25:39,198 INFO sqlalchemy.engine.Engine SELECT roles.id AS roles_id, roles.name AS roles_name, roles.description AS roles_description, roles.role_order AS roles_role_order, roles.tenant_id AS roles_tenant_id, roles.is_active AS roles_is_active 
FROM roles 
WHERE roles.id IN ($1::UUID)
2026-08-04 07:25:39,198 INFO sqlalchemy.engine.Engine [cached since 9751s ago] (UUID('019fa30c-6dfa-76b9-a1ec-702518695e5a'),)
2026-08-04 07:25:39,199 INFO sqlalchemy.engine.Engine SELECT permissions.name 
FROM permissions JOIN role_permissions ON role_permissions.permission_id = permissions.id 
WHERE role_permissions.role_id = $1::UUID
2026-08-04 07:25:39,199 INFO sqlalchemy.engine.Engine [cached since 1633s ago] (UUID('019fa30c-6dfa-76b9-a1ec-702518695e5a'),)
2026-08-04 07:25:39,201 INFO sqlalchemy.engine.Engine SELECT users.is_active 
FROM users 
WHERE users.id = $1::UUID
2026-08-04 07:25:39,201 INFO sqlalchemy.engine.Engine [cached since 1633s ago] (UUID('019fa30c-7688-7655-9977-81f7710449c0'),)
2026-08-04 07:25:39,202 INFO sqlalchemy.engine.Engine SELECT users.is_active 
FROM users 
WHERE users.id = $1::UUID
2026-08-04 07:25:39,202 INFO sqlalchemy.engine.Engine [cached since 1633s ago] (UUID('019fa30c-7688-7655-9977-81f7710449c0'),)
2026-08-04 07:25:39,203 INFO sqlalchemy.engine.Engine SELECT users.role_id 
FROM users 
WHERE users.id = $1::UUID
2026-08-04 07:25:39,203 INFO sqlalchemy.engine.Engine [cached since 1633s ago] (UUID('019fa30c-7688-7655-9977-81f7710449c0'),)
2026-08-04 07:25:39,204 INFO sqlalchemy.engine.Engine SELECT levels.id AS levels_id, levels.name AS levels_name, levels.description AS levels_description, levels.level_order AS levels_level_order 
FROM levels 
WHERE levels.id IN ($1::UUID)
2026-08-04 07:25:39,204 INFO sqlalchemy.engine.Engine [cached since 9751s ago] (UUID('019fa30c-6e16-717f-8c8f-786905fd29ed'),)
2026-08-04 07:25:39,205 INFO sqlalchemy.engine.Engine SELECT users.id, users.username, users.password, users.email, users.fullname, users.create_day, users.chat_id, users.is_active, users.token_version, users.role_id, users.level_id, users.tenant_id, users.webphone_enabled, users.sip_extension, users.sip_username, users.sip_password, users.sip_domain, users.sip_ws_server, users.sip_port, users.sip_protocol, users.webphone_api_key, users.webphone_process_id, users.webphone_agent_id, users.call_recording_enabled, users.call_log_enabled, users.meta_data 
FROM users 
WHERE users.id = $1::UUID
2026-08-04 07:25:39,205 INFO sqlalchemy.engine.Engine [cached since 9751s ago] ('019fa30c-7688-7655-9977-81f7710449c0',)
2026-08-04 07:25:39,206 INFO sqlalchemy.engine.Engine SELECT permissions.name 
FROM permissions JOIN role_permissions ON role_permissions.permission_id = permissions.id 
WHERE role_permissions.role_id = $1::UUID
2026-08-04 07:25:39,206 INFO sqlalchemy.engine.Engine [cached since 1633s ago] (UUID('019fa30c-6dfa-76b9-a1ec-702518695e5a'),)
2026-08-04 07:25:39,207 INFO sqlalchemy.engine.Engine SELECT users.role_id 
FROM users 
WHERE users.id = $1::UUID
2026-08-04 07:25:39,207 INFO sqlalchemy.engine.Engine [cached since 1633s ago] (UUID('019fa30c-7688-7655-9977-81f7710449c0'),)
2026-08-04 07:25:39,208 INFO sqlalchemy.engine.Engine SELECT max(levels.level_order) AS max_1 
FROM levels
2026-08-04 07:25:39,208 INFO sqlalchemy.engine.Engine [cached since 1633s ago] ()
2026-08-04 07:25:39,209 INFO sqlalchemy.engine.Engine SELECT levels.id AS levels_id, levels.name AS levels_name, levels.description AS levels_description, levels.level_order AS levels_level_order 
FROM levels 
WHERE levels.id IN ($1::UUID)
2026-08-04 07:25:39,209 INFO sqlalchemy.engine.Engine [cached since 9751s ago] (UUID('019fa30c-6e16-717f-8c8f-786905fd29ed'),)
2026-08-04 07:25:39,210 INFO sqlalchemy.engine.Engine SELECT roles.id AS roles_id, roles.name AS roles_name, roles.description AS roles_description, roles.role_order AS roles_role_order, roles.tenant_id AS roles_tenant_id, roles.is_active AS roles_is_active 
FROM roles 
WHERE roles.id IN ($1::UUID)
2026-08-04 07:25:39,210 INFO sqlalchemy.engine.Engine [cached since 9751s ago] (UUID('019fa30c-6dfa-76b9-a1ec-702518695e5a'),)
2026-08-04 07:25:39,211 INFO sqlalchemy.engine.Engine SELECT permissions.id, permissions.name, permissions.description, permissions.belong_to, permissions.tenant_id, permissions.is_active 
FROM permissions
2026-08-04 07:25:39,211 INFO sqlalchemy.engine.Engine [cached since 1626s ago] ()
2026-08-04 07:25:39,212 INFO sqlalchemy.engine.Engine SELECT permissions.name 
FROM permissions JOIN role_permissions ON role_permissions.permission_id = permissions.id 
WHERE role_permissions.role_id = $1::UUID
2026-08-04 07:25:39,212 INFO sqlalchemy.engine.Engine [cached since 1633s ago] (UUID('019fa30c-6dfa-76b9-a1ec-702518695e5a'),)
2026-08-04 07:25:39,224 INFO sqlalchemy.engine.Engine SELECT roles.id AS roles_id, roles.name AS roles_name, roles.description AS roles_description, roles.role_order AS roles_role_order, roles.tenant_id AS roles_tenant_id, roles.is_active AS roles_is_active 
FROM roles 
WHERE roles.id IN ($1::UUID)
2026-08-04 07:25:39,224 INFO sqlalchemy.engine.Engine [cached since 9751s ago] (UUID('019fa30c-6dfa-76b9-a1ec-702518695e5a'),)
2026-08-04 07:25:39,225 INFO sqlalchemy.engine.Engine ROLLBACK
2026-08-04 07:25:39,225 INFO sqlalchemy.engine.Engine ROLLBACK
2026-08-04 07:25:39,226 INFO sqlalchemy.engine.Engine SELECT users.id, users.username, users.password, users.email, users.fullname, users.create_day, users.chat_id, users.is_active, users.token_version, users.role_id, users.level_id, users.tenant_id, users.webphone_enabled, users.sip_extension, users.sip_username, users.sip_password, users.sip_domain, users.sip_ws_server, users.sip_port, users.sip_protocol, users.webphone_api_key, users.webphone_process_id, users.webphone_agent_id, users.call_recording_enabled, users.call_log_enabled, users.meta_data 
FROM users 
WHERE users.id = $1::UUID
2026-08-04 07:25:39,226 INFO sqlalchemy.engine.Engine [cached since 9751s ago] ('019fa30c-7688-7655-9977-81f7710449c0',)
2026-08-04 07:25:39,228 INFO sqlalchemy.engine.Engine SELECT max(levels.level_order) AS max_1 
FROM levels
2026-08-04 07:25:39,228 INFO sqlalchemy.engine.Engine [cached since 1633s ago] ()
2026-08-04 07:25:39,229 INFO sqlalchemy.engine.Engine SELECT levels.id AS levels_id, levels.name AS levels_name, levels.description AS levels_description, levels.level_order AS levels_level_order 
FROM levels 
WHERE levels.id IN ($1::UUID)
2026-08-04 07:25:39,229 INFO sqlalchemy.engine.Engine [cached since 9751s ago] (UUID('019fa30c-6e16-717f-8c8f-786905fd29ed'),)
2026-08-04 07:25:39,230 INFO sqlalchemy.engine.Engine SELECT chatwoot_legacy_map.id, chatwoot_legacy_map.resource_type, chatwoot_legacy_map.local_uuid, chatwoot_legacy_map.chatwoot_id, chatwoot_legacy_map.tenant_id, chatwoot_legacy_map.created_at 
FROM chatwoot_legacy_map 
WHERE chatwoot_legacy_map.resource_type = $1 AND chatwoot_legacy_map.local_uuid = $2::UUID
2026-08-04 07:25:39,230 INFO sqlalchemy.engine.Engine [cached since 1633s ago] ('account', UUID('019fa30c-6ba1-7ebf-923c-5c1e2b5a953c'))
w3m3gDgxqHLbwTXSAAAN is entering room user:019fa30c-7688-7655-9977-81f7710449c0 [/]
w3m3gDgxqHLbwTXSAAAN is entering room tenant:019fa30c-6ba1-7ebf-923c-5c1e2b5a953c [/]
emitting event "authenticated" to w3m3gDgxqHLbwTXSAAAN [/]
2026-08-04 07:25:39,232 INFO sqlalchemy.engine.Engine SELECT roles.id AS roles_id, roles.name AS roles_name, roles.description AS roles_description, roles.role_order AS roles_role_order, roles.tenant_id AS roles_tenant_id, roles.is_active AS roles_is_active 
FROM roles 
WHERE roles.id IN ($1::UUID)
2026-08-04 07:25:39,232 INFO sqlalchemy.engine.Engine [cached since 9751s ago] (UUID('019fa30c-6dfa-76b9-a1ec-702518695e5a'),)
JK-3wGsjYRYIcd0gAAAM: Sending packet MESSAGE data 2["authenticated",{"message":"Successfully authenticated","user_id":"019fa30c-7688-7655-9977-81f7710449c0","username":"admin","timestamp":"2026-08-04T07:25:39.231349+00:00"}]
INFO:     222.252.26.190:0 - "GET /api/v1/permissions/all HTTP/1.1" 200 OK
2026-08-04 07:25:39,243 INFO sqlalchemy.engine.Engine SELECT max(levels.level_order) AS max_1 
FROM levels
2026-08-04 07:25:39,243 INFO sqlalchemy.engine.Engine [cached since 1633s ago] ()
2026-08-04 07:25:39,244 INFO sqlalchemy.engine.Engine BEGIN (implicit)
2026-08-04 07:25:39,244 INFO sqlalchemy.engine.Engine SELECT notifications.id, notifications.title, notifications.message, notifications.type, notifications.user_id, notifications.tenant_id, notifications.is_read, notifications.read_at, notifications.delivered, notifications.delivered_at, notifications.created_at, notifications.expires_at, notifications.data, notifications.sender_id 
FROM notifications 
WHERE notifications.user_id = $1::UUID AND notifications.delivered = $2::INTEGER AND (notifications.expires_at IS NULL OR notifications.expires_at > $3::TIMESTAMP WITH TIME ZONE) ORDER BY notifications.created_at ASC 
 LIMIT $4::INTEGER
2026-08-04 07:25:39,244 INFO sqlalchemy.engine.Engine [cached since 9751s ago] (UUID('019fa30c-7688-7655-9977-81f7710449c0'), 0, datetime.datetime(2026, 8, 4, 7, 25, 39, 243861, tzinfo=datetime.timezone.utc), 50)
2026-08-04 07:25:39,245 INFO sqlalchemy.engine.Engine SELECT roles.id, roles.name, roles.description, roles.role_order, roles.tenant_id, roles.is_active 
FROM roles 
 LIMIT $1::INTEGER OFFSET $2::INTEGER
2026-08-04 07:25:39,245 INFO sqlalchemy.engine.Engine [cached since 1628s ago] (100, 0)
2026-08-04 07:25:39,246 INFO sqlalchemy.engine.Engine SELECT users.role_id AS users_role_id, users.id AS users_id, users.username AS users_username, users.password AS users_password, users.email AS users_email, users.fullname AS users_fullname, users.create_day AS users_create_day, users.chat_id AS users_chat_id, users.is_active AS users_is_active, users.token_version AS users_token_version, users.level_id AS users_level_id, users.tenant_id AS users_tenant_id, users.webphone_enabled AS users_webphone_enabled, users.sip_extension AS users_sip_extension, users.sip_username AS users_sip_username, users.sip_password AS users_sip_password, users.sip_domain AS users_sip_domain, users.sip_ws_server AS users_sip_ws_server, users.sip_port AS users_sip_port, users.sip_protocol AS users_sip_protocol, users.webphone_api_key AS users_webphone_api_key, users.webphone_process_id AS users_webphone_process_id, users.webphone_agent_id AS users_webphone_agent_id, users.call_recording_enabled AS users_call_recording_enabled, users.call_log_enabled AS users_call_log_enabled, users.meta_data AS users_meta_data 
FROM users 
WHERE users.role_id IN ($1::UUID, $2::UUID)
2026-08-04 07:25:39,246 INFO sqlalchemy.engine.Engine [cached since 1628s ago] (UUID('019fa30c-6dfa-76b9-a1ec-702518695e5a'), UUID('019fa30c-6e0b-7f67-83ed-8ee35dc6de62'))
2026-08-04 07:25:39,247 INFO sqlalchemy.engine.Engine ROLLBACK
2026-08-04 07:25:39,248 INFO sqlalchemy.engine.Engine SELECT levels.id AS levels_id, levels.name AS levels_name, levels.description AS levels_description, levels.level_order AS levels_level_order 
FROM levels 
WHERE levels.id IN ($1::UUID, $2::UUID, $3::UUID)
2026-08-04 07:25:39,248 INFO sqlalchemy.engine.Engine [cached since 1628s ago] (UUID('019fa30c-6e16-717f-8c8f-786905fd29ed'), UUID('019fa30c-6e36-7603-8c1d-e0f1e1cdab60'), UUID('019fa30c-6e45-7de8-b19e-01532d8d61f7'))
2026-08-04 07:25:39,249 INFO sqlalchemy.engine.Engine SELECT count(*) AS count_1 
FROM roles
2026-08-04 07:25:39,249 INFO sqlalchemy.engine.Engine [cached since 1628s ago] ()
2026-08-04 07:25:39,250 INFO sqlalchemy.engine.Engine ROLLBACK
INFO:     222.252.26.190:0 - "GET /api/v1/roles?page=1&page_size=100 HTTP/1.1" 200 OK
2026-08-04 07:25:39,450 INFO sqlalchemy.engine.Engine SELECT chatwoot_legacy_map.chatwoot_id, chatwoot_legacy_map.local_uuid 
FROM chatwoot_legacy_map 
WHERE chatwoot_legacy_map.resource_type = $1 AND chatwoot_legacy_map.tenant_id = $2::UUID
2026-08-04 07:25:39,451 INFO sqlalchemy.engine.Engine [cached since 1632s ago] ('agent', UUID('019fa30c-6ba1-7ebf-923c-5c1e2b5a953c'))
2026-08-04 07:25:39,458 INFO sqlalchemy.engine.Engine ROLLBACK
INFO:     222.252.26.190:0 - "GET /api/v1/messaging/tenants/019fa30c-6ba1-7ebf-923c-5c1e2b5a953c/conversations?status=open&sort_by=last_activity_at_desc&page=1 HTTP/1.1" 200 OK
INFO:     222.252.26.190:0 - "OPTIONS /api/v1/role-permission/019fa30c-6dfa-76b9-a1ec-702518695e5a HTTP/1.1" 200 OK
2026-08-04 07:25:39,834 INFO sqlalchemy.engine.Engine BEGIN (implicit)
2026-08-04 07:25:39,834 INFO sqlalchemy.engine.Engine SELECT users.id, users.username, users.password, users.email, users.fullname, users.create_day, users.chat_id, users.is_active, users.token_version, users.role_id, users.level_id, users.tenant_id, users.webphone_enabled, users.sip_extension, users.sip_username, users.sip_password, users.sip_domain, users.sip_ws_server, users.sip_port, users.sip_protocol, users.webphone_api_key, users.webphone_process_id, users.webphone_agent_id, users.call_recording_enabled, users.call_log_enabled, users.meta_data 
FROM users 
WHERE users.id = $1::UUID
2026-08-04 07:25:39,835 INFO sqlalchemy.engine.Engine [cached since 9752s ago] ('019fa30c-7688-7655-9977-81f7710449c0',)
2026-08-04 07:25:39,838 INFO sqlalchemy.engine.Engine SELECT levels.id AS levels_id, levels.name AS levels_name, levels.description AS levels_description, levels.level_order AS levels_level_order 
FROM levels 
WHERE levels.id IN ($1::UUID)
2026-08-04 07:25:39,839 INFO sqlalchemy.engine.Engine [cached since 9752s ago] (UUID('019fa30c-6e16-717f-8c8f-786905fd29ed'),)
2026-08-04 07:25:39,841 INFO sqlalchemy.engine.Engine SELECT roles.id AS roles_id, roles.name AS roles_name, roles.description AS roles_description, roles.role_order AS roles_role_order, roles.tenant_id AS roles_tenant_id, roles.is_active AS roles_is_active 
FROM roles 
WHERE roles.id IN ($1::UUID)
2026-08-04 07:25:39,841 INFO sqlalchemy.engine.Engine [cached since 9752s ago] (UUID('019fa30c-6dfa-76b9-a1ec-702518695e5a'),)
2026-08-04 07:25:39,844 INFO sqlalchemy.engine.Engine SELECT users.is_active 
FROM users 
WHERE users.id = $1::UUID
2026-08-04 07:25:39,844 INFO sqlalchemy.engine.Engine [cached since 1634s ago] (UUID('019fa30c-7688-7655-9977-81f7710449c0'),)
2026-08-04 07:25:39,845 INFO sqlalchemy.engine.Engine SELECT users.role_id 
FROM users 
WHERE users.id = $1::UUID
2026-08-04 07:25:39,845 INFO sqlalchemy.engine.Engine [cached since 1634s ago] (UUID('019fa30c-7688-7655-9977-81f7710449c0'),)
2026-08-04 07:25:39,846 INFO sqlalchemy.engine.Engine SELECT permissions.name 
FROM permissions JOIN role_permissions ON role_permissions.permission_id = permissions.id 
WHERE role_permissions.role_id = $1::UUID
2026-08-04 07:25:39,847 INFO sqlalchemy.engine.Engine [cached since 1634s ago] (UUID('019fa30c-6dfa-76b9-a1ec-702518695e5a'),)
2026-08-04 07:25:39,849 INFO sqlalchemy.engine.Engine SELECT max(levels.level_order) AS max_1 
FROM levels
2026-08-04 07:25:39,849 INFO sqlalchemy.engine.Engine [cached since 1633s ago] ()
2026-08-04 07:25:39,850 INFO sqlalchemy.engine.Engine SELECT permissions.id, permissions.name, permissions.description, permissions.belong_to, permissions.tenant_id, permissions.is_active 
FROM permissions JOIN role_permissions ON permissions.id = role_permissions.permission_id 
WHERE role_permissions.role_id = $1::UUID
2026-08-04 07:25:39,850 INFO sqlalchemy.engine.Engine [cached since 1626s ago] (UUID('019fa30c-6dfa-76b9-a1ec-702518695e5a'),)
2026-08-04 07:25:39,856 INFO sqlalchemy.engine.Engine ROLLBACK
INFO:     222.252.26.190:0 - "GET /api/v1/role-permission/019fa30c-6dfa-76b9-a1ec-702518695e5a HTTP/1.1" 200 OK
JK-3wGsjYRYIcd0gAAAM: Sending packet PING data None
JK-3wGsjYRYIcd0gAAAM: Received packet PONG data 
JK-3wGsjYRYIcd0gAAAM: Sending packet PING data None
JK-3wGsjYRYIcd0gAAAM: Received packet PONG data 
JK-3wGsjYRYIcd0gAAAM: Sending packet PING data None
JK-3wGsjYRYIcd0gAAAM: Received packet PONG data 
JK-3wGsjYRYIcd0gAAAM: Sending packet PING data None
JK-3wGsjYRYIcd0gAAAM: Received packet PONG data 
INFO:     connection closed
2026-08-04 07:27:37,021 INFO sqlalchemy.engine.Engine BEGIN (implicit)
2026-08-04 07:27:37,021 INFO sqlalchemy.engine.Engine SELECT users.id AS users_id, users.username AS users_username, users.password AS users_password, users.email AS users_email, users.fullname AS users_fullname, users.create_day AS users_create_day, users.chat_id AS users_chat_id, users.is_active AS users_is_active, users.token_version AS users_token_version, users.role_id AS users_role_id, users.level_id AS users_level_id, users.tenant_id AS users_tenant_id, users.webphone_enabled AS users_webphone_enabled, users.sip_extension AS users_sip_extension, users.sip_username AS users_sip_username, users.sip_password AS users_sip_password, users.sip_domain AS users_sip_domain, users.sip_ws_server AS users_sip_ws_server, users.sip_port AS users_sip_port, users.sip_protocol AS users_sip_protocol, users.webphone_api_key AS users_webphone_api_key, users.webphone_process_id AS users_webphone_process_id, users.webphone_agent_id AS users_webphone_agent_id, users.call_recording_enabled AS users_call_recording_enabled, users.call_log_enabled AS users_call_log_enabled, users.meta_data AS users_meta_data 
FROM users 
WHERE users.id = $1::UUID
2026-08-04 07:27:37,021 INFO sqlalchemy.engine.Engine [cached since 1751s ago] (UUID('019fa30c-7688-7655-9977-81f7710449c0'),)
2026-08-04 07:27:37,024 INFO sqlalchemy.engine.Engine SELECT levels.id AS levels_id, levels.name AS levels_name, levels.description AS levels_description, levels.level_order AS levels_level_order 
FROM levels 
WHERE levels.id IN ($1::UUID)
2026-08-04 07:27:37,024 INFO sqlalchemy.engine.Engine [cached since 9869s ago] (UUID('019fa30c-6e16-717f-8c8f-786905fd29ed'),)
2026-08-04 07:27:37,026 INFO sqlalchemy.engine.Engine SELECT roles.id AS roles_id, roles.name AS roles_name, roles.description AS roles_description, roles.role_order AS roles_role_order, roles.tenant_id AS roles_tenant_id, roles.is_active AS roles_is_active 
FROM roles 
WHERE roles.id IN ($1::UUID)
2026-08-04 07:27:37,026 INFO sqlalchemy.engine.Engine [cached since 9869s ago] (UUID('019fa30c-6dfa-76b9-a1ec-702518695e5a'),)
2026-08-04 07:27:37,027 INFO sqlalchemy.engine.Engine SELECT users.is_active 
FROM users 
WHERE users.id = $1::UUID
2026-08-04 07:27:37,028 INFO sqlalchemy.engine.Engine [cached since 1751s ago] (UUID('019fa30c-7688-7655-9977-81f7710449c0'),)
2026-08-04 07:27:37,029 INFO sqlalchemy.engine.Engine SELECT users.role_id 
FROM users 
WHERE users.id = $1::UUID
2026-08-04 07:27:37,029 INFO sqlalchemy.engine.Engine [cached since 1751s ago] (UUID('019fa30c-7688-7655-9977-81f7710449c0'),)
2026-08-04 07:27:37,030 INFO sqlalchemy.engine.Engine SELECT permissions.name 
FROM permissions JOIN role_permissions ON role_permissions.permission_id = permissions.id 
WHERE role_permissions.role_id = $1::UUID
2026-08-04 07:27:37,030 INFO sqlalchemy.engine.Engine [cached since 1751s ago] (UUID('019fa30c-6dfa-76b9-a1ec-702518695e5a'),)
2026-08-04 07:27:37,032 INFO sqlalchemy.engine.Engine SELECT users.id, users.username, users.password, users.email, users.fullname, users.create_day, users.chat_id, users.is_active, users.token_version, users.role_id, users.level_id, users.tenant_id, users.webphone_enabled, users.sip_extension, users.sip_username, users.sip_password, users.sip_domain, users.sip_ws_server, users.sip_port, users.sip_protocol, users.webphone_api_key, users.webphone_process_id, users.webphone_agent_id, users.call_recording_enabled, users.call_log_enabled, users.meta_data, roles_1.id AS id_1, roles_1.name, roles_1.description, roles_1.role_order, roles_1.tenant_id AS tenant_id_1, roles_1.is_active AS is_active_1, levels_1.id AS id_2, levels_1.name AS name_1, levels_1.description AS description_1, levels_1.level_order 
FROM users LEFT OUTER JOIN roles AS roles_1 ON roles_1.id = users.role_id LEFT OUTER JOIN levels AS levels_1 ON levels_1.id = users.level_id 
WHERE users.id = $1::UUID
2026-08-04 07:27:37,033 INFO sqlalchemy.engine.Engine [cached since 1751s ago] (UUID('019fa30c-7688-7655-9977-81f7710449c0'),)
2026-08-04 07:27:37,035 INFO sqlalchemy.engine.Engine SELECT permissions.name 
FROM permissions JOIN role_permissions ON permissions.id = role_permissions.permission_id JOIN roles ON role_permissions.role_id = roles.id JOIN users ON users.role_id = roles.id 
WHERE users.id = $1::UUID
2026-08-04 07:27:37,035 INFO sqlalchemy.engine.Engine [cached since 1751s ago] (UUID('019fa30c-7688-7655-9977-81f7710449c0'),)
Check result: ['view_users', 'current_user', 'delete_users', 'create_users', 'edit_users', 'view_user_groups', 'edit_roles', 'view_roles', 'delete_roles', 'create_roles', 'view_permissions', 'edit_permissions', 'delete_permissions', 'create_permissions', 'assign_permissions_to_role', 'delete_permission_from_role', 'view_logs', 'view_levels', 'create_level', 'edit_level', 'delete_level', 'view_departments', 'create_department', 'edit_department', 'delete_department', 'view_groups', 'create_group', 'edit_group', 'delete_group', 'assign_user_to_group', 'delete_user_group', 'view_role_permissions_by_role_id', 'view_tags', 'view_tag_by_id', 'create_tag', 'edit_tag', 'delete_tag', 'view_tickets', 'create_ticket', 'edit_ticket', 'delete_ticket', 'assign_ticket', 'view_ticket_events', 'create_ticket_event', 'edit_ticket_event', 'delete_ticket_event', 'view_ticket_templates', 'create_ticket_template', 'edit_ticket_template', 'delete_ticket_template', 'view_ticket_contexts', 'create_ticket_context', 'edit_ticket_context', 'delete_ticket_context', 'view_ticket_extensions', 'create_ticket_extension', 'edit_ticket_extension', 'delete_ticket_extension', 'view_ticket_flows', 'view_ticket_flow_by_id', 'create_ticket_flow', 'edit_ticket_flow', 'delete_ticket_flow', 'view_ticket_flow_instances', 'view_ticket_flow_instance_by_id', 'create_ticket_flow_instance', 'edit_ticket_flow_instance', 'delete_ticket_flow_instance', 'view_ticket_flow_steps', 'view_ticket_flow_step_by_id', 'create_ticket_flow_step', 'edit_ticket_flow_step', 'delete_ticket_flow_step', 'view_customers', 'view_customer_by_id', 'create_customer', 'edit_customer', 'delete_customer', 'view_customer_provided_info', 'create_customer_provided_info', 'edit_customer_provided_info', 'delete_customer_provided_info', 'view_tenants', 'create_tenant', 'edit_tenant', 'delete_tenant', 'view_level_by_id', 'view_department_by_id', 'view_group_by_id', 'view_group_detail_by_id', 'view_messaging_accounts', 'create_messaging_account', 'edit_messaging_account', 'delete_messaging_account', 'sync_messaging_integration', 'view_messaging_conversations', 'create_messaging_conversation', 'edit_messaging_conversation', 'delete_messaging_conversation', 'send_messaging_message', 'delete_messaging_message', 'assign_messaging_conversation', 'view_messaging_inboxes', 'create_messaging_inbox', 'edit_messaging_inbox', 'manage_messaging_inbox_members', 'view_messaging_labels', 'create_messaging_label', 'delete_messaging_label', 'bulk_messaging_actions', 'view_messaging_custom_filters', 'create_messaging_custom_filter', 'edit_messaging_custom_filter', 'delete_messaging_custom_filter', 'view_messaging_agents', 'create_messaging_agent', 'edit_messaging_agent', 'delete_messaging_agent', 'view_messaging_teams', 'create_messaging_team', 'edit_messaging_team', 'delete_messaging_team', 'manage_messaging_team_members', 'view_messaging_agent_bots', 'create_messaging_agent_bot', 'edit_messaging_agent_bot', 'delete_messaging_agent_bot', 'view_messaging_users', 'create_messaging_user', 'edit_messaging_user', 'delete_messaging_user']
2026-08-04 07:27:37,038 INFO sqlalchemy.engine.Engine SELECT tenant.id AS tenant_id, tenant.name AS tenant_name, tenant.description AS tenant_description, tenant.is_active AS tenant_is_active, tenant.partner_id AS tenant_partner_id, tenant.graph_id AS tenant_graph_id, tenant.agent_id AS tenant_agent_id, tenant.graph_activated AS tenant_graph_activated, tenant.meta_data AS tenant_meta_data, tenant.webcall_config AS tenant_webcall_config 
FROM tenant 
WHERE tenant.id = $1::UUID
2026-08-04 07:27:37,039 INFO sqlalchemy.engine.Engine [cached since 1751s ago] (UUID('019fa30c-6ba1-7ebf-923c-5c1e2b5a953c'),)
2026-08-04 07:27:37,041 INFO sqlalchemy.engine.Engine ROLLBACK
INFO:     222.252.26.190:0 - "GET /api/v1/user/current HTTP/1.1" 200 OK
hb8hL0twF9r9v5OXAAAO: Sending packet OPEN data {'sid': 'hb8hL0twF9r9v5OXAAAO', 'upgrades': [], 'pingTimeout': 60000, 'pingInterval': 25000}
hb8hL0twF9r9v5OXAAAO: Received request to upgrade to websocket
INFO:     ('222.252.26.190', 0) - "WebSocket /socket.io/?EIO=4&transport=websocket" [accepted]
hb8hL0twF9r9v5OXAAAO: Upgrade to websocket successful
INFO:     connection open
2026-08-04 07:27:37,460 INFO sqlalchemy.engine.Engine BEGIN (implicit)
2026-08-04 07:27:37,461 INFO sqlalchemy.engine.Engine SELECT users.id AS users_id, users.username AS users_username, users.password AS users_password, users.email AS users_email, users.fullname AS users_fullname, users.create_day AS users_create_day, users.chat_id AS users_chat_id, users.is_active AS users_is_active, users.token_version AS users_token_version, users.role_id AS users_role_id, users.level_id AS users_level_id, users.tenant_id AS users_tenant_id, users.webphone_enabled AS users_webphone_enabled, users.sip_extension AS users_sip_extension, users.sip_username AS users_sip_username, users.sip_password AS users_sip_password, users.sip_domain AS users_sip_domain, users.sip_ws_server AS users_sip_ws_server, users.sip_port AS users_sip_port, users.sip_protocol AS users_sip_protocol, users.webphone_api_key AS users_webphone_api_key, users.webphone_process_id AS users_webphone_process_id, users.webphone_agent_id AS users_webphone_agent_id, users.call_recording_enabled AS users_call_recording_enabled, users.call_log_enabled AS users_call_log_enabled, users.meta_data AS users_meta_data 
FROM users 
WHERE users.id = $1::UUID
2026-08-04 07:27:37,461 INFO sqlalchemy.engine.Engine [cached since 1751s ago] (UUID('019fa30c-7688-7655-9977-81f7710449c0'),)
2026-08-04 07:27:37,462 INFO sqlalchemy.engine.Engine BEGIN (implicit)
2026-08-04 07:27:37,463 INFO sqlalchemy.engine.Engine SELECT users.id AS users_id, users.username AS users_username, users.password AS users_password, users.email AS users_email, users.fullname AS users_fullname, users.create_day AS users_create_day, users.chat_id AS users_chat_id, users.is_active AS users_is_active, users.token_version AS users_token_version, users.role_id AS users_role_id, users.level_id AS users_level_id, users.tenant_id AS users_tenant_id, users.webphone_enabled AS users_webphone_enabled, users.sip_extension AS users_sip_extension, users.sip_username AS users_sip_username, users.sip_password AS users_sip_password, users.sip_domain AS users_sip_domain, users.sip_ws_server AS users_sip_ws_server, users.sip_port AS users_sip_port, users.sip_protocol AS users_sip_protocol, users.webphone_api_key AS users_webphone_api_key, users.webphone_process_id AS users_webphone_process_id, users.webphone_agent_id AS users_webphone_agent_id, users.call_recording_enabled AS users_call_recording_enabled, users.call_log_enabled AS users_call_log_enabled, users.meta_data AS users_meta_data 
FROM users 
WHERE users.id = $1::UUID
2026-08-04 07:27:37,463 INFO sqlalchemy.engine.Engine [cached since 1751s ago] (UUID('019fa30c-7688-7655-9977-81f7710449c0'),)
2026-08-04 07:27:37,465 INFO sqlalchemy.engine.Engine BEGIN (implicit)
2026-08-04 07:27:37,465 INFO sqlalchemy.engine.Engine SELECT users.id, users.username, users.password, users.email, users.fullname, users.create_day, users.chat_id, users.is_active, users.token_version, users.role_id, users.level_id, users.tenant_id, users.webphone_enabled, users.sip_extension, users.sip_username, users.sip_password, users.sip_domain, users.sip_ws_server, users.sip_port, users.sip_protocol, users.webphone_api_key, users.webphone_process_id, users.webphone_agent_id, users.call_recording_enabled, users.call_log_enabled, users.meta_data 
FROM users 
WHERE users.id = $1::UUID
2026-08-04 07:27:37,465 INFO sqlalchemy.engine.Engine [cached since 9869s ago] ('019fa30c-7688-7655-9977-81f7710449c0',)
2026-08-04 07:27:37,467 INFO sqlalchemy.engine.Engine SELECT levels.id AS levels_id, levels.name AS levels_name, levels.description AS levels_description, levels.level_order AS levels_level_order 
FROM levels 
WHERE levels.id IN ($1::UUID)
2026-08-04 07:27:37,468 INFO sqlalchemy.engine.Engine [cached since 9869s ago] (UUID('019fa30c-6e16-717f-8c8f-786905fd29ed'),)
2026-08-04 07:27:37,469 INFO sqlalchemy.engine.Engine SELECT levels.id AS levels_id, levels.name AS levels_name, levels.description AS levels_description, levels.level_order AS levels_level_order 
FROM levels 
WHERE levels.id IN ($1::UUID)
2026-08-04 07:27:37,469 INFO sqlalchemy.engine.Engine [cached since 9869s ago] (UUID('019fa30c-6e16-717f-8c8f-786905fd29ed'),)
2026-08-04 07:27:37,470 INFO sqlalchemy.engine.Engine SELECT levels.id AS levels_id, levels.name AS levels_name, levels.description AS levels_description, levels.level_order AS levels_level_order 
FROM levels 
WHERE levels.id IN ($1::UUID)
2026-08-04 07:27:37,470 INFO sqlalchemy.engine.Engine [cached since 9869s ago] (UUID('019fa30c-6e16-717f-8c8f-786905fd29ed'),)
2026-08-04 07:27:37,471 INFO sqlalchemy.engine.Engine SELECT roles.id AS roles_id, roles.name AS roles_name, roles.description AS roles_description, roles.role_order AS roles_role_order, roles.tenant_id AS roles_tenant_id, roles.is_active AS roles_is_active 
FROM roles 
WHERE roles.id IN ($1::UUID)
2026-08-04 07:27:37,471 INFO sqlalchemy.engine.Engine [cached since 9869s ago] (UUID('019fa30c-6dfa-76b9-a1ec-702518695e5a'),)
2026-08-04 07:27:37,472 INFO sqlalchemy.engine.Engine SELECT roles.id AS roles_id, roles.name AS roles_name, roles.description AS roles_description, roles.role_order AS roles_role_order, roles.tenant_id AS roles_tenant_id, roles.is_active AS roles_is_active 
FROM roles 
WHERE roles.id IN ($1::UUID)
2026-08-04 07:27:37,472 INFO sqlalchemy.engine.Engine [cached since 9869s ago] (UUID('019fa30c-6dfa-76b9-a1ec-702518695e5a'),)
2026-08-04 07:27:37,473 INFO sqlalchemy.engine.Engine SELECT roles.id AS roles_id, roles.name AS roles_name, roles.description AS roles_description, roles.role_order AS roles_role_order, roles.tenant_id AS roles_tenant_id, roles.is_active AS roles_is_active 
FROM roles 
WHERE roles.id IN ($1::UUID)
2026-08-04 07:27:37,473 INFO sqlalchemy.engine.Engine [cached since 9869s ago] (UUID('019fa30c-6dfa-76b9-a1ec-702518695e5a'),)
2026-08-04 07:27:37,474 INFO sqlalchemy.engine.Engine SELECT users.is_active 
FROM users 
WHERE users.id = $1::UUID
2026-08-04 07:27:37,475 INFO sqlalchemy.engine.Engine [cached since 1751s ago] (UUID('019fa30c-7688-7655-9977-81f7710449c0'),)
2026-08-04 07:27:37,475 INFO sqlalchemy.engine.Engine SELECT users.is_active 
FROM users 
WHERE users.id = $1::UUID
2026-08-04 07:27:37,476 INFO sqlalchemy.engine.Engine [cached since 1751s ago] (UUID('019fa30c-7688-7655-9977-81f7710449c0'),)
2026-08-04 07:27:37,477 INFO sqlalchemy.engine.Engine SELECT users.is_active 
FROM users 
WHERE users.id = $1::UUID
2026-08-04 07:27:37,477 INFO sqlalchemy.engine.Engine [cached since 1751s ago] (UUID('019fa30c-7688-7655-9977-81f7710449c0'),)
2026-08-04 07:27:37,478 INFO sqlalchemy.engine.Engine SELECT users.role_id 
FROM users 
WHERE users.id = $1::UUID
2026-08-04 07:27:37,478 INFO sqlalchemy.engine.Engine [cached since 1751s ago] (UUID('019fa30c-7688-7655-9977-81f7710449c0'),)
2026-08-04 07:27:37,479 INFO sqlalchemy.engine.Engine SELECT users.role_id 
FROM users 
WHERE users.id = $1::UUID
2026-08-04 07:27:37,479 INFO sqlalchemy.engine.Engine [cached since 1751s ago] (UUID('019fa30c-7688-7655-9977-81f7710449c0'),)
2026-08-04 07:27:37,479 INFO sqlalchemy.engine.Engine SELECT users.role_id 
FROM users 
WHERE users.id = $1::UUID
2026-08-04 07:27:37,480 INFO sqlalchemy.engine.Engine [cached since 1751s ago] (UUID('019fa30c-7688-7655-9977-81f7710449c0'),)
2026-08-04 07:27:37,480 INFO sqlalchemy.engine.Engine SELECT permissions.name 
FROM permissions JOIN role_permissions ON role_permissions.permission_id = permissions.id 
WHERE role_permissions.role_id = $1::UUID
2026-08-04 07:27:37,481 INFO sqlalchemy.engine.Engine [cached since 1751s ago] (UUID('019fa30c-6dfa-76b9-a1ec-702518695e5a'),)
2026-08-04 07:27:37,481 INFO sqlalchemy.engine.Engine SELECT permissions.name 
FROM permissions JOIN role_permissions ON role_permissions.permission_id = permissions.id 
WHERE role_permissions.role_id = $1::UUID
2026-08-04 07:27:37,482 INFO sqlalchemy.engine.Engine [cached since 1751s ago] (UUID('019fa30c-6dfa-76b9-a1ec-702518695e5a'),)
2026-08-04 07:27:37,482 INFO sqlalchemy.engine.Engine SELECT permissions.name 
FROM permissions JOIN role_permissions ON role_permissions.permission_id = permissions.id 
WHERE role_permissions.role_id = $1::UUID
2026-08-04 07:27:37,482 INFO sqlalchemy.engine.Engine [cached since 1751s ago] (UUID('019fa30c-6dfa-76b9-a1ec-702518695e5a'),)
2026-08-04 07:27:37,484 INFO sqlalchemy.engine.Engine SELECT users.id, users.username, users.password, users.email, users.fullname, users.create_day, users.chat_id, users.is_active, users.token_version, users.role_id, users.level_id, users.tenant_id, users.webphone_enabled, users.sip_extension, users.sip_username, users.sip_password, users.sip_domain, users.sip_ws_server, users.sip_port, users.sip_protocol, users.webphone_api_key, users.webphone_process_id, users.webphone_agent_id, users.call_recording_enabled, users.call_log_enabled, users.meta_data 
FROM users 
WHERE users.id = $1::UUID
2026-08-04 07:27:37,484 INFO sqlalchemy.engine.Engine [cached since 9869s ago] ('019fa30c-7688-7655-9977-81f7710449c0',)
2026-08-04 07:27:37,485 INFO sqlalchemy.engine.Engine SELECT users.id, users.username, users.password, users.email, users.fullname, users.create_day, users.chat_id, users.is_active, users.token_version, users.role_id, users.level_id, users.tenant_id, users.webphone_enabled, users.sip_extension, users.sip_username, users.sip_password, users.sip_domain, users.sip_ws_server, users.sip_port, users.sip_protocol, users.webphone_api_key, users.webphone_process_id, users.webphone_agent_id, users.call_recording_enabled, users.call_log_enabled, users.meta_data 
FROM users 
WHERE users.id = $1::UUID
2026-08-04 07:27:37,485 INFO sqlalchemy.engine.Engine [cached since 9869s ago] ('019fa30c-7688-7655-9977-81f7710449c0',)
2026-08-04 07:27:37,486 INFO sqlalchemy.engine.Engine SELECT max(levels.level_order) AS max_1 
FROM levels
2026-08-04 07:27:37,486 INFO sqlalchemy.engine.Engine [cached since 1751s ago] ()
2026-08-04 07:27:37,488 INFO sqlalchemy.engine.Engine SELECT levels.id AS levels_id, levels.name AS levels_name, levels.description AS levels_description, levels.level_order AS levels_level_order 
FROM levels 
WHERE levels.id IN ($1::UUID)
2026-08-04 07:27:37,488 INFO sqlalchemy.engine.Engine [cached since 9869s ago] (UUID('019fa30c-6e16-717f-8c8f-786905fd29ed'),)
2026-08-04 07:27:37,489 INFO sqlalchemy.engine.Engine SELECT levels.id AS levels_id, levels.name AS levels_name, levels.description AS levels_description, levels.level_order AS levels_level_order 
FROM levels 
WHERE levels.id IN ($1::UUID)
2026-08-04 07:27:37,489 INFO sqlalchemy.engine.Engine [cached since 9869s ago] (UUID('019fa30c-6e16-717f-8c8f-786905fd29ed'),)
2026-08-04 07:27:37,489 INFO sqlalchemy.engine.Engine SELECT permissions.id, permissions.name, permissions.description, permissions.belong_to, permissions.tenant_id, permissions.is_active 
FROM permissions
2026-08-04 07:27:37,489 INFO sqlalchemy.engine.Engine [cached since 1744s ago] ()
2026-08-04 07:27:37,491 INFO sqlalchemy.engine.Engine SELECT roles.id AS roles_id, roles.name AS roles_name, roles.description AS roles_description, roles.role_order AS roles_role_order, roles.tenant_id AS roles_tenant_id, roles.is_active AS roles_is_active 
FROM roles 
WHERE roles.id IN ($1::UUID)
2026-08-04 07:27:37,491 INFO sqlalchemy.engine.Engine [cached since 9869s ago] (UUID('019fa30c-6dfa-76b9-a1ec-702518695e5a'),)
2026-08-04 07:27:37,492 INFO sqlalchemy.engine.Engine SELECT roles.id AS roles_id, roles.name AS roles_name, roles.description AS roles_description, roles.role_order AS roles_role_order, roles.tenant_id AS roles_tenant_id, roles.is_active AS roles_is_active 
FROM roles 
WHERE roles.id IN ($1::UUID)
2026-08-04 07:27:37,493 INFO sqlalchemy.engine.Engine [cached since 9869s ago] (UUID('019fa30c-6dfa-76b9-a1ec-702518695e5a'),)
2026-08-04 07:27:37,496 INFO sqlalchemy.engine.Engine ROLLBACK
2026-08-04 07:27:37,497 INFO sqlalchemy.engine.Engine SELECT max(levels.level_order) AS max_1 
FROM levels
2026-08-04 07:27:37,498 INFO sqlalchemy.engine.Engine [cached since 1751s ago] ()
2026-08-04 07:27:37,499 INFO sqlalchemy.engine.Engine SELECT max(levels.level_order) AS max_1 
FROM levels
2026-08-04 07:27:37,499 INFO sqlalchemy.engine.Engine [cached since 1751s ago] ()
2026-08-04 07:27:37,500 INFO sqlalchemy.engine.Engine SELECT roles.id, roles.name, roles.description, roles.role_order, roles.tenant_id, roles.is_active 
FROM roles 
 LIMIT $1::INTEGER OFFSET $2::INTEGER
2026-08-04 07:27:37,500 INFO sqlalchemy.engine.Engine [cached since 1746s ago] (100, 0)
hb8hL0twF9r9v5OXAAAO: Received packet MESSAGE data 0
emitting event "connection_established" to DnTeiXRtfSiuDNxAAAAP [/]
2026-08-04 07:27:37,501 INFO sqlalchemy.engine.Engine SELECT chatwoot_legacy_map.id, chatwoot_legacy_map.resource_type, chatwoot_legacy_map.local_uuid, chatwoot_legacy_map.chatwoot_id, chatwoot_legacy_map.tenant_id, chatwoot_legacy_map.created_at 
FROM chatwoot_legacy_map 
WHERE chatwoot_legacy_map.resource_type = $1 AND chatwoot_legacy_map.local_uuid = $2::UUID
2026-08-04 07:27:37,502 INFO sqlalchemy.engine.Engine [cached since 1751s ago] ('account', UUID('019fa30c-6ba1-7ebf-923c-5c1e2b5a953c'))
hb8hL0twF9r9v5OXAAAO: Sending packet MESSAGE data 2["connection_established",{"sid":"DnTeiXRtfSiuDNxAAAAP","message":"Connected. Please authenticate.","timestamp":"2026-08-04T07:27:37.501273+00:00"}]
2026-08-04 07:27:37,503 INFO sqlalchemy.engine.Engine SELECT users.role_id AS users_role_id, users.id AS users_id, users.username AS users_username, users.password AS users_password, users.email AS users_email, users.fullname AS users_fullname, users.create_day AS users_create_day, users.chat_id AS users_chat_id, users.is_active AS users_is_active, users.token_version AS users_token_version, users.level_id AS users_level_id, users.tenant_id AS users_tenant_id, users.webphone_enabled AS users_webphone_enabled, users.sip_extension AS users_sip_extension, users.sip_username AS users_sip_username, users.sip_password AS users_sip_password, users.sip_domain AS users_sip_domain, users.sip_ws_server AS users_sip_ws_server, users.sip_port AS users_sip_port, users.sip_protocol AS users_sip_protocol, users.webphone_api_key AS users_webphone_api_key, users.webphone_process_id AS users_webphone_process_id, users.webphone_agent_id AS users_webphone_agent_id, users.call_recording_enabled AS users_call_recording_enabled, users.call_log_enabled AS users_call_log_enabled, users.meta_data AS users_meta_data 
FROM users 
WHERE users.role_id IN ($1::UUID, $2::UUID)
2026-08-04 07:27:37,503 INFO sqlalchemy.engine.Engine [cached since 1746s ago] (UUID('019fa30c-6dfa-76b9-a1ec-702518695e5a'), UUID('019fa30c-6e0b-7f67-83ed-8ee35dc6de62'))
hb8hL0twF9r9v5OXAAAO: Sending packet MESSAGE data 0{"sid":"DnTeiXRtfSiuDNxAAAAP"}
INFO:     222.252.26.190:0 - "GET /api/v1/permissions/all HTTP/1.1" 200 OK
2026-08-04 07:27:37,522 INFO sqlalchemy.engine.Engine SELECT levels.id AS levels_id, levels.name AS levels_name, levels.description AS levels_description, levels.level_order AS levels_level_order 
FROM levels 
WHERE levels.id IN ($1::UUID, $2::UUID, $3::UUID)
2026-08-04 07:27:37,522 INFO sqlalchemy.engine.Engine [cached since 1746s ago] (UUID('019fa30c-6e16-717f-8c8f-786905fd29ed'), UUID('019fa30c-6e36-7603-8c1d-e0f1e1cdab60'), UUID('019fa30c-6e45-7de8-b19e-01532d8d61f7'))
2026-08-04 07:27:37,524 INFO sqlalchemy.engine.Engine SELECT count(*) AS count_1 
FROM roles
2026-08-04 07:27:37,524 INFO sqlalchemy.engine.Engine [cached since 1746s ago] ()
2026-08-04 07:27:37,525 INFO sqlalchemy.engine.Engine ROLLBACK
INFO:     222.252.26.190:0 - "GET /api/v1/roles?page=1&page_size=100 HTTP/1.1" 200 OK
hb8hL0twF9r9v5OXAAAO: Received packet MESSAGE data 2["authenticate",{"token":"eyJhbGciOiJIUzI1NiIsInR5cCI6IkpXVCJ9.eyJ1c2VyX2lkIjoiMDE5ZmEzMGMtNzY4OC03NjU1LTk5NzctODFmNzcxMDQ0OWMwIiwidGVuYW50X2lkIjoiMDE5ZmEzMGMtNmJhMS03ZWJmLTkyM2MtNWMxZTJiNWE5NTNjIiwidG9rZW5fdmVyc2lvbiI6MCwiZXhwIjoxNzg1ODMwMzA2LCJ0b2tlbl90eXBlIjoiYWNjZXNzIn0.Tge7ithHyhz0Ifgktji1vGa8nSW57eM1x0m3l80PZKo"}]
received event "authenticate" from DnTeiXRtfSiuDNxAAAAP [/]
2026-08-04 07:27:37,569 INFO sqlalchemy.engine.Engine BEGIN (implicit)
2026-08-04 07:27:37,569 INFO sqlalchemy.engine.Engine SELECT users.id, users.username, users.password, users.email, users.fullname, users.create_day, users.chat_id, users.is_active, users.token_version, users.role_id, users.level_id, users.tenant_id, users.webphone_enabled, users.sip_extension, users.sip_username, users.sip_password, users.sip_domain, users.sip_ws_server, users.sip_port, users.sip_protocol, users.webphone_api_key, users.webphone_process_id, users.webphone_agent_id, users.call_recording_enabled, users.call_log_enabled, users.meta_data 
FROM users 
WHERE users.id = $1::UUID
2026-08-04 07:27:37,569 INFO sqlalchemy.engine.Engine [cached since 9869s ago] (UUID('019fa30c-7688-7655-9977-81f7710449c0'),)
2026-08-04 07:27:37,572 INFO sqlalchemy.engine.Engine SELECT levels.id AS levels_id, levels.name AS levels_name, levels.description AS levels_description, levels.level_order AS levels_level_order 
FROM levels 
WHERE levels.id IN ($1::UUID)
2026-08-04 07:27:37,572 INFO sqlalchemy.engine.Engine [cached since 9869s ago] (UUID('019fa30c-6e16-717f-8c8f-786905fd29ed'),)
2026-08-04 07:27:37,574 INFO sqlalchemy.engine.Engine SELECT roles.id AS roles_id, roles.name AS roles_name, roles.description AS roles_description, roles.role_order AS roles_role_order, roles.tenant_id AS roles_tenant_id, roles.is_active AS roles_is_active 
FROM roles 
WHERE roles.id IN ($1::UUID)
2026-08-04 07:27:37,574 INFO sqlalchemy.engine.Engine [cached since 9869s ago] (UUID('019fa30c-6dfa-76b9-a1ec-702518695e5a'),)
2026-08-04 07:27:37,575 INFO sqlalchemy.engine.Engine ROLLBACK
DnTeiXRtfSiuDNxAAAAP is entering room user:019fa30c-7688-7655-9977-81f7710449c0 [/]
DnTeiXRtfSiuDNxAAAAP is entering room tenant:019fa30c-6ba1-7ebf-923c-5c1e2b5a953c [/]
emitting event "authenticated" to DnTeiXRtfSiuDNxAAAAP [/]
hb8hL0twF9r9v5OXAAAO: Sending packet MESSAGE data 2["authenticated",{"message":"Successfully authenticated","user_id":"019fa30c-7688-7655-9977-81f7710449c0","username":"admin","timestamp":"2026-08-04T07:27:37.576513+00:00"}]
2026-08-04 07:27:37,577 INFO sqlalchemy.engine.Engine BEGIN (implicit)
2026-08-04 07:27:37,578 INFO sqlalchemy.engine.Engine SELECT notifications.id, notifications.title, notifications.message, notifications.type, notifications.user_id, notifications.tenant_id, notifications.is_read, notifications.read_at, notifications.delivered, notifications.delivered_at, notifications.created_at, notifications.expires_at, notifications.data, notifications.sender_id 
FROM notifications 
WHERE notifications.user_id = $1::UUID AND notifications.delivered = $2::INTEGER AND (notifications.expires_at IS NULL OR notifications.expires_at > $3::TIMESTAMP WITH TIME ZONE) ORDER BY notifications.created_at ASC 
 LIMIT $4::INTEGER
2026-08-04 07:27:37,578 INFO sqlalchemy.engine.Engine [cached since 9869s ago] (UUID('019fa30c-7688-7655-9977-81f7710449c0'), 0, datetime.datetime(2026, 8, 4, 7, 27, 37, 577403, tzinfo=datetime.timezone.utc), 50)
2026-08-04 07:27:37,579 INFO sqlalchemy.engine.Engine ROLLBACK
2026-08-04 07:27:37,821 INFO sqlalchemy.engine.Engine SELECT chatwoot_legacy_map.chatwoot_id, chatwoot_legacy_map.local_uuid 
FROM chatwoot_legacy_map 
WHERE chatwoot_legacy_map.resource_type = $1 AND chatwoot_legacy_map.tenant_id = $2::UUID
2026-08-04 07:27:37,822 INFO sqlalchemy.engine.Engine [cached since 1751s ago] ('agent', UUID('019fa30c-6ba1-7ebf-923c-5c1e2b5a953c'))
2026-08-04 07:27:37,829 INFO sqlalchemy.engine.Engine ROLLBACK
INFO:     222.252.26.190:0 - "GET /api/v1/messaging/tenants/019fa30c-6ba1-7ebf-923c-5c1e2b5a953c/conversations?status=open&sort_by=last_activity_at_desc&page=1 HTTP/1.1" 200 OK
2026-08-04 07:27:37,921 INFO sqlalchemy.engine.Engine BEGIN (implicit)
2026-08-04 07:27:37,922 INFO sqlalchemy.engine.Engine SELECT users.id, users.username, users.password, users.email, users.fullname, users.create_day, users.chat_id, users.is_active, users.token_version, users.role_id, users.level_id, users.tenant_id, users.webphone_enabled, users.sip_extension, users.sip_username, users.sip_password, users.sip_domain, users.sip_ws_server, users.sip_port, users.sip_protocol, users.webphone_api_key, users.webphone_process_id, users.webphone_agent_id, users.call_recording_enabled, users.call_log_enabled, users.meta_data 
FROM users 
WHERE users.id = $1::UUID
2026-08-04 07:27:37,922 INFO sqlalchemy.engine.Engine [cached since 9870s ago] ('019fa30c-7688-7655-9977-81f7710449c0',)
2026-08-04 07:27:37,925 INFO sqlalchemy.engine.Engine SELECT levels.id AS levels_id, levels.name AS levels_name, levels.description AS levels_description, levels.level_order AS levels_level_order 
FROM levels 
WHERE levels.id IN ($1::UUID)
2026-08-04 07:27:37,926 INFO sqlalchemy.engine.Engine [cached since 9870s ago] (UUID('019fa30c-6e16-717f-8c8f-786905fd29ed'),)
2026-08-04 07:27:37,928 INFO sqlalchemy.engine.Engine SELECT roles.id AS roles_id, roles.name AS roles_name, roles.description AS roles_description, roles.role_order AS roles_role_order, roles.tenant_id AS roles_tenant_id, roles.is_active AS roles_is_active 
FROM roles 
WHERE roles.id IN ($1::UUID)
2026-08-04 07:27:37,928 INFO sqlalchemy.engine.Engine [cached since 9870s ago] (UUID('019fa30c-6dfa-76b9-a1ec-702518695e5a'),)
2026-08-04 07:27:37,931 INFO sqlalchemy.engine.Engine SELECT users.is_active 
FROM users 
WHERE users.id = $1::UUID
2026-08-04 07:27:37,931 INFO sqlalchemy.engine.Engine [cached since 1752s ago] (UUID('019fa30c-7688-7655-9977-81f7710449c0'),)
2026-08-04 07:27:37,933 INFO sqlalchemy.engine.Engine SELECT users.role_id 
FROM users 
WHERE users.id = $1::UUID
2026-08-04 07:27:37,933 INFO sqlalchemy.engine.Engine [cached since 1752s ago] (UUID('019fa30c-7688-7655-9977-81f7710449c0'),)
2026-08-04 07:27:37,934 INFO sqlalchemy.engine.Engine SELECT permissions.name 
FROM permissions JOIN role_permissions ON role_permissions.permission_id = permissions.id 
WHERE role_permissions.role_id = $1::UUID
2026-08-04 07:27:37,934 INFO sqlalchemy.engine.Engine [cached since 1752s ago] (UUID('019fa30c-6dfa-76b9-a1ec-702518695e5a'),)
2026-08-04 07:27:37,935 INFO sqlalchemy.engine.Engine SELECT max(levels.level_order) AS max_1 
FROM levels
2026-08-04 07:27:37,935 INFO sqlalchemy.engine.Engine [cached since 1751s ago] ()
2026-08-04 07:27:37,936 INFO sqlalchemy.engine.Engine SELECT permissions.id, permissions.name, permissions.description, permissions.belong_to, permissions.tenant_id, permissions.is_active 
FROM permissions JOIN role_permissions ON permissions.id = role_permissions.permission_id 
WHERE role_permissions.role_id = $1::UUID
2026-08-04 07:27:37,936 INFO sqlalchemy.engine.Engine [cached since 1744s ago] (UUID('019fa30c-6dfa-76b9-a1ec-702518695e5a'),)
2026-08-04 07:27:37,943 INFO sqlalchemy.engine.Engine ROLLBACK
INFO:     222.252.26.190:0 - "GET /api/v1/role-permission/019fa30c-6dfa-76b9-a1ec-702518695e5a HTTP/1.1" 200 OK
hb8hL0twF9r9v5OXAAAO: Sending packet PING data None
hb8hL0twF9r9v5OXAAAO: Received packet PONG data 
hb8hL0twF9r9v5OXAAAO: Sending packet PING data None
hb8hL0twF9r9v5OXAAAO: Received packet PONG data 
hb8hL0twF9r9v5OXAAAO: Sending packet PING data None
hb8hL0twF9r9v5OXAAAO: Received packet PONG data 
hb8hL0twF9r9v5OXAAAO: Sending packet PING data None
hb8hL0twF9r9v5OXAAAO: Received packet PONG data 
hb8hL0twF9r9v5OXAAAO: Sending packet PING data None
hb8hL0twF9r9v5OXAAAO: Received packet PONG data 
WARNING:  Invalid HTTP request received.
WARNING:  Invalid HTTP request received.
WARNING:  Invalid HTTP request received.
hb8hL0twF9r9v5OXAAAO: Sending packet PING data None
hb8hL0twF9r9v5OXAAAO: Received packet PONG data 
hb8hL0twF9r9v5OXAAAO: Sending packet PING data None
hb8hL0twF9r9v5OXAAAO: Received packet PONG data 
hb8hL0twF9r9v5OXAAAO: Sending packet PING data None
hb8hL0twF9r9v5OXAAAO: Received packet PONG data 
hb8hL0twF9r9v5OXAAAO: Sending packet PING data None
hb8hL0twF9r9v5OXAAAO: Received packet PONG data 
INFO:     connection closed
2026-08-04 07:31:33,535 INFO sqlalchemy.engine.Engine BEGIN (implicit)
2026-08-04 07:31:33,537 INFO sqlalchemy.engine.Engine SELECT users.id AS users_id, users.username AS users_username, users.password AS users_password, users.email AS users_email, users.fullname AS users_fullname, users.create_day AS users_create_day, users.chat_id AS users_chat_id, users.is_active AS users_is_active, users.token_version AS users_token_version, users.role_id AS users_role_id, users.level_id AS users_level_id, users.tenant_id AS users_tenant_id, users.webphone_enabled AS users_webphone_enabled, users.sip_extension AS users_sip_extension, users.sip_username AS users_sip_username, users.sip_password AS users_sip_password, users.sip_domain AS users_sip_domain, users.sip_ws_server AS users_sip_ws_server, users.sip_port AS users_sip_port, users.sip_protocol AS users_sip_protocol, users.webphone_api_key AS users_webphone_api_key, users.webphone_process_id AS users_webphone_process_id, users.webphone_agent_id AS users_webphone_agent_id, users.call_recording_enabled AS users_call_recording_enabled, users.call_log_enabled AS users_call_log_enabled, users.meta_data AS users_meta_data 
FROM users 
WHERE users.id = $1::UUID
2026-08-04 07:31:33,537 INFO sqlalchemy.engine.Engine [cached since 1987s ago] (UUID('019fa30c-7688-7655-9977-81f7710449c0'),)
2026-08-04 07:31:33,541 INFO sqlalchemy.engine.Engine SELECT levels.id AS levels_id, levels.name AS levels_name, levels.description AS levels_description, levels.level_order AS levels_level_order 
FROM levels 
WHERE levels.id IN ($1::UUID)
2026-08-04 07:31:33,541 INFO sqlalchemy.engine.Engine [cached since 1.011e+04s ago] (UUID('019fa30c-6e16-717f-8c8f-786905fd29ed'),)
2026-08-04 07:31:33,543 INFO sqlalchemy.engine.Engine SELECT roles.id AS roles_id, roles.name AS roles_name, roles.description AS roles_description, roles.role_order AS roles_role_order, roles.tenant_id AS roles_tenant_id, roles.is_active AS roles_is_active 
FROM roles 
WHERE roles.id IN ($1::UUID)
2026-08-04 07:31:33,543 INFO sqlalchemy.engine.Engine [cached since 1.011e+04s ago] (UUID('019fa30c-6dfa-76b9-a1ec-702518695e5a'),)
2026-08-04 07:31:33,545 INFO sqlalchemy.engine.Engine SELECT users.is_active 
FROM users 
WHERE users.id = $1::UUID
2026-08-04 07:31:33,545 INFO sqlalchemy.engine.Engine [cached since 1987s ago] (UUID('019fa30c-7688-7655-9977-81f7710449c0'),)
2026-08-04 07:31:33,546 INFO sqlalchemy.engine.Engine SELECT users.role_id 
FROM users 
WHERE users.id = $1::UUID
2026-08-04 07:31:33,546 INFO sqlalchemy.engine.Engine [cached since 1987s ago] (UUID('019fa30c-7688-7655-9977-81f7710449c0'),)
2026-08-04 07:31:33,547 INFO sqlalchemy.engine.Engine SELECT permissions.name 
FROM permissions JOIN role_permissions ON role_permissions.permission_id = permissions.id 
WHERE role_permissions.role_id = $1::UUID
2026-08-04 07:31:33,547 INFO sqlalchemy.engine.Engine [cached since 1987s ago] (UUID('019fa30c-6dfa-76b9-a1ec-702518695e5a'),)
2026-08-04 07:31:33,550 INFO sqlalchemy.engine.Engine SELECT users.id, users.username, users.password, users.email, users.fullname, users.create_day, users.chat_id, users.is_active, users.token_version, users.role_id, users.level_id, users.tenant_id, users.webphone_enabled, users.sip_extension, users.sip_username, users.sip_password, users.sip_domain, users.sip_ws_server, users.sip_port, users.sip_protocol, users.webphone_api_key, users.webphone_process_id, users.webphone_agent_id, users.call_recording_enabled, users.call_log_enabled, users.meta_data, roles_1.id AS id_1, roles_1.name, roles_1.description, roles_1.role_order, roles_1.tenant_id AS tenant_id_1, roles_1.is_active AS is_active_1, levels_1.id AS id_2, levels_1.name AS name_1, levels_1.description AS description_1, levels_1.level_order 
FROM users LEFT OUTER JOIN roles AS roles_1 ON roles_1.id = users.role_id LEFT OUTER JOIN levels AS levels_1 ON levels_1.id = users.level_id 
WHERE users.id = $1::UUID
2026-08-04 07:31:33,550 INFO sqlalchemy.engine.Engine [cached since 1987s ago] (UUID('019fa30c-7688-7655-9977-81f7710449c0'),)
2026-08-04 07:31:33,552 INFO sqlalchemy.engine.Engine SELECT permissions.name 
FROM permissions JOIN role_permissions ON permissions.id = role_permissions.permission_id JOIN roles ON role_permissions.role_id = roles.id JOIN users ON users.role_id = roles.id 
WHERE users.id = $1::UUID
2026-08-04 07:31:33,552 INFO sqlalchemy.engine.Engine [cached since 1987s ago] (UUID('019fa30c-7688-7655-9977-81f7710449c0'),)
Check result: ['view_users', 'current_user', 'delete_users', 'create_users', 'edit_users', 'view_user_groups', 'edit_roles', 'view_roles', 'delete_roles', 'create_roles', 'view_permissions', 'edit_permissions', 'delete_permissions', 'create_permissions', 'assign_permissions_to_role', 'delete_permission_from_role', 'view_logs', 'view_levels', 'create_level', 'edit_level', 'delete_level', 'view_departments', 'create_department', 'edit_department', 'delete_department', 'view_groups', 'create_group', 'edit_group', 'delete_group', 'assign_user_to_group', 'delete_user_group', 'view_role_permissions_by_role_id', 'view_tags', 'view_tag_by_id', 'create_tag', 'edit_tag', 'delete_tag', 'view_tickets', 'create_ticket', 'edit_ticket', 'delete_ticket', 'assign_ticket', 'view_ticket_events', 'create_ticket_event', 'edit_ticket_event', 'delete_ticket_event', 'view_ticket_templates', 'create_ticket_template', 'edit_ticket_template', 'delete_ticket_template', 'view_ticket_contexts', 'create_ticket_context', 'edit_ticket_context', 'delete_ticket_context', 'view_ticket_extensions', 'create_ticket_extension', 'edit_ticket_extension', 'delete_ticket_extension', 'view_ticket_flows', 'view_ticket_flow_by_id', 'create_ticket_flow', 'edit_ticket_flow', 'delete_ticket_flow', 'view_ticket_flow_instances', 'view_ticket_flow_instance_by_id', 'create_ticket_flow_instance', 'edit_ticket_flow_instance', 'delete_ticket_flow_instance', 'view_ticket_flow_steps', 'view_ticket_flow_step_by_id', 'create_ticket_flow_step', 'edit_ticket_flow_step', 'delete_ticket_flow_step', 'view_customers', 'view_customer_by_id', 'create_customer', 'edit_customer', 'delete_customer', 'view_customer_provided_info', 'create_customer_provided_info', 'edit_customer_provided_info', 'delete_customer_provided_info', 'view_tenants', 'create_tenant', 'edit_tenant', 'delete_tenant', 'view_level_by_id', 'view_department_by_id', 'view_group_by_id', 'view_group_detail_by_id', 'view_messaging_accounts', 'create_messaging_account', 'edit_messaging_account', 'delete_messaging_account', 'sync_messaging_integration', 'view_messaging_conversations', 'create_messaging_conversation', 'edit_messaging_conversation', 'delete_messaging_conversation', 'send_messaging_message', 'delete_messaging_message', 'assign_messaging_conversation', 'view_messaging_inboxes', 'create_messaging_inbox', 'edit_messaging_inbox', 'manage_messaging_inbox_members', 'view_messaging_labels', 'create_messaging_label', 'delete_messaging_label', 'bulk_messaging_actions', 'view_messaging_custom_filters', 'create_messaging_custom_filter', 'edit_messaging_custom_filter', 'delete_messaging_custom_filter', 'view_messaging_agents', 'create_messaging_agent', 'edit_messaging_agent', 'delete_messaging_agent', 'view_messaging_teams', 'create_messaging_team', 'edit_messaging_team', 'delete_messaging_team', 'manage_messaging_team_members', 'view_messaging_agent_bots', 'create_messaging_agent_bot', 'edit_messaging_agent_bot', 'delete_messaging_agent_bot', 'view_messaging_users', 'create_messaging_user', 'edit_messaging_user', 'delete_messaging_user']
2026-08-04 07:31:33,554 INFO sqlalchemy.engine.Engine SELECT tenant.id AS tenant_id, tenant.name AS tenant_name, tenant.description AS tenant_description, tenant.is_active AS tenant_is_active, tenant.partner_id AS tenant_partner_id, tenant.graph_id AS tenant_graph_id, tenant.agent_id AS tenant_agent_id, tenant.graph_activated AS tenant_graph_activated, tenant.meta_data AS tenant_meta_data, tenant.webcall_config AS tenant_webcall_config 
FROM tenant 
WHERE tenant.id = $1::UUID
2026-08-04 07:31:33,554 INFO sqlalchemy.engine.Engine [cached since 1987s ago] (UUID('019fa30c-6ba1-7ebf-923c-5c1e2b5a953c'),)
2026-08-04 07:31:33,555 INFO sqlalchemy.engine.Engine ROLLBACK
INFO:     222.252.26.190:0 - "GET /api/v1/user/current HTTP/1.1" 200 OK
TUZvg-L5ihMYxU_oAAAQ: Sending packet OPEN data {'sid': 'TUZvg-L5ihMYxU_oAAAQ', 'upgrades': [], 'pingTimeout': 60000, 'pingInterval': 25000}
TUZvg-L5ihMYxU_oAAAQ: Received request to upgrade to websocket
INFO:     ('222.252.26.190', 0) - "WebSocket /socket.io/?EIO=4&transport=websocket" [accepted]
TUZvg-L5ihMYxU_oAAAQ: Upgrade to websocket successful
INFO:     connection open
2026-08-04 07:31:34,044 INFO sqlalchemy.engine.Engine BEGIN (implicit)
2026-08-04 07:31:34,045 INFO sqlalchemy.engine.Engine SELECT users.id AS users_id, users.username AS users_username, users.password AS users_password, users.email AS users_email, users.fullname AS users_fullname, users.create_day AS users_create_day, users.chat_id AS users_chat_id, users.is_active AS users_is_active, users.token_version AS users_token_version, users.role_id AS users_role_id, users.level_id AS users_level_id, users.tenant_id AS users_tenant_id, users.webphone_enabled AS users_webphone_enabled, users.sip_extension AS users_sip_extension, users.sip_username AS users_sip_username, users.sip_password AS users_sip_password, users.sip_domain AS users_sip_domain, users.sip_ws_server AS users_sip_ws_server, users.sip_port AS users_sip_port, users.sip_protocol AS users_sip_protocol, users.webphone_api_key AS users_webphone_api_key, users.webphone_process_id AS users_webphone_process_id, users.webphone_agent_id AS users_webphone_agent_id, users.call_recording_enabled AS users_call_recording_enabled, users.call_log_enabled AS users_call_log_enabled, users.meta_data AS users_meta_data 
FROM users 
WHERE users.id = $1::UUID
2026-08-04 07:31:34,045 INFO sqlalchemy.engine.Engine [cached since 1988s ago] (UUID('019fa30c-7688-7655-9977-81f7710449c0'),)
2026-08-04 07:31:34,047 INFO sqlalchemy.engine.Engine BEGIN (implicit)
2026-08-04 07:31:34,047 INFO sqlalchemy.engine.Engine SELECT users.id, users.username, users.password, users.email, users.fullname, users.create_day, users.chat_id, users.is_active, users.token_version, users.role_id, users.level_id, users.tenant_id, users.webphone_enabled, users.sip_extension, users.sip_username, users.sip_password, users.sip_domain, users.sip_ws_server, users.sip_port, users.sip_protocol, users.webphone_api_key, users.webphone_process_id, users.webphone_agent_id, users.call_recording_enabled, users.call_log_enabled, users.meta_data 
FROM users 
WHERE users.id = $1::UUID
2026-08-04 07:31:34,047 INFO sqlalchemy.engine.Engine [cached since 1.011e+04s ago] ('019fa30c-7688-7655-9977-81f7710449c0',)
2026-08-04 07:31:34,048 INFO sqlalchemy.engine.Engine BEGIN (implicit)
2026-08-04 07:31:34,049 INFO sqlalchemy.engine.Engine SELECT users.id AS users_id, users.username AS users_username, users.password AS users_password, users.email AS users_email, users.fullname AS users_fullname, users.create_day AS users_create_day, users.chat_id AS users_chat_id, users.is_active AS users_is_active, users.token_version AS users_token_version, users.role_id AS users_role_id, users.level_id AS users_level_id, users.tenant_id AS users_tenant_id, users.webphone_enabled AS users_webphone_enabled, users.sip_extension AS users_sip_extension, users.sip_username AS users_sip_username, users.sip_password AS users_sip_password, users.sip_domain AS users_sip_domain, users.sip_ws_server AS users_sip_ws_server, users.sip_port AS users_sip_port, users.sip_protocol AS users_sip_protocol, users.webphone_api_key AS users_webphone_api_key, users.webphone_process_id AS users_webphone_process_id, users.webphone_agent_id AS users_webphone_agent_id, users.call_recording_enabled AS users_call_recording_enabled, users.call_log_enabled AS users_call_log_enabled, users.meta_data AS users_meta_data 
FROM users 
WHERE users.id = $1::UUID
2026-08-04 07:31:34,049 INFO sqlalchemy.engine.Engine [cached since 1988s ago] (UUID('019fa30c-7688-7655-9977-81f7710449c0'),)
2026-08-04 07:31:34,051 INFO sqlalchemy.engine.Engine SELECT levels.id AS levels_id, levels.name AS levels_name, levels.description AS levels_description, levels.level_order AS levels_level_order 
FROM levels 
WHERE levels.id IN ($1::UUID)
2026-08-04 07:31:34,051 INFO sqlalchemy.engine.Engine [cached since 1.011e+04s ago] (UUID('019fa30c-6e16-717f-8c8f-786905fd29ed'),)
2026-08-04 07:31:34,052 INFO sqlalchemy.engine.Engine SELECT levels.id AS levels_id, levels.name AS levels_name, levels.description AS levels_description, levels.level_order AS levels_level_order 
FROM levels 
WHERE levels.id IN ($1::UUID)
2026-08-04 07:31:34,053 INFO sqlalchemy.engine.Engine [cached since 1.011e+04s ago] (UUID('019fa30c-6e16-717f-8c8f-786905fd29ed'),)
2026-08-04 07:31:34,054 INFO sqlalchemy.engine.Engine SELECT levels.id AS levels_id, levels.name AS levels_name, levels.description AS levels_description, levels.level_order AS levels_level_order 
FROM levels 
WHERE levels.id IN ($1::UUID)
2026-08-04 07:31:34,054 INFO sqlalchemy.engine.Engine [cached since 1.011e+04s ago] (UUID('019fa30c-6e16-717f-8c8f-786905fd29ed'),)
2026-08-04 07:31:34,055 INFO sqlalchemy.engine.Engine SELECT roles.id AS roles_id, roles.name AS roles_name, roles.description AS roles_description, roles.role_order AS roles_role_order, roles.tenant_id AS roles_tenant_id, roles.is_active AS roles_is_active 
FROM roles 
WHERE roles.id IN ($1::UUID)
2026-08-04 07:31:34,056 INFO sqlalchemy.engine.Engine [cached since 1.011e+04s ago] (UUID('019fa30c-6dfa-76b9-a1ec-702518695e5a'),)
2026-08-04 07:31:34,057 INFO sqlalchemy.engine.Engine SELECT roles.id AS roles_id, roles.name AS roles_name, roles.description AS roles_description, roles.role_order AS roles_role_order, roles.tenant_id AS roles_tenant_id, roles.is_active AS roles_is_active 
FROM roles 
WHERE roles.id IN ($1::UUID)
2026-08-04 07:31:34,057 INFO sqlalchemy.engine.Engine [cached since 1.011e+04s ago] (UUID('019fa30c-6dfa-76b9-a1ec-702518695e5a'),)
2026-08-04 07:31:34,058 INFO sqlalchemy.engine.Engine SELECT roles.id AS roles_id, roles.name AS roles_name, roles.description AS roles_description, roles.role_order AS roles_role_order, roles.tenant_id AS roles_tenant_id, roles.is_active AS roles_is_active 
FROM roles 
WHERE roles.id IN ($1::UUID)
2026-08-04 07:31:34,058 INFO sqlalchemy.engine.Engine [cached since 1.011e+04s ago] (UUID('019fa30c-6dfa-76b9-a1ec-702518695e5a'),)
2026-08-04 07:31:34,059 INFO sqlalchemy.engine.Engine SELECT users.is_active 
FROM users 
WHERE users.id = $1::UUID
2026-08-04 07:31:34,059 INFO sqlalchemy.engine.Engine [cached since 1988s ago] (UUID('019fa30c-7688-7655-9977-81f7710449c0'),)
2026-08-04 07:31:34,060 INFO sqlalchemy.engine.Engine SELECT users.is_active 
FROM users 
WHERE users.id = $1::UUID
2026-08-04 07:31:34,061 INFO sqlalchemy.engine.Engine [cached since 1988s ago] (UUID('019fa30c-7688-7655-9977-81f7710449c0'),)
2026-08-04 07:31:34,062 INFO sqlalchemy.engine.Engine SELECT users.is_active 
FROM users 
WHERE users.id = $1::UUID
2026-08-04 07:31:34,062 INFO sqlalchemy.engine.Engine [cached since 1988s ago] (UUID('019fa30c-7688-7655-9977-81f7710449c0'),)
2026-08-04 07:31:34,063 INFO sqlalchemy.engine.Engine SELECT users.role_id 
FROM users 
WHERE users.id = $1::UUID
2026-08-04 07:31:34,063 INFO sqlalchemy.engine.Engine [cached since 1988s ago] (UUID('019fa30c-7688-7655-9977-81f7710449c0'),)
2026-08-04 07:31:34,064 INFO sqlalchemy.engine.Engine SELECT users.role_id 
FROM users 
WHERE users.id = $1::UUID
2026-08-04 07:31:34,065 INFO sqlalchemy.engine.Engine [cached since 1988s ago] (UUID('019fa30c-7688-7655-9977-81f7710449c0'),)
2026-08-04 07:31:34,065 INFO sqlalchemy.engine.Engine SELECT users.role_id 
FROM users 
WHERE users.id = $1::UUID
2026-08-04 07:31:34,066 INFO sqlalchemy.engine.Engine [cached since 1988s ago] (UUID('019fa30c-7688-7655-9977-81f7710449c0'),)
2026-08-04 07:31:34,067 INFO sqlalchemy.engine.Engine SELECT permissions.name 
FROM permissions JOIN role_permissions ON role_permissions.permission_id = permissions.id 
WHERE role_permissions.role_id = $1::UUID
2026-08-04 07:31:34,067 INFO sqlalchemy.engine.Engine [cached since 1988s ago] (UUID('019fa30c-6dfa-76b9-a1ec-702518695e5a'),)
2026-08-04 07:31:34,068 INFO sqlalchemy.engine.Engine SELECT permissions.name 
FROM permissions JOIN role_permissions ON role_permissions.permission_id = permissions.id 
WHERE role_permissions.role_id = $1::UUID
2026-08-04 07:31:34,068 INFO sqlalchemy.engine.Engine [cached since 1988s ago] (UUID('019fa30c-6dfa-76b9-a1ec-702518695e5a'),)
2026-08-04 07:31:34,069 INFO sqlalchemy.engine.Engine SELECT permissions.name 
FROM permissions JOIN role_permissions ON role_permissions.permission_id = permissions.id 
WHERE role_permissions.role_id = $1::UUID
2026-08-04 07:31:34,069 INFO sqlalchemy.engine.Engine [cached since 1988s ago] (UUID('019fa30c-6dfa-76b9-a1ec-702518695e5a'),)
2026-08-04 07:31:34,071 INFO sqlalchemy.engine.Engine SELECT users.id, users.username, users.password, users.email, users.fullname, users.create_day, users.chat_id, users.is_active, users.token_version, users.role_id, users.level_id, users.tenant_id, users.webphone_enabled, users.sip_extension, users.sip_username, users.sip_password, users.sip_domain, users.sip_ws_server, users.sip_port, users.sip_protocol, users.webphone_api_key, users.webphone_process_id, users.webphone_agent_id, users.call_recording_enabled, users.call_log_enabled, users.meta_data 
FROM users 
WHERE users.id = $1::UUID
2026-08-04 07:31:34,071 INFO sqlalchemy.engine.Engine [cached since 1.011e+04s ago] ('019fa30c-7688-7655-9977-81f7710449c0',)
2026-08-04 07:31:34,072 INFO sqlalchemy.engine.Engine SELECT max(levels.level_order) AS max_1 
FROM levels
2026-08-04 07:31:34,072 INFO sqlalchemy.engine.Engine [cached since 1987s ago] ()
2026-08-04 07:31:34,074 INFO sqlalchemy.engine.Engine SELECT users.id, users.username, users.password, users.email, users.fullname, users.create_day, users.chat_id, users.is_active, users.token_version, users.role_id, users.level_id, users.tenant_id, users.webphone_enabled, users.sip_extension, users.sip_username, users.sip_password, users.sip_domain, users.sip_ws_server, users.sip_port, users.sip_protocol, users.webphone_api_key, users.webphone_process_id, users.webphone_agent_id, users.call_recording_enabled, users.call_log_enabled, users.meta_data 
FROM users 
WHERE users.id = $1::UUID
2026-08-04 07:31:34,074 INFO sqlalchemy.engine.Engine [cached since 1.011e+04s ago] ('019fa30c-7688-7655-9977-81f7710449c0',)
2026-08-04 07:31:34,076 INFO sqlalchemy.engine.Engine SELECT levels.id AS levels_id, levels.name AS levels_name, levels.description AS levels_description, levels.level_order AS levels_level_order 
FROM levels 
WHERE levels.id IN ($1::UUID)
2026-08-04 07:31:34,076 INFO sqlalchemy.engine.Engine [cached since 1.011e+04s ago] (UUID('019fa30c-6e16-717f-8c8f-786905fd29ed'),)
2026-08-04 07:31:34,077 INFO sqlalchemy.engine.Engine SELECT levels.id AS levels_id, levels.name AS levels_name, levels.description AS levels_description, levels.level_order AS levels_level_order 
FROM levels 
WHERE levels.id IN ($1::UUID)
2026-08-04 07:31:34,077 INFO sqlalchemy.engine.Engine [cached since 1.011e+04s ago] (UUID('019fa30c-6e16-717f-8c8f-786905fd29ed'),)
2026-08-04 07:31:34,078 INFO sqlalchemy.engine.Engine SELECT permissions.id, permissions.name, permissions.description, permissions.belong_to, permissions.tenant_id, permissions.is_active 
FROM permissions
2026-08-04 07:31:34,078 INFO sqlalchemy.engine.Engine [cached since 1981s ago] ()
2026-08-04 07:31:34,080 INFO sqlalchemy.engine.Engine SELECT roles.id AS roles_id, roles.name AS roles_name, roles.description AS roles_description, roles.role_order AS roles_role_order, roles.tenant_id AS roles_tenant_id, roles.is_active AS roles_is_active 
FROM roles 
WHERE roles.id IN ($1::UUID)
2026-08-04 07:31:34,081 INFO sqlalchemy.engine.Engine [cached since 1.011e+04s ago] (UUID('019fa30c-6dfa-76b9-a1ec-702518695e5a'),)
2026-08-04 07:31:34,091 INFO sqlalchemy.engine.Engine SELECT roles.id AS roles_id, roles.name AS roles_name, roles.description AS roles_description, roles.role_order AS roles_role_order, roles.tenant_id AS roles_tenant_id, roles.is_active AS roles_is_active 
FROM roles 
WHERE roles.id IN ($1::UUID)
2026-08-04 07:31:34,091 INFO sqlalchemy.engine.Engine [cached since 1.011e+04s ago] (UUID('019fa30c-6dfa-76b9-a1ec-702518695e5a'),)
2026-08-04 07:31:34,092 INFO sqlalchemy.engine.Engine ROLLBACK
2026-08-04 07:31:34,093 INFO sqlalchemy.engine.Engine SELECT max(levels.level_order) AS max_1 
FROM levels
2026-08-04 07:31:34,093 INFO sqlalchemy.engine.Engine [cached since 1987s ago] ()
2026-08-04 07:31:34,094 INFO sqlalchemy.engine.Engine SELECT max(levels.level_order) AS max_1 
FROM levels
2026-08-04 07:31:34,095 INFO sqlalchemy.engine.Engine [cached since 1987s ago] ()
2026-08-04 07:31:34,095 INFO sqlalchemy.engine.Engine SELECT chatwoot_legacy_map.id, chatwoot_legacy_map.resource_type, chatwoot_legacy_map.local_uuid, chatwoot_legacy_map.chatwoot_id, chatwoot_legacy_map.tenant_id, chatwoot_legacy_map.created_at 
FROM chatwoot_legacy_map 
WHERE chatwoot_legacy_map.resource_type = $1 AND chatwoot_legacy_map.local_uuid = $2::UUID
2026-08-04 07:31:34,096 INFO sqlalchemy.engine.Engine [cached since 1987s ago] ('account', UUID('019fa30c-6ba1-7ebf-923c-5c1e2b5a953c'))
2026-08-04 07:31:34,096 INFO sqlalchemy.engine.Engine SELECT roles.id, roles.name, roles.description, roles.role_order, roles.tenant_id, roles.is_active 
FROM roles 
 LIMIT $1::INTEGER OFFSET $2::INTEGER
2026-08-04 07:31:34,097 INFO sqlalchemy.engine.Engine [cached since 1983s ago] (100, 0)
2026-08-04 07:31:34,107 INFO sqlalchemy.engine.Engine SELECT users.role_id AS users_role_id, users.id AS users_id, users.username AS users_username, users.password AS users_password, users.email AS users_email, users.fullname AS users_fullname, users.create_day AS users_create_day, users.chat_id AS users_chat_id, users.is_active AS users_is_active, users.token_version AS users_token_version, users.level_id AS users_level_id, users.tenant_id AS users_tenant_id, users.webphone_enabled AS users_webphone_enabled, users.sip_extension AS users_sip_extension, users.sip_username AS users_sip_username, users.sip_password AS users_sip_password, users.sip_domain AS users_sip_domain, users.sip_ws_server AS users_sip_ws_server, users.sip_port AS users_sip_port, users.sip_protocol AS users_sip_protocol, users.webphone_api_key AS users_webphone_api_key, users.webphone_process_id AS users_webphone_process_id, users.webphone_agent_id AS users_webphone_agent_id, users.call_recording_enabled AS users_call_recording_enabled, users.call_log_enabled AS users_call_log_enabled, users.meta_data AS users_meta_data 
FROM users 
WHERE users.role_id IN ($1::UUID, $2::UUID)
2026-08-04 07:31:34,107 INFO sqlalchemy.engine.Engine [cached since 1983s ago] (UUID('019fa30c-6dfa-76b9-a1ec-702518695e5a'), UUID('019fa30c-6e0b-7f67-83ed-8ee35dc6de62'))
INFO:     222.252.26.190:0 - "GET /api/v1/permissions/all HTTP/1.1" 200 OK
2026-08-04 07:31:34,109 INFO sqlalchemy.engine.Engine SELECT levels.id AS levels_id, levels.name AS levels_name, levels.description AS levels_description, levels.level_order AS levels_level_order 
FROM levels 
WHERE levels.id IN ($1::UUID, $2::UUID, $3::UUID)
2026-08-04 07:31:34,109 INFO sqlalchemy.engine.Engine [cached since 1983s ago] (UUID('019fa30c-6e16-717f-8c8f-786905fd29ed'), UUID('019fa30c-6e36-7603-8c1d-e0f1e1cdab60'), UUID('019fa30c-6e45-7de8-b19e-01532d8d61f7'))
2026-08-04 07:31:34,110 INFO sqlalchemy.engine.Engine SELECT count(*) AS count_1 
FROM roles
2026-08-04 07:31:34,110 INFO sqlalchemy.engine.Engine [cached since 1983s ago] ()
2026-08-04 07:31:34,111 INFO sqlalchemy.engine.Engine ROLLBACK
INFO:     222.252.26.190:0 - "GET /api/v1/roles?page=1&page_size=100 HTTP/1.1" 200 OK
TUZvg-L5ihMYxU_oAAAQ: Received packet MESSAGE data 0
emitting event "connection_established" to dGXwcj5rxEJULwXRAAAR [/]
TUZvg-L5ihMYxU_oAAAQ: Sending packet MESSAGE data 2["connection_established",{"sid":"dGXwcj5rxEJULwXRAAAR","message":"Connected. Please authenticate.","timestamp":"2026-08-04T07:31:34.115109+00:00"}]
TUZvg-L5ihMYxU_oAAAQ: Sending packet MESSAGE data 0{"sid":"dGXwcj5rxEJULwXRAAAR"}
2026-08-04 07:31:34,361 INFO sqlalchemy.engine.Engine SELECT chatwoot_legacy_map.chatwoot_id, chatwoot_legacy_map.local_uuid 
FROM chatwoot_legacy_map 
WHERE chatwoot_legacy_map.resource_type = $1 AND chatwoot_legacy_map.tenant_id = $2::UUID
2026-08-04 07:31:34,362 INFO sqlalchemy.engine.Engine [cached since 1987s ago] ('agent', UUID('019fa30c-6ba1-7ebf-923c-5c1e2b5a953c'))
2026-08-04 07:31:34,370 INFO sqlalchemy.engine.Engine ROLLBACK
INFO:     222.252.26.190:0 - "GET /api/v1/messaging/tenants/019fa30c-6ba1-7ebf-923c-5c1e2b5a953c/conversations?status=open&sort_by=last_activity_at_desc&page=1 HTTP/1.1" 200 OK
2026-08-04 07:31:34,797 INFO sqlalchemy.engine.Engine BEGIN (implicit)
2026-08-04 07:31:34,798 INFO sqlalchemy.engine.Engine SELECT users.id, users.username, users.password, users.email, users.fullname, users.create_day, users.chat_id, users.is_active, users.token_version, users.role_id, users.level_id, users.tenant_id, users.webphone_enabled, users.sip_extension, users.sip_username, users.sip_password, users.sip_domain, users.sip_ws_server, users.sip_port, users.sip_protocol, users.webphone_api_key, users.webphone_process_id, users.webphone_agent_id, users.call_recording_enabled, users.call_log_enabled, users.meta_data 
FROM users 
WHERE users.id = $1::UUID
2026-08-04 07:31:34,799 INFO sqlalchemy.engine.Engine [cached since 1.011e+04s ago] ('019fa30c-7688-7655-9977-81f7710449c0',)
2026-08-04 07:31:34,803 INFO sqlalchemy.engine.Engine SELECT levels.id AS levels_id, levels.name AS levels_name, levels.description AS levels_description, levels.level_order AS levels_level_order 
FROM levels 
WHERE levels.id IN ($1::UUID)
2026-08-04 07:31:34,803 INFO sqlalchemy.engine.Engine [cached since 1.011e+04s ago] (UUID('019fa30c-6e16-717f-8c8f-786905fd29ed'),)
2026-08-04 07:31:34,805 INFO sqlalchemy.engine.Engine SELECT roles.id AS roles_id, roles.name AS roles_name, roles.description AS roles_description, roles.role_order AS roles_role_order, roles.tenant_id AS roles_tenant_id, roles.is_active AS roles_is_active 
FROM roles 
WHERE roles.id IN ($1::UUID)
2026-08-04 07:31:34,805 INFO sqlalchemy.engine.Engine [cached since 1.011e+04s ago] (UUID('019fa30c-6dfa-76b9-a1ec-702518695e5a'),)
2026-08-04 07:31:34,807 INFO sqlalchemy.engine.Engine SELECT users.is_active 
FROM users 
WHERE users.id = $1::UUID
2026-08-04 07:31:34,807 INFO sqlalchemy.engine.Engine [cached since 1989s ago] (UUID('019fa30c-7688-7655-9977-81f7710449c0'),)
2026-08-04 07:31:34,808 INFO sqlalchemy.engine.Engine SELECT users.role_id 
FROM users 
WHERE users.id = $1::UUID
2026-08-04 07:31:34,809 INFO sqlalchemy.engine.Engine [cached since 1989s ago] (UUID('019fa30c-7688-7655-9977-81f7710449c0'),)
TUZvg-L5ihMYxU_oAAAQ: Received packet MESSAGE data 2["authenticate",{"token":"eyJhbGciOiJIUzI1NiIsInR5cCI6IkpXVCJ9.eyJ1c2VyX2lkIjoiMDE5ZmEzMGMtNzY4OC03NjU1LTk5NzctODFmNzcxMDQ0OWMwIiwidGVuYW50X2lkIjoiMDE5ZmEzMGMtNmJhMS03ZWJmLTkyM2MtNWMxZTJiNWE5NTNjIiwidG9rZW5fdmVyc2lvbiI6MCwiZXhwIjoxNzg1ODMwMzA2LCJ0b2tlbl90eXBlIjoiYWNjZXNzIn0.Tge7ithHyhz0Ifgktji1vGa8nSW57eM1x0m3l80PZKo"}]
received event "authenticate" from dGXwcj5rxEJULwXRAAAR [/]
2026-08-04 07:31:34,811 INFO sqlalchemy.engine.Engine BEGIN (implicit)
2026-08-04 07:31:34,811 INFO sqlalchemy.engine.Engine SELECT users.id, users.username, users.password, users.email, users.fullname, users.create_day, users.chat_id, users.is_active, users.token_version, users.role_id, users.level_id, users.tenant_id, users.webphone_enabled, users.sip_extension, users.sip_username, users.sip_password, users.sip_domain, users.sip_ws_server, users.sip_port, users.sip_protocol, users.webphone_api_key, users.webphone_process_id, users.webphone_agent_id, users.call_recording_enabled, users.call_log_enabled, users.meta_data 
FROM users 
WHERE users.id = $1::UUID
2026-08-04 07:31:34,811 INFO sqlalchemy.engine.Engine [cached since 1.011e+04s ago] (UUID('019fa30c-7688-7655-9977-81f7710449c0'),)
2026-08-04 07:31:34,812 INFO sqlalchemy.engine.Engine SELECT permissions.name 
FROM permissions JOIN role_permissions ON role_permissions.permission_id = permissions.id 
WHERE role_permissions.role_id = $1::UUID
2026-08-04 07:31:34,812 INFO sqlalchemy.engine.Engine [cached since 1989s ago] (UUID('019fa30c-6dfa-76b9-a1ec-702518695e5a'),)
2026-08-04 07:31:34,814 INFO sqlalchemy.engine.Engine SELECT max(levels.level_order) AS max_1 
FROM levels
2026-08-04 07:31:34,815 INFO sqlalchemy.engine.Engine [cached since 1988s ago] ()
2026-08-04 07:31:34,816 INFO sqlalchemy.engine.Engine SELECT levels.id AS levels_id, levels.name AS levels_name, levels.description AS levels_description, levels.level_order AS levels_level_order 
FROM levels 
WHERE levels.id IN ($1::UUID)
2026-08-04 07:31:34,816 INFO sqlalchemy.engine.Engine [cached since 1.011e+04s ago] (UUID('019fa30c-6e16-717f-8c8f-786905fd29ed'),)
2026-08-04 07:31:34,817 INFO sqlalchemy.engine.Engine SELECT permissions.id, permissions.name, permissions.description, permissions.belong_to, permissions.tenant_id, permissions.is_active 
FROM permissions JOIN role_permissions ON permissions.id = role_permissions.permission_id 
WHERE role_permissions.role_id = $1::UUID
2026-08-04 07:31:34,817 INFO sqlalchemy.engine.Engine [cached since 1981s ago] (UUID('019fa30c-6dfa-76b9-a1ec-702518695e5a'),)
2026-08-04 07:31:34,818 INFO sqlalchemy.engine.Engine SELECT roles.id AS roles_id, roles.name AS roles_name, roles.description AS roles_description, roles.role_order AS roles_role_order, roles.tenant_id AS roles_tenant_id, roles.is_active AS roles_is_active 
FROM roles 
WHERE roles.id IN ($1::UUID)
2026-08-04 07:31:34,819 INFO sqlalchemy.engine.Engine [cached since 1.011e+04s ago] (UUID('019fa30c-6dfa-76b9-a1ec-702518695e5a'),)
2026-08-04 07:31:34,824 INFO sqlalchemy.engine.Engine ROLLBACK
2026-08-04 07:31:34,825 INFO sqlalchemy.engine.Engine ROLLBACK
INFO:     222.252.26.190:0 - "GET /api/v1/role-permission/019fa30c-6dfa-76b9-a1ec-702518695e5a HTTP/1.1" 200 OK
dGXwcj5rxEJULwXRAAAR is entering room user:019fa30c-7688-7655-9977-81f7710449c0 [/]
dGXwcj5rxEJULwXRAAAR is entering room tenant:019fa30c-6ba1-7ebf-923c-5c1e2b5a953c [/]
emitting event "authenticated" to dGXwcj5rxEJULwXRAAAR [/]
TUZvg-L5ihMYxU_oAAAQ: Sending packet MESSAGE data 2["authenticated",{"message":"Successfully authenticated","user_id":"019fa30c-7688-7655-9977-81f7710449c0","username":"admin","timestamp":"2026-08-04T07:31:34.826391+00:00"}]
2026-08-04 07:31:34,827 INFO sqlalchemy.engine.Engine BEGIN (implicit)
2026-08-04 07:31:34,827 INFO sqlalchemy.engine.Engine SELECT notifications.id, notifications.title, notifications.message, notifications.type, notifications.user_id, notifications.tenant_id, notifications.is_read, notifications.read_at, notifications.delivered, notifications.delivered_at, notifications.created_at, notifications.expires_at, notifications.data, notifications.sender_id 
FROM notifications 
WHERE notifications.user_id = $1::UUID AND notifications.delivered = $2::INTEGER AND (notifications.expires_at IS NULL OR notifications.expires_at > $3::TIMESTAMP WITH TIME ZONE) ORDER BY notifications.created_at ASC 
 LIMIT $4::INTEGER
2026-08-04 07:31:34,827 INFO sqlalchemy.engine.Engine [cached since 1.011e+04s ago] (UUID('019fa30c-7688-7655-9977-81f7710449c0'), 0, datetime.datetime(2026, 8, 4, 7, 31, 34, 827207, tzinfo=datetime.timezone.utc), 50)
2026-08-04 07:31:34,830 INFO sqlalchemy.engine.Engine ROLLBACK
TUZvg-L5ihMYxU_oAAAQ: Sending packet PING data None
TUZvg-L5ihMYxU_oAAAQ: Received packet PONG data 
TUZvg-L5ihMYxU_oAAAQ: Sending packet PING data None
TUZvg-L5ihMYxU_oAAAQ: Received packet PONG data 
TUZvg-L5ihMYxU_oAAAQ: Sending packet PING data None
TUZvg-L5ihMYxU_oAAAQ: Received packet PONG data 
TUZvg-L5ihMYxU_oAAAQ: Sending packet PING data None
TUZvg-L5ihMYxU_oAAAQ: Received packet PONG data 
TUZvg-L5ihMYxU_oAAAQ: Sending packet PING data None
TUZvg-L5ihMYxU_oAAAQ: Received packet PONG data 
TUZvg-L5ihMYxU_oAAAQ: Sending packet PING data None
TUZvg-L5ihMYxU_oAAAQ: Received packet PONG data 
TUZvg-L5ihMYxU_oAAAQ: Sending packet PING data None
TUZvg-L5ihMYxU_oAAAQ: Received packet PONG data 
TUZvg-L5ihMYxU_oAAAQ: Sending packet PING data None
TUZvg-L5ihMYxU_oAAAQ: Received packet PONG data 
TUZvg-L5ihMYxU_oAAAQ: Sending packet PING data None
TUZvg-L5ihMYxU_oAAAQ: Received packet PONG data 
TUZvg-L5ihMYxU_oAAAQ: Sending packet PING data None
TUZvg-L5ihMYxU_oAAAQ: Received packet PONG data 
TUZvg-L5ihMYxU_oAAAQ: Sending packet PING data None
TUZvg-L5ihMYxU_oAAAQ: Received packet PONG data 
TUZvg-L5ihMYxU_oAAAQ: Sending packet PING data None
TUZvg-L5ihMYxU_oAAAQ: Received packet PONG data 
TUZvg-L5ihMYxU_oAAAQ: Sending packet PING data None
TUZvg-L5ihMYxU_oAAAQ: Received packet PONG data 
TUZvg-L5ihMYxU_oAAAQ: Sending packet PING data None
TUZvg-L5ihMYxU_oAAAQ: Received packet PONG data 
TUZvg-L5ihMYxU_oAAAQ: Sending packet PING data None
TUZvg-L5ihMYxU_oAAAQ: Received packet PONG data 
TUZvg-L5ihMYxU_oAAAQ: Sending packet PING data None
TUZvg-L5ihMYxU_oAAAQ: Received packet PONG data 
TUZvg-L5ihMYxU_oAAAQ: Sending packet PING data None
TUZvg-L5ihMYxU_oAAAQ: Received packet PONG data 
TUZvg-L5ihMYxU_oAAAQ: Sending packet PING data None
TUZvg-L5ihMYxU_oAAAQ: Received packet PONG data 
TUZvg-L5ihMYxU_oAAAQ: Sending packet PING data None
TUZvg-L5ihMYxU_oAAAQ: Received packet PONG data 
TUZvg-L5ihMYxU_oAAAQ: Sending packet PING data None
TUZvg-L5ihMYxU_oAAAQ: Received packet PONG data 
TUZvg-L5ihMYxU_oAAAQ: Sending packet PING data None
TUZvg-L5ihMYxU_oAAAQ: Received packet PONG data 
TUZvg-L5ihMYxU_oAAAQ: Sending packet PING data None
TUZvg-L5ihMYxU_oAAAQ: Received packet PONG data 
TUZvg-L5ihMYxU_oAAAQ: Sending packet PING data None
TUZvg-L5ihMYxU_oAAAQ: Received packet PONG data 
TUZvg-L5ihMYxU_oAAAQ: Sending packet PING data None
TUZvg-L5ihMYxU_oAAAQ: Received packet PONG data 
TUZvg-L5ihMYxU_oAAAQ: Sending packet PING data None
TUZvg-L5ihMYxU_oAAAQ: Received packet PONG data 
TUZvg-L5ihMYxU_oAAAQ: Sending packet PING data None
TUZvg-L5ihMYxU_oAAAQ: Received packet PONG data 
TUZvg-L5ihMYxU_oAAAQ: Sending packet PING data None
TUZvg-L5ihMYxU_oAAAQ: Received packet PONG data 
TUZvg-L5ihMYxU_oAAAQ: Sending packet PING data None
TUZvg-L5ihMYxU_oAAAQ: Received packet PONG data 
TUZvg-L5ihMYxU_oAAAQ: Sending packet PING data None
TUZvg-L5ihMYxU_oAAAQ: Received packet PONG data 
TUZvg-L5ihMYxU_oAAAQ: Sending packet PING data None
TUZvg-L5ihMYxU_oAAAQ: Received packet PONG data 
TUZvg-L5ihMYxU_oAAAQ: Sending packet PING data None
TUZvg-L5ihMYxU_oAAAQ: Received packet PONG data 
TUZvg-L5ihMYxU_oAAAQ: Sending packet PING data None
TUZvg-L5ihMYxU_oAAAQ: Received packet PONG data 
TUZvg-L5ihMYxU_oAAAQ: Sending packet PING data None
TUZvg-L5ihMYxU_oAAAQ: Received packet PONG data 
TUZvg-L5ihMYxU_oAAAQ: Sending packet PING data None
TUZvg-L5ihMYxU_oAAAQ: Received packet PONG data 
TUZvg-L5ihMYxU_oAAAQ: Sending packet PING data None
TUZvg-L5ihMYxU_oAAAQ: Received packet PONG data 
TUZvg-L5ihMYxU_oAAAQ: Sending packet PING data None
TUZvg-L5ihMYxU_oAAAQ: Received packet PONG data 
TUZvg-L5ihMYxU_oAAAQ: Sending packet PING data None
TUZvg-L5ihMYxU_oAAAQ: Received packet PONG data 
TUZvg-L5ihMYxU_oAAAQ: Sending packet PING data None
TUZvg-L5ihMYxU_oAAAQ: Received packet PONG data 
TUZvg-L5ihMYxU_oAAAQ: Sending packet PING data None
TUZvg-L5ihMYxU_oAAAQ: Received packet PONG data 
TUZvg-L5ihMYxU_oAAAQ: Sending packet PING data None
TUZvg-L5ihMYxU_oAAAQ: Received packet PONG data 
TUZvg-L5ihMYxU_oAAAQ: Sending packet PING data None
TUZvg-L5ihMYxU_oAAAQ: Received packet PONG data 
TUZvg-L5ihMYxU_oAAAQ: Sending packet PING data None
TUZvg-L5ihMYxU_oAAAQ: Received packet PONG data 
TUZvg-L5ihMYxU_oAAAQ: Sending packet PING data None
TUZvg-L5ihMYxU_oAAAQ: Received packet PONG data 
TUZvg-L5ihMYxU_oAAAQ: Sending packet PING data None
TUZvg-L5ihMYxU_oAAAQ: Received packet PONG data 
TUZvg-L5ihMYxU_oAAAQ: Sending packet PING data None
TUZvg-L5ihMYxU_oAAAQ: Received packet PONG data 
TUZvg-L5ihMYxU_oAAAQ: Sending packet PING data None
TUZvg-L5ihMYxU_oAAAQ: Received packet PONG data 
TUZvg-L5ihMYxU_oAAAQ: Sending packet PING data None
TUZvg-L5ihMYxU_oAAAQ: Received packet PONG data 
TUZvg-L5ihMYxU_oAAAQ: Sending packet PING data None
TUZvg-L5ihMYxU_oAAAQ: Received packet PONG data 
TUZvg-L5ihMYxU_oAAAQ: Sending packet PING data None
TUZvg-L5ihMYxU_oAAAQ: Received packet PONG data 
TUZvg-L5ihMYxU_oAAAQ: Sending packet PING data None
TUZvg-L5ihMYxU_oAAAQ: Received packet PONG data 
TUZvg-L5ihMYxU_oAAAQ: Sending packet PING data None
TUZvg-L5ihMYxU_oAAAQ: Received packet PONG data 
TUZvg-L5ihMYxU_oAAAQ: Sending packet PING data None
TUZvg-L5ihMYxU_oAAAQ: Received packet PONG data 
TUZvg-L5ihMYxU_oAAAQ: Sending packet PING data None
TUZvg-L5ihMYxU_oAAAQ: Received packet PONG data 
TUZvg-L5ihMYxU_oAAAQ: Sending packet PING data None
TUZvg-L5ihMYxU_oAAAQ: Received packet PONG data 
TUZvg-L5ihMYxU_oAAAQ: Sending packet PING data None
TUZvg-L5ihMYxU_oAAAQ: Received packet PONG data 
TUZvg-L5ihMYxU_oAAAQ: Sending packet PING data None
TUZvg-L5ihMYxU_oAAAQ: Received packet PONG data 
TUZvg-L5ihMYxU_oAAAQ: Sending packet PING data None
TUZvg-L5ihMYxU_oAAAQ: Received packet PONG data 
TUZvg-L5ihMYxU_oAAAQ: Sending packet PING data None
TUZvg-L5ihMYxU_oAAAQ: Received packet PONG data 
TUZvg-L5ihMYxU_oAAAQ: Sending packet PING data None
TUZvg-L5ihMYxU_oAAAQ: Received packet PONG data 
INFO:     222.252.26.190:0 - "OPTIONS /api/v1/user/current HTTP/1.1" 200 OK
INFO:     222.252.26.190:0 - "OPTIONS /api/v1/tenants?page=1&page_size=100 HTTP/1.1" 200 OK
INFO:     222.252.26.190:0 - "OPTIONS /api/v1/roles HTTP/1.1" 200 OK
INFO:     222.252.26.190:0 - "OPTIONS /api/v1/user/all?page=1&page_size=10 HTTP/1.1" 200 OK
INFO:     222.252.26.190:0 - "OPTIONS /api/v1/levels HTTP/1.1" 200 OK
2026-08-04 07:56:13,294 INFO sqlalchemy.engine.Engine BEGIN (implicit)
2026-08-04 07:56:13,295 INFO sqlalchemy.engine.Engine SELECT users.id AS users_id, users.username AS users_username, users.password AS users_password, users.email AS users_email, users.fullname AS users_fullname, users.create_day AS users_create_day, users.chat_id AS users_chat_id, users.is_active AS users_is_active, users.token_version AS users_token_version, users.role_id AS users_role_id, users.level_id AS users_level_id, users.tenant_id AS users_tenant_id, users.webphone_enabled AS users_webphone_enabled, users.sip_extension AS users_sip_extension, users.sip_username AS users_sip_username, users.sip_password AS users_sip_password, users.sip_domain AS users_sip_domain, users.sip_ws_server AS users_sip_ws_server, users.sip_port AS users_sip_port, users.sip_protocol AS users_sip_protocol, users.webphone_api_key AS users_webphone_api_key, users.webphone_process_id AS users_webphone_process_id, users.webphone_agent_id AS users_webphone_agent_id, users.call_recording_enabled AS users_call_recording_enabled, users.call_log_enabled AS users_call_log_enabled, users.meta_data AS users_meta_data 
FROM users 
WHERE users.id = $1::UUID
2026-08-04 07:56:13,296 INFO sqlalchemy.engine.Engine [cached since 3467s ago] (UUID('019fa30c-7688-7655-9977-81f7710449c0'),)
2026-08-04 07:56:13,298 INFO sqlalchemy.engine.Engine BEGIN (implicit)
2026-08-04 07:56:13,298 INFO sqlalchemy.engine.Engine SELECT users.id AS users_id, users.username AS users_username, users.password AS users_password, users.email AS users_email, users.fullname AS users_fullname, users.create_day AS users_create_day, users.chat_id AS users_chat_id, users.is_active AS users_is_active, users.token_version AS users_token_version, users.role_id AS users_role_id, users.level_id AS users_level_id, users.tenant_id AS users_tenant_id, users.webphone_enabled AS users_webphone_enabled, users.sip_extension AS users_sip_extension, users.sip_username AS users_sip_username, users.sip_password AS users_sip_password, users.sip_domain AS users_sip_domain, users.sip_ws_server AS users_sip_ws_server, users.sip_port AS users_sip_port, users.sip_protocol AS users_sip_protocol, users.webphone_api_key AS users_webphone_api_key, users.webphone_process_id AS users_webphone_process_id, users.webphone_agent_id AS users_webphone_agent_id, users.call_recording_enabled AS users_call_recording_enabled, users.call_log_enabled AS users_call_log_enabled, users.meta_data AS users_meta_data 
FROM users 
WHERE users.id = $1::UUID
2026-08-04 07:56:13,299 INFO sqlalchemy.engine.Engine [cached since 3467s ago] (UUID('019fa30c-7688-7655-9977-81f7710449c0'),)
2026-08-04 07:56:13,300 INFO sqlalchemy.engine.Engine BEGIN (implicit)
2026-08-04 07:56:13,301 INFO sqlalchemy.engine.Engine SELECT users.id AS users_id, users.username AS users_username, users.password AS users_password, users.email AS users_email, users.fullname AS users_fullname, users.create_day AS users_create_day, users.chat_id AS users_chat_id, users.is_active AS users_is_active, users.token_version AS users_token_version, users.role_id AS users_role_id, users.level_id AS users_level_id, users.tenant_id AS users_tenant_id, users.webphone_enabled AS users_webphone_enabled, users.sip_extension AS users_sip_extension, users.sip_username AS users_sip_username, users.sip_password AS users_sip_password, users.sip_domain AS users_sip_domain, users.sip_ws_server AS users_sip_ws_server, users.sip_port AS users_sip_port, users.sip_protocol AS users_sip_protocol, users.webphone_api_key AS users_webphone_api_key, users.webphone_process_id AS users_webphone_process_id, users.webphone_agent_id AS users_webphone_agent_id, users.call_recording_enabled AS users_call_recording_enabled, users.call_log_enabled AS users_call_log_enabled, users.meta_data AS users_meta_data 
FROM users 
WHERE users.id = $1::UUID
2026-08-04 07:56:13,301 INFO sqlalchemy.engine.Engine [cached since 3467s ago] (UUID('019fa30c-7688-7655-9977-81f7710449c0'),)
2026-08-04 07:56:13,302 INFO sqlalchemy.engine.Engine BEGIN (implicit)
2026-08-04 07:56:13,302 INFO sqlalchemy.engine.Engine SELECT users.id AS users_id, users.username AS users_username, users.password AS users_password, users.email AS users_email, users.fullname AS users_fullname, users.create_day AS users_create_day, users.chat_id AS users_chat_id, users.is_active AS users_is_active, users.token_version AS users_token_version, users.role_id AS users_role_id, users.level_id AS users_level_id, users.tenant_id AS users_tenant_id, users.webphone_enabled AS users_webphone_enabled, users.sip_extension AS users_sip_extension, users.sip_username AS users_sip_username, users.sip_password AS users_sip_password, users.sip_domain AS users_sip_domain, users.sip_ws_server AS users_sip_ws_server, users.sip_port AS users_sip_port, users.sip_protocol AS users_sip_protocol, users.webphone_api_key AS users_webphone_api_key, users.webphone_process_id AS users_webphone_process_id, users.webphone_agent_id AS users_webphone_agent_id, users.call_recording_enabled AS users_call_recording_enabled, users.call_log_enabled AS users_call_log_enabled, users.meta_data AS users_meta_data 
FROM users 
WHERE users.id = $1::UUID
2026-08-04 07:56:13,302 INFO sqlalchemy.engine.Engine [cached since 3467s ago] (UUID('019fa30c-7688-7655-9977-81f7710449c0'),)
2026-08-04 07:56:13,308 INFO sqlalchemy.engine.Engine SELECT levels.id AS levels_id, levels.name AS levels_name, levels.description AS levels_description, levels.level_order AS levels_level_order 
FROM levels 
WHERE levels.id IN ($1::UUID)
2026-08-04 07:56:13,309 INFO sqlalchemy.engine.Engine [cached since 1.159e+04s ago] (UUID('019fa30c-6e16-717f-8c8f-786905fd29ed'),)
2026-08-04 07:56:13,310 INFO sqlalchemy.engine.Engine SELECT levels.id AS levels_id, levels.name AS levels_name, levels.description AS levels_description, levels.level_order AS levels_level_order 
FROM levels 
WHERE levels.id IN ($1::UUID)
2026-08-04 07:56:13,310 INFO sqlalchemy.engine.Engine [cached since 1.159e+04s ago] (UUID('019fa30c-6e16-717f-8c8f-786905fd29ed'),)
2026-08-04 07:56:13,311 INFO sqlalchemy.engine.Engine SELECT levels.id AS levels_id, levels.name AS levels_name, levels.description AS levels_description, levels.level_order AS levels_level_order 
FROM levels 
WHERE levels.id IN ($1::UUID)
2026-08-04 07:56:13,311 INFO sqlalchemy.engine.Engine [cached since 1.159e+04s ago] (UUID('019fa30c-6e16-717f-8c8f-786905fd29ed'),)
2026-08-04 07:56:13,312 INFO sqlalchemy.engine.Engine SELECT levels.id AS levels_id, levels.name AS levels_name, levels.description AS levels_description, levels.level_order AS levels_level_order 
FROM levels 
WHERE levels.id IN ($1::UUID)
2026-08-04 07:56:13,312 INFO sqlalchemy.engine.Engine [cached since 1.159e+04s ago] (UUID('019fa30c-6e16-717f-8c8f-786905fd29ed'),)
2026-08-04 07:56:13,313 INFO sqlalchemy.engine.Engine SELECT roles.id AS roles_id, roles.name AS roles_name, roles.description AS roles_description, roles.role_order AS roles_role_order, roles.tenant_id AS roles_tenant_id, roles.is_active AS roles_is_active 
FROM roles 
WHERE roles.id IN ($1::UUID)
2026-08-04 07:56:13,313 INFO sqlalchemy.engine.Engine [cached since 1.159e+04s ago] (UUID('019fa30c-6dfa-76b9-a1ec-702518695e5a'),)
2026-08-04 07:56:13,314 INFO sqlalchemy.engine.Engine SELECT roles.id AS roles_id, roles.name AS roles_name, roles.description AS roles_description, roles.role_order AS roles_role_order, roles.tenant_id AS roles_tenant_id, roles.is_active AS roles_is_active 
FROM roles 
WHERE roles.id IN ($1::UUID)
2026-08-04 07:56:13,314 INFO sqlalchemy.engine.Engine [cached since 1.159e+04s ago] (UUID('019fa30c-6dfa-76b9-a1ec-702518695e5a'),)
2026-08-04 07:56:13,344 INFO sqlalchemy.engine.Engine SELECT roles.id AS roles_id, roles.name AS roles_name, roles.description AS roles_description, roles.role_order AS roles_role_order, roles.tenant_id AS roles_tenant_id, roles.is_active AS roles_is_active 
FROM roles 
WHERE roles.id IN ($1::UUID)
2026-08-04 07:56:13,344 INFO sqlalchemy.engine.Engine [cached since 1.159e+04s ago] (UUID('019fa30c-6dfa-76b9-a1ec-702518695e5a'),)
2026-08-04 07:56:13,345 INFO sqlalchemy.engine.Engine SELECT roles.id AS roles_id, roles.name AS roles_name, roles.description AS roles_description, roles.role_order AS roles_role_order, roles.tenant_id AS roles_tenant_id, roles.is_active AS roles_is_active 
FROM roles 
WHERE roles.id IN ($1::UUID)
2026-08-04 07:56:13,345 INFO sqlalchemy.engine.Engine [cached since 1.159e+04s ago] (UUID('019fa30c-6dfa-76b9-a1ec-702518695e5a'),)
2026-08-04 07:56:13,346 INFO sqlalchemy.engine.Engine SELECT users.is_active 
FROM users 
WHERE users.id = $1::UUID
2026-08-04 07:56:13,347 INFO sqlalchemy.engine.Engine [cached since 3467s ago] (UUID('019fa30c-7688-7655-9977-81f7710449c0'),)
2026-08-04 07:56:13,347 INFO sqlalchemy.engine.Engine SELECT users.is_active 
FROM users 
WHERE users.id = $1::UUID
2026-08-04 07:56:13,347 INFO sqlalchemy.engine.Engine [cached since 3467s ago] (UUID('019fa30c-7688-7655-9977-81f7710449c0'),)
2026-08-04 07:56:13,348 INFO sqlalchemy.engine.Engine SELECT users.is_active 
FROM users 
WHERE users.id = $1::UUID
2026-08-04 07:56:13,348 INFO sqlalchemy.engine.Engine [cached since 3467s ago] (UUID('019fa30c-7688-7655-9977-81f7710449c0'),)
2026-08-04 07:56:13,349 INFO sqlalchemy.engine.Engine SELECT users.is_active 
FROM users 
WHERE users.id = $1::UUID
2026-08-04 07:56:13,349 INFO sqlalchemy.engine.Engine [cached since 3467s ago] (UUID('019fa30c-7688-7655-9977-81f7710449c0'),)
2026-08-04 07:56:13,350 INFO sqlalchemy.engine.Engine SELECT users.role_id 
FROM users 
WHERE users.id = $1::UUID
2026-08-04 07:56:13,350 INFO sqlalchemy.engine.Engine [cached since 3467s ago] (UUID('019fa30c-7688-7655-9977-81f7710449c0'),)
2026-08-04 07:56:13,351 INFO sqlalchemy.engine.Engine SELECT users.role_id 
FROM users 
WHERE users.id = $1::UUID
2026-08-04 07:56:13,351 INFO sqlalchemy.engine.Engine [cached since 3467s ago] (UUID('019fa30c-7688-7655-9977-81f7710449c0'),)
2026-08-04 07:56:13,352 INFO sqlalchemy.engine.Engine SELECT users.role_id 
FROM users 
WHERE users.id = $1::UUID
2026-08-04 07:56:13,352 INFO sqlalchemy.engine.Engine [cached since 3467s ago] (UUID('019fa30c-7688-7655-9977-81f7710449c0'),)
2026-08-04 07:56:13,352 INFO sqlalchemy.engine.Engine SELECT users.role_id 
FROM users 
WHERE users.id = $1::UUID
2026-08-04 07:56:13,352 INFO sqlalchemy.engine.Engine [cached since 3467s ago] (UUID('019fa30c-7688-7655-9977-81f7710449c0'),)
2026-08-04 07:56:13,353 INFO sqlalchemy.engine.Engine SELECT permissions.name 
FROM permissions JOIN role_permissions ON role_permissions.permission_id = permissions.id 
WHERE role_permissions.role_id = $1::UUID
2026-08-04 07:56:13,354 INFO sqlalchemy.engine.Engine [cached since 3467s ago] (UUID('019fa30c-6dfa-76b9-a1ec-702518695e5a'),)
2026-08-04 07:56:13,354 INFO sqlalchemy.engine.Engine SELECT permissions.name 
FROM permissions JOIN role_permissions ON role_permissions.permission_id = permissions.id 
WHERE role_permissions.role_id = $1::UUID
2026-08-04 07:56:13,354 INFO sqlalchemy.engine.Engine [cached since 3467s ago] (UUID('019fa30c-6dfa-76b9-a1ec-702518695e5a'),)
2026-08-04 07:56:13,356 INFO sqlalchemy.engine.Engine SELECT permissions.name 
FROM permissions JOIN role_permissions ON role_permissions.permission_id = permissions.id 
WHERE role_permissions.role_id = $1::UUID
2026-08-04 07:56:13,356 INFO sqlalchemy.engine.Engine [cached since 3467s ago] (UUID('019fa30c-6dfa-76b9-a1ec-702518695e5a'),)
2026-08-04 07:56:13,356 INFO sqlalchemy.engine.Engine SELECT permissions.name 
FROM permissions JOIN role_permissions ON role_permissions.permission_id = permissions.id 
WHERE role_permissions.role_id = $1::UUID
2026-08-04 07:56:13,356 INFO sqlalchemy.engine.Engine [cached since 3467s ago] (UUID('019fa30c-6dfa-76b9-a1ec-702518695e5a'),)
2026-08-04 07:56:13,358 INFO sqlalchemy.engine.Engine SELECT users.id, users.username, users.password, users.email, users.fullname, users.create_day, users.chat_id, users.is_active, users.token_version, users.role_id, users.level_id, users.tenant_id, users.webphone_enabled, users.sip_extension, users.sip_username, users.sip_password, users.sip_domain, users.sip_ws_server, users.sip_port, users.sip_protocol, users.webphone_api_key, users.webphone_process_id, users.webphone_agent_id, users.call_recording_enabled, users.call_log_enabled, users.meta_data 
FROM users 
WHERE users.id = $1::UUID
2026-08-04 07:56:13,358 INFO sqlalchemy.engine.Engine [cached since 1.159e+04s ago] ('019fa30c-7688-7655-9977-81f7710449c0',)
2026-08-04 07:56:13,359 INFO sqlalchemy.engine.Engine SELECT users.id, users.username, users.password, users.email, users.fullname, users.create_day, users.chat_id, users.is_active, users.token_version, users.role_id, users.level_id, users.tenant_id, users.webphone_enabled, users.sip_extension, users.sip_username, users.sip_password, users.sip_domain, users.sip_ws_server, users.sip_port, users.sip_protocol, users.webphone_api_key, users.webphone_process_id, users.webphone_agent_id, users.call_recording_enabled, users.call_log_enabled, users.meta_data 
FROM users 
WHERE users.id = $1::UUID
2026-08-04 07:56:13,360 INFO sqlalchemy.engine.Engine [cached since 1.159e+04s ago] ('019fa30c-7688-7655-9977-81f7710449c0',)
2026-08-04 07:56:13,361 INFO sqlalchemy.engine.Engine SELECT users.id, users.username, users.password, users.email, users.fullname, users.create_day, users.chat_id, users.is_active, users.token_version, users.role_id, users.level_id, users.tenant_id, users.webphone_enabled, users.sip_extension, users.sip_username, users.sip_password, users.sip_domain, users.sip_ws_server, users.sip_port, users.sip_protocol, users.webphone_api_key, users.webphone_process_id, users.webphone_agent_id, users.call_recording_enabled, users.call_log_enabled, users.meta_data 
FROM users 
WHERE users.id = $1::UUID
2026-08-04 07:56:13,361 INFO sqlalchemy.engine.Engine [cached since 1.159e+04s ago] ('019fa30c-7688-7655-9977-81f7710449c0',)
2026-08-04 07:56:13,362 INFO sqlalchemy.engine.Engine SELECT users.id, users.username, users.password, users.email, users.fullname, users.create_day, users.chat_id, users.is_active, users.token_version, users.role_id, users.level_id, users.tenant_id, users.webphone_enabled, users.sip_extension, users.sip_username, users.sip_password, users.sip_domain, users.sip_ws_server, users.sip_port, users.sip_protocol, users.webphone_api_key, users.webphone_process_id, users.webphone_agent_id, users.call_recording_enabled, users.call_log_enabled, users.meta_data 
FROM users 
WHERE users.id = $1::UUID
2026-08-04 07:56:13,362 INFO sqlalchemy.engine.Engine [cached since 1.159e+04s ago] ('019fa30c-7688-7655-9977-81f7710449c0',)
2026-08-04 07:56:13,363 INFO sqlalchemy.engine.Engine SELECT levels.id AS levels_id, levels.name AS levels_name, levels.description AS levels_description, levels.level_order AS levels_level_order 
FROM levels 
WHERE levels.id IN ($1::UUID)
2026-08-04 07:56:13,363 INFO sqlalchemy.engine.Engine [cached since 1.159e+04s ago] (UUID('019fa30c-6e16-717f-8c8f-786905fd29ed'),)
2026-08-04 07:56:13,364 INFO sqlalchemy.engine.Engine SELECT levels.id AS levels_id, levels.name AS levels_name, levels.description AS levels_description, levels.level_order AS levels_level_order 
FROM levels 
WHERE levels.id IN ($1::UUID)
2026-08-04 07:56:13,364 INFO sqlalchemy.engine.Engine [cached since 1.159e+04s ago] (UUID('019fa30c-6e16-717f-8c8f-786905fd29ed'),)
2026-08-04 07:56:13,365 INFO sqlalchemy.engine.Engine SELECT levels.id AS levels_id, levels.name AS levels_name, levels.description AS levels_description, levels.level_order AS levels_level_order 
FROM levels 
WHERE levels.id IN ($1::UUID)
2026-08-04 07:56:13,366 INFO sqlalchemy.engine.Engine [cached since 1.159e+04s ago] (UUID('019fa30c-6e16-717f-8c8f-786905fd29ed'),)
2026-08-04 07:56:13,366 INFO sqlalchemy.engine.Engine SELECT levels.id AS levels_id, levels.name AS levels_name, levels.description AS levels_description, levels.level_order AS levels_level_order 
FROM levels 
WHERE levels.id IN ($1::UUID)
2026-08-04 07:56:13,366 INFO sqlalchemy.engine.Engine [cached since 1.159e+04s ago] (UUID('019fa30c-6e16-717f-8c8f-786905fd29ed'),)
2026-08-04 07:56:13,367 INFO sqlalchemy.engine.Engine SELECT roles.id AS roles_id, roles.name AS roles_name, roles.description AS roles_description, roles.role_order AS roles_role_order, roles.tenant_id AS roles_tenant_id, roles.is_active AS roles_is_active 
FROM roles 
WHERE roles.id IN ($1::UUID)
2026-08-04 07:56:13,368 INFO sqlalchemy.engine.Engine [cached since 1.159e+04s ago] (UUID('019fa30c-6dfa-76b9-a1ec-702518695e5a'),)
2026-08-04 07:56:13,368 INFO sqlalchemy.engine.Engine SELECT roles.id AS roles_id, roles.name AS roles_name, roles.description AS roles_description, roles.role_order AS roles_role_order, roles.tenant_id AS roles_tenant_id, roles.is_active AS roles_is_active 
FROM roles 
WHERE roles.id IN ($1::UUID)
2026-08-04 07:56:13,369 INFO sqlalchemy.engine.Engine [cached since 1.159e+04s ago] (UUID('019fa30c-6dfa-76b9-a1ec-702518695e5a'),)
2026-08-04 07:56:13,369 INFO sqlalchemy.engine.Engine BEGIN (implicit)
2026-08-04 07:56:13,369 INFO sqlalchemy.engine.Engine SELECT users.id AS users_id, users.username AS users_username, users.password AS users_password, users.email AS users_email, users.fullname AS users_fullname, users.create_day AS users_create_day, users.chat_id AS users_chat_id, users.is_active AS users_is_active, users.token_version AS users_token_version, users.role_id AS users_role_id, users.level_id AS users_level_id, users.tenant_id AS users_tenant_id, users.webphone_enabled AS users_webphone_enabled, users.sip_extension AS users_sip_extension, users.sip_username AS users_sip_username, users.sip_password AS users_sip_password, users.sip_domain AS users_sip_domain, users.sip_ws_server AS users_sip_ws_server, users.sip_port AS users_sip_port, users.sip_protocol AS users_sip_protocol, users.webphone_api_key AS users_webphone_api_key, users.webphone_process_id AS users_webphone_process_id, users.webphone_agent_id AS users_webphone_agent_id, users.call_recording_enabled AS users_call_recording_enabled, users.call_log_enabled AS users_call_log_enabled, users.meta_data AS users_meta_data 
FROM users 
WHERE users.id = $1::UUID
2026-08-04 07:56:13,369 INFO sqlalchemy.engine.Engine [cached since 3467s ago] (UUID('019fa30c-7688-7655-9977-81f7710449c0'),)
2026-08-04 07:56:13,371 INFO sqlalchemy.engine.Engine SELECT roles.id AS roles_id, roles.name AS roles_name, roles.description AS roles_description, roles.role_order AS roles_role_order, roles.tenant_id AS roles_tenant_id, roles.is_active AS roles_is_active 
FROM roles 
WHERE roles.id IN ($1::UUID)
2026-08-04 07:56:13,371 INFO sqlalchemy.engine.Engine [cached since 1.159e+04s ago] (UUID('019fa30c-6dfa-76b9-a1ec-702518695e5a'),)
2026-08-04 07:56:13,372 INFO sqlalchemy.engine.Engine SELECT roles.id AS roles_id, roles.name AS roles_name, roles.description AS roles_description, roles.role_order AS roles_role_order, roles.tenant_id AS roles_tenant_id, roles.is_active AS roles_is_active 
FROM roles 
WHERE roles.id IN ($1::UUID)
2026-08-04 07:56:13,372 INFO sqlalchemy.engine.Engine [cached since 1.159e+04s ago] (UUID('019fa30c-6dfa-76b9-a1ec-702518695e5a'),)
2026-08-04 07:56:13,373 INFO sqlalchemy.engine.Engine SELECT max(levels.level_order) AS max_1 
FROM levels
2026-08-04 07:56:13,373 INFO sqlalchemy.engine.Engine [cached since 3467s ago] ()
2026-08-04 07:56:13,374 INFO sqlalchemy.engine.Engine SELECT max(levels.level_order) AS max_1 
FROM levels
2026-08-04 07:56:13,374 INFO sqlalchemy.engine.Engine [cached since 3467s ago] ()
2026-08-04 07:56:13,376 INFO sqlalchemy.engine.Engine SELECT max(levels.level_order) AS max_1 
FROM levels
2026-08-04 07:56:13,376 INFO sqlalchemy.engine.Engine [cached since 3467s ago] ()
2026-08-04 07:56:13,377 INFO sqlalchemy.engine.Engine SELECT max(levels.level_order) AS max_1 
FROM levels
2026-08-04 07:56:13,377 INFO sqlalchemy.engine.Engine [cached since 3467s ago] ()
2026-08-04 07:56:13,377 INFO sqlalchemy.engine.Engine SELECT roles.id, roles.name, roles.description, roles.role_order, roles.tenant_id, roles.is_active 
FROM roles 
 LIMIT $1::INTEGER OFFSET $2::INTEGER
2026-08-04 07:56:13,378 INFO sqlalchemy.engine.Engine [cached since 3462s ago] (10, 0)
2026-08-04 07:56:13,379 INFO sqlalchemy.engine.Engine SELECT count(*) AS count_1 
FROM (SELECT tenant.id AS id, tenant.name AS name, tenant.description AS description, tenant.is_active AS is_active, tenant.partner_id AS partner_id, tenant.graph_id AS graph_id, tenant.agent_id AS agent_id, tenant.graph_activated AS graph_activated, tenant.meta_data AS meta_data, tenant.webcall_config AS webcall_config 
FROM tenant) AS anon_1
2026-08-04 07:56:13,379 INFO sqlalchemy.engine.Engine [generated in 0.00023s] ()
2026-08-04 07:56:13,381 INFO sqlalchemy.engine.Engine SELECT levels.level_order 
FROM levels 
WHERE levels.id = $1::UUID
2026-08-04 07:56:13,381 INFO sqlalchemy.engine.Engine [generated in 0.00022s] (UUID('019fa30c-6e16-717f-8c8f-786905fd29ed'),)
2026-08-04 07:56:13,382 INFO sqlalchemy.engine.Engine SELECT levels.level_order 
FROM levels 
WHERE levels.id = $1::UUID
2026-08-04 07:56:13,382 INFO sqlalchemy.engine.Engine [cached since 0.0009337s ago] (UUID('019fa30c-6e16-717f-8c8f-786905fd29ed'),)
2026-08-04 07:56:13,383 INFO sqlalchemy.engine.Engine SELECT users.role_id AS users_role_id, users.id AS users_id, users.username AS users_username, users.password AS users_password, users.email AS users_email, users.fullname AS users_fullname, users.create_day AS users_create_day, users.chat_id AS users_chat_id, users.is_active AS users_is_active, users.token_version AS users_token_version, users.level_id AS users_level_id, users.tenant_id AS users_tenant_id, users.webphone_enabled AS users_webphone_enabled, users.sip_extension AS users_sip_extension, users.sip_username AS users_sip_username, users.sip_password AS users_sip_password, users.sip_domain AS users_sip_domain, users.sip_ws_server AS users_sip_ws_server, users.sip_port AS users_sip_port, users.sip_protocol AS users_sip_protocol, users.webphone_api_key AS users_webphone_api_key, users.webphone_process_id AS users_webphone_process_id, users.webphone_agent_id AS users_webphone_agent_id, users.call_recording_enabled AS users_call_recording_enabled, users.call_log_enabled AS users_call_log_enabled, users.meta_data AS users_meta_data 
FROM users 
WHERE users.role_id IN ($1::UUID, $2::UUID)
2026-08-04 07:56:13,383 INFO sqlalchemy.engine.Engine [cached since 3462s ago] (UUID('019fa30c-6dfa-76b9-a1ec-702518695e5a'), UUID('019fa30c-6e0b-7f67-83ed-8ee35dc6de62'))
2026-08-04 07:56:13,385 INFO sqlalchemy.engine.Engine SELECT levels.id AS levels_id, levels.name AS levels_name, levels.description AS levels_description, levels.level_order AS levels_level_order 
FROM levels 
WHERE levels.id IN ($1::UUID, $2::UUID, $3::UUID)
2026-08-04 07:56:13,385 INFO sqlalchemy.engine.Engine [cached since 3462s ago] (UUID('019fa30c-6e16-717f-8c8f-786905fd29ed'), UUID('019fa30c-6e36-7603-8c1d-e0f1e1cdab60'), UUID('019fa30c-6e45-7de8-b19e-01532d8d61f7'))
2026-08-04 07:56:13,391 INFO sqlalchemy.engine.Engine SELECT users.id, users.username, users.password, users.email, users.fullname, users.create_day, users.chat_id, users.is_active, users.token_version, users.role_id, users.level_id, users.tenant_id, users.webphone_enabled, users.sip_extension, users.sip_username, users.sip_password, users.sip_domain, users.sip_ws_server, users.sip_port, users.sip_protocol, users.webphone_api_key, users.webphone_process_id, users.webphone_agent_id, users.call_recording_enabled, users.call_log_enabled, users.meta_data, roles_1.id AS id_1, roles_1.name, roles_1.description, roles_1.role_order, roles_1.tenant_id AS tenant_id_1, roles_1.is_active AS is_active_1, levels_1.id AS id_2, levels_1.name AS name_1, levels_1.description AS description_1, levels_1.level_order 
FROM users LEFT OUTER JOIN roles AS roles_1 ON roles_1.id = users.role_id LEFT OUTER JOIN levels AS levels_1 ON levels_1.id = users.level_id 
WHERE users.id != $1::UUID 
 LIMIT $2::INTEGER OFFSET $3::INTEGER
2026-08-04 07:56:13,391 INFO sqlalchemy.engine.Engine [generated in 0.00028s] (UUID('019fa30c-7688-7655-9977-81f7710449c0'), 10, 0)
2026-08-04 07:56:13,392 INFO sqlalchemy.engine.Engine SELECT levels.id, levels.name, levels.description, levels.level_order 
FROM levels 
 LIMIT $1::INTEGER OFFSET $2::INTEGER
2026-08-04 07:56:13,392 INFO sqlalchemy.engine.Engine [generated in 0.00022s] (10, 0)
2026-08-04 07:56:13,393 INFO sqlalchemy.engine.Engine SELECT levels.id AS levels_id, levels.name AS levels_name, levels.description AS levels_description, levels.level_order AS levels_level_order 
FROM levels 
WHERE levels.id IN ($1::UUID)
2026-08-04 07:56:13,393 INFO sqlalchemy.engine.Engine [cached since 1.159e+04s ago] (UUID('019fa30c-6e16-717f-8c8f-786905fd29ed'),)
2026-08-04 07:56:13,394 INFO sqlalchemy.engine.Engine SELECT count(*) AS count_1 
FROM roles
2026-08-04 07:56:13,395 INFO sqlalchemy.engine.Engine [cached since 3462s ago] ()
2026-08-04 07:56:13,397 INFO sqlalchemy.engine.Engine ROLLBACK
2026-08-04 07:56:13,399 INFO sqlalchemy.engine.Engine SELECT users.level_id AS users_level_id, users.id AS users_id, users.username AS users_username, users.password AS users_password, users.email AS users_email, users.fullname AS users_fullname, users.create_day AS users_create_day, users.chat_id AS users_chat_id, users.is_active AS users_is_active, users.token_version AS users_token_version, users.role_id AS users_role_id, users.tenant_id AS users_tenant_id, users.webphone_enabled AS users_webphone_enabled, users.sip_extension AS users_sip_extension, users.sip_username AS users_sip_username, users.sip_password AS users_sip_password, users.sip_domain AS users_sip_domain, users.sip_ws_server AS users_sip_ws_server, users.sip_port AS users_sip_port, users.sip_protocol AS users_sip_protocol, users.webphone_api_key AS users_webphone_api_key, users.webphone_process_id AS users_webphone_process_id, users.webphone_agent_id AS users_webphone_agent_id, users.call_recording_enabled AS users_call_recording_enabled, users.call_log_enabled AS users_call_log_enabled, users.meta_data AS users_meta_data 
FROM users 
WHERE users.level_id IN ($1::UUID, $2::UUID, $3::UUID, $4::UUID)
2026-08-04 07:56:13,399 INFO sqlalchemy.engine.Engine [generated in 0.00032s] (UUID('019fa30c-6e16-717f-8c8f-786905fd29ed'), UUID('019fa30c-6e36-7603-8c1d-e0f1e1cdab60'), UUID('019fa30c-6e3e-7446-a1d0-fc230f1add53'), UUID('019fa30c-6e45-7de8-b19e-01532d8d61f7'))
2026-08-04 07:56:13,400 INFO sqlalchemy.engine.Engine SELECT roles.id AS roles_id, roles.name AS roles_name, roles.description AS roles_description, roles.role_order AS roles_role_order, roles.tenant_id AS roles_tenant_id, roles.is_active AS roles_is_active 
FROM roles 
WHERE roles.id IN ($1::UUID)
2026-08-04 07:56:13,400 INFO sqlalchemy.engine.Engine [cached since 1.159e+04s ago] (UUID('019fa30c-6dfa-76b9-a1ec-702518695e5a'),)
2026-08-04 07:56:13,402 INFO sqlalchemy.engine.Engine SELECT count(*) AS count_1 
FROM users 
WHERE users.id != $1::UUID
2026-08-04 07:56:13,402 INFO sqlalchemy.engine.Engine [generated in 0.00022s] (UUID('019fa30c-7688-7655-9977-81f7710449c0'),)
2026-08-04 07:56:13,403 INFO sqlalchemy.engine.Engine SELECT tenant.id, tenant.name, tenant.description, tenant.is_active, tenant.partner_id, tenant.graph_id, tenant.agent_id, tenant.graph_activated, tenant.meta_data, tenant.webcall_config 
FROM tenant 
 LIMIT $1::INTEGER OFFSET $2::INTEGER
2026-08-04 07:56:13,404 INFO sqlalchemy.engine.Engine [generated in 0.00023s] (100, 0)
2026-08-04 07:56:13,407 INFO sqlalchemy.engine.Engine SELECT users.id, permissions.name 
FROM users JOIN roles ON users.role_id = roles.id JOIN role_permissions ON roles.id = role_permissions.role_id JOIN permissions ON role_permissions.permission_id = permissions.id 
WHERE users.id IN ($1::UUID, $2::UUID)
2026-08-04 07:56:13,407 INFO sqlalchemy.engine.Engine [generated in 0.00029s] (UUID('019fabc8-c605-7fe1-975b-4813389b83d7'), UUID('019fa30c-7aa9-7844-aab2-2161a8653b7e'))
2026-08-04 07:56:13,409 INFO sqlalchemy.engine.Engine SELECT roles.id AS roles_id, roles.name AS roles_name, roles.description AS roles_description, roles.role_order AS roles_role_order, roles.tenant_id AS roles_tenant_id, roles.is_active AS roles_is_active 
FROM roles 
WHERE roles.id IN ($1::UUID, $2::UUID)
2026-08-04 07:56:13,409 INFO sqlalchemy.engine.Engine [generated in 0.00026s] (UUID('019fa30c-6dfa-76b9-a1ec-702518695e5a'), UUID('019fa30c-6e0b-7f67-83ed-8ee35dc6de62'))
2026-08-04 07:56:13,410 INFO sqlalchemy.engine.Engine SELECT users.is_active 
FROM users 
WHERE users.id = $1::UUID
2026-08-04 07:56:13,410 INFO sqlalchemy.engine.Engine [cached since 3467s ago] (UUID('019fa30c-7688-7655-9977-81f7710449c0'),)
INFO:     222.252.26.190:0 - "GET /api/v1/roles HTTP/1.1" 200 OK
2026-08-04 07:56:13,412 INFO sqlalchemy.engine.Engine ROLLBACK
2026-08-04 07:56:13,415 INFO sqlalchemy.engine.Engine ROLLBACK
2026-08-04 07:56:13,416 INFO sqlalchemy.engine.Engine SELECT users.role_id 
FROM users 
WHERE users.id = $1::UUID
2026-08-04 07:56:13,416 INFO sqlalchemy.engine.Engine [cached since 3467s ago] (UUID('019fa30c-7688-7655-9977-81f7710449c0'),)
2026-08-04 07:56:13,418 INFO sqlalchemy.engine.Engine SELECT count(*) AS count_1 
FROM levels
2026-08-04 07:56:13,418 INFO sqlalchemy.engine.Engine [generated in 0.00022s] ()
INFO:     222.252.26.190:0 - "GET /api/v1/tenants?page=1&page_size=100 HTTP/1.1" 200 OK
2026-08-04 07:56:13,420 INFO sqlalchemy.engine.Engine SELECT permissions.name 
FROM permissions JOIN role_permissions ON role_permissions.permission_id = permissions.id 
WHERE role_permissions.role_id = $1::UUID
2026-08-04 07:56:13,420 INFO sqlalchemy.engine.Engine [cached since 3467s ago] (UUID('019fa30c-6dfa-76b9-a1ec-702518695e5a'),)
2026-08-04 07:56:13,421 INFO sqlalchemy.engine.Engine ROLLBACK
INFO:     222.252.26.190:0 - "GET /api/v1/user/all?page=1&page_size=10 HTTP/1.1" 200 OK
INFO:     222.252.26.190:0 - "GET /api/v1/levels HTTP/1.1" 200 OK
2026-08-04 07:56:13,424 INFO sqlalchemy.engine.Engine SELECT users.id, users.username, users.password, users.email, users.fullname, users.create_day, users.chat_id, users.is_active, users.token_version, users.role_id, users.level_id, users.tenant_id, users.webphone_enabled, users.sip_extension, users.sip_username, users.sip_password, users.sip_domain, users.sip_ws_server, users.sip_port, users.sip_protocol, users.webphone_api_key, users.webphone_process_id, users.webphone_agent_id, users.call_recording_enabled, users.call_log_enabled, users.meta_data, roles_1.id AS id_1, roles_1.name, roles_1.description, roles_1.role_order, roles_1.tenant_id AS tenant_id_1, roles_1.is_active AS is_active_1, levels_1.id AS id_2, levels_1.name AS name_1, levels_1.description AS description_1, levels_1.level_order 
FROM users LEFT OUTER JOIN roles AS roles_1 ON roles_1.id = users.role_id LEFT OUTER JOIN levels AS levels_1 ON levels_1.id = users.level_id 
WHERE users.id = $1::UUID
2026-08-04 07:56:13,424 INFO sqlalchemy.engine.Engine [cached since 3467s ago] (UUID('019fa30c-7688-7655-9977-81f7710449c0'),)
2026-08-04 07:56:13,427 INFO sqlalchemy.engine.Engine SELECT permissions.name 
FROM permissions JOIN role_permissions ON permissions.id = role_permissions.permission_id JOIN roles ON role_permissions.role_id = roles.id JOIN users ON users.role_id = roles.id 
WHERE users.id = $1::UUID
2026-08-04 07:56:13,427 INFO sqlalchemy.engine.Engine [cached since 3467s ago] (UUID('019fa30c-7688-7655-9977-81f7710449c0'),)
Check result: ['view_users', 'current_user', 'delete_users', 'create_users', 'edit_users', 'view_user_groups', 'edit_roles', 'view_roles', 'delete_roles', 'create_roles', 'view_permissions', 'edit_permissions', 'delete_permissions', 'create_permissions', 'assign_permissions_to_role', 'delete_permission_from_role', 'view_logs', 'view_levels', 'create_level', 'edit_level', 'delete_level', 'view_departments', 'create_department', 'edit_department', 'delete_department', 'view_groups', 'create_group', 'edit_group', 'delete_group', 'assign_user_to_group', 'delete_user_group', 'view_role_permissions_by_role_id', 'view_tags', 'view_tag_by_id', 'create_tag', 'edit_tag', 'delete_tag', 'view_tickets', 'create_ticket', 'edit_ticket', 'delete_ticket', 'assign_ticket', 'view_ticket_events', 'create_ticket_event', 'edit_ticket_event', 'delete_ticket_event', 'view_ticket_templates', 'create_ticket_template', 'edit_ticket_template', 'delete_ticket_template', 'view_ticket_contexts', 'create_ticket_context', 'edit_ticket_context', 'delete_ticket_context', 'view_ticket_extensions', 'create_ticket_extension', 'edit_ticket_extension', 'delete_ticket_extension', 'view_ticket_flows', 'view_ticket_flow_by_id', 'create_ticket_flow', 'edit_ticket_flow', 'delete_ticket_flow', 'view_ticket_flow_instances', 'view_ticket_flow_instance_by_id', 'create_ticket_flow_instance', 'edit_ticket_flow_instance', 'delete_ticket_flow_instance', 'view_ticket_flow_steps', 'view_ticket_flow_step_by_id', 'create_ticket_flow_step', 'edit_ticket_flow_step', 'delete_ticket_flow_step', 'view_customers', 'view_customer_by_id', 'create_customer', 'edit_customer', 'delete_customer', 'view_customer_provided_info', 'create_customer_provided_info', 'edit_customer_provided_info', 'delete_customer_provided_info', 'view_tenants', 'create_tenant', 'edit_tenant', 'delete_tenant', 'view_level_by_id', 'view_department_by_id', 'view_group_by_id', 'view_group_detail_by_id', 'view_messaging_accounts', 'create_messaging_account', 'edit_messaging_account', 'delete_messaging_account', 'sync_messaging_integration', 'view_messaging_conversations', 'create_messaging_conversation', 'edit_messaging_conversation', 'delete_messaging_conversation', 'send_messaging_message', 'delete_messaging_message', 'assign_messaging_conversation', 'view_messaging_inboxes', 'create_messaging_inbox', 'edit_messaging_inbox', 'manage_messaging_inbox_members', 'view_messaging_labels', 'create_messaging_label', 'delete_messaging_label', 'bulk_messaging_actions', 'view_messaging_custom_filters', 'create_messaging_custom_filter', 'edit_messaging_custom_filter', 'delete_messaging_custom_filter', 'view_messaging_agents', 'create_messaging_agent', 'edit_messaging_agent', 'delete_messaging_agent', 'view_messaging_teams', 'create_messaging_team', 'edit_messaging_team', 'delete_messaging_team', 'manage_messaging_team_members', 'view_messaging_agent_bots', 'create_messaging_agent_bot', 'edit_messaging_agent_bot', 'delete_messaging_agent_bot', 'view_messaging_users', 'create_messaging_user', 'edit_messaging_user', 'delete_messaging_user']
2026-08-04 07:56:13,430 INFO sqlalchemy.engine.Engine SELECT tenant.id AS tenant_id, tenant.name AS tenant_name, tenant.description AS tenant_description, tenant.is_active AS tenant_is_active, tenant.partner_id AS tenant_partner_id, tenant.graph_id AS tenant_graph_id, tenant.agent_id AS tenant_agent_id, tenant.graph_activated AS tenant_graph_activated, tenant.meta_data AS tenant_meta_data, tenant.webcall_config AS tenant_webcall_config 
FROM tenant 
WHERE tenant.id = $1::UUID
2026-08-04 07:56:13,430 INFO sqlalchemy.engine.Engine [cached since 3467s ago] (UUID('019fa30c-6ba1-7ebf-923c-5c1e2b5a953c'),)
2026-08-04 07:56:13,432 INFO sqlalchemy.engine.Engine ROLLBACK
INFO:     222.252.26.190:0 - "GET /api/v1/user/current HTTP/1.1" 200 OK
INFO:     222.252.26.190:0 - "OPTIONS /api/v1/tags?tag_type=customer HTTP/1.1" 200 OK
INFO:     222.252.26.190:0 - "OPTIONS /api/v1/customers?page=1&page_size=10 HTTP/1.1" 200 OK
2026-08-04 07:56:22,509 INFO sqlalchemy.engine.Engine BEGIN (implicit)
2026-08-04 07:56:22,510 INFO sqlalchemy.engine.Engine SELECT users.id, users.username, users.password, users.email, users.fullname, users.create_day, users.chat_id, users.is_active, users.token_version, users.role_id, users.level_id, users.tenant_id, users.webphone_enabled, users.sip_extension, users.sip_username, users.sip_password, users.sip_domain, users.sip_ws_server, users.sip_port, users.sip_protocol, users.webphone_api_key, users.webphone_process_id, users.webphone_agent_id, users.call_recording_enabled, users.call_log_enabled, users.meta_data 
FROM users 
WHERE users.id = $1::UUID
2026-08-04 07:56:22,510 INFO sqlalchemy.engine.Engine [cached since 1.159e+04s ago] ('019fa30c-7688-7655-9977-81f7710449c0',)
2026-08-04 07:56:22,513 INFO sqlalchemy.engine.Engine BEGIN (implicit)
2026-08-04 07:56:22,513 INFO sqlalchemy.engine.Engine SELECT users.id, users.username, users.password, users.email, users.fullname, users.create_day, users.chat_id, users.is_active, users.token_version, users.role_id, users.level_id, users.tenant_id, users.webphone_enabled, users.sip_extension, users.sip_username, users.sip_password, users.sip_domain, users.sip_ws_server, users.sip_port, users.sip_protocol, users.webphone_api_key, users.webphone_process_id, users.webphone_agent_id, users.call_recording_enabled, users.call_log_enabled, users.meta_data 
FROM users 
WHERE users.id = $1::UUID
2026-08-04 07:56:22,513 INFO sqlalchemy.engine.Engine [cached since 1.159e+04s ago] ('019fa30c-7688-7655-9977-81f7710449c0',)
2026-08-04 07:56:22,518 INFO sqlalchemy.engine.Engine SELECT levels.id AS levels_id, levels.name AS levels_name, levels.description AS levels_description, levels.level_order AS levels_level_order 
FROM levels 
WHERE levels.id IN ($1::UUID)
2026-08-04 07:56:22,518 INFO sqlalchemy.engine.Engine [cached since 1.159e+04s ago] (UUID('019fa30c-6e16-717f-8c8f-786905fd29ed'),)
2026-08-04 07:56:22,519 INFO sqlalchemy.engine.Engine SELECT levels.id AS levels_id, levels.name AS levels_name, levels.description AS levels_description, levels.level_order AS levels_level_order 
FROM levels 
WHERE levels.id IN ($1::UUID)
2026-08-04 07:56:22,520 INFO sqlalchemy.engine.Engine [cached since 1.159e+04s ago] (UUID('019fa30c-6e16-717f-8c8f-786905fd29ed'),)
2026-08-04 07:56:22,521 INFO sqlalchemy.engine.Engine SELECT roles.id AS roles_id, roles.name AS roles_name, roles.description AS roles_description, roles.role_order AS roles_role_order, roles.tenant_id AS roles_tenant_id, roles.is_active AS roles_is_active 
FROM roles 
WHERE roles.id IN ($1::UUID)
2026-08-04 07:56:22,521 INFO sqlalchemy.engine.Engine [cached since 1.159e+04s ago] (UUID('019fa30c-6dfa-76b9-a1ec-702518695e5a'),)
2026-08-04 07:56:22,522 INFO sqlalchemy.engine.Engine SELECT roles.id AS roles_id, roles.name AS roles_name, roles.description AS roles_description, roles.role_order AS roles_role_order, roles.tenant_id AS roles_tenant_id, roles.is_active AS roles_is_active 
FROM roles 
WHERE roles.id IN ($1::UUID)
2026-08-04 07:56:22,522 INFO sqlalchemy.engine.Engine [cached since 1.159e+04s ago] (UUID('019fa30c-6dfa-76b9-a1ec-702518695e5a'),)
2026-08-04 07:56:22,523 INFO sqlalchemy.engine.Engine SELECT users.is_active 
FROM users 
WHERE users.id = $1::UUID
2026-08-04 07:56:22,523 INFO sqlalchemy.engine.Engine [cached since 3476s ago] (UUID('019fa30c-7688-7655-9977-81f7710449c0'),)
2026-08-04 07:56:22,525 INFO sqlalchemy.engine.Engine SELECT users.is_active 
FROM users 
WHERE users.id = $1::UUID
2026-08-04 07:56:22,525 INFO sqlalchemy.engine.Engine [cached since 3476s ago] (UUID('019fa30c-7688-7655-9977-81f7710449c0'),)
2026-08-04 07:56:22,526 INFO sqlalchemy.engine.Engine SELECT users.role_id 
FROM users 
WHERE users.id = $1::UUID
2026-08-04 07:56:22,526 INFO sqlalchemy.engine.Engine [cached since 3476s ago] (UUID('019fa30c-7688-7655-9977-81f7710449c0'),)
2026-08-04 07:56:22,527 INFO sqlalchemy.engine.Engine SELECT users.role_id 
FROM users 
WHERE users.id = $1::UUID
2026-08-04 07:56:22,527 INFO sqlalchemy.engine.Engine [cached since 3476s ago] (UUID('019fa30c-7688-7655-9977-81f7710449c0'),)
2026-08-04 07:56:22,528 INFO sqlalchemy.engine.Engine SELECT permissions.name 
FROM permissions JOIN role_permissions ON role_permissions.permission_id = permissions.id 
WHERE role_permissions.role_id = $1::UUID
2026-08-04 07:56:22,528 INFO sqlalchemy.engine.Engine [cached since 3476s ago] (UUID('019fa30c-6dfa-76b9-a1ec-702518695e5a'),)
2026-08-04 07:56:22,529 INFO sqlalchemy.engine.Engine SELECT permissions.name 
FROM permissions JOIN role_permissions ON role_permissions.permission_id = permissions.id 
WHERE role_permissions.role_id = $1::UUID
2026-08-04 07:56:22,529 INFO sqlalchemy.engine.Engine [cached since 3476s ago] (UUID('019fa30c-6dfa-76b9-a1ec-702518695e5a'),)
2026-08-04 07:56:22,530 INFO sqlalchemy.engine.Engine SELECT max(levels.level_order) AS max_1 
FROM levels
2026-08-04 07:56:22,530 INFO sqlalchemy.engine.Engine [cached since 3476s ago] ()
2026-08-04 07:56:22,531 INFO sqlalchemy.engine.Engine SELECT max(levels.level_order) AS max_1 
FROM levels
2026-08-04 07:56:22,531 INFO sqlalchemy.engine.Engine [cached since 3476s ago] ()
2026-08-04 07:56:22,532 INFO sqlalchemy.engine.Engine SELECT levels.level_order 
FROM levels 
WHERE levels.id = $1::UUID
2026-08-04 07:56:22,532 INFO sqlalchemy.engine.Engine [cached since 9.151s ago] (UUID('019fa30c-6e16-717f-8c8f-786905fd29ed'),)
2026-08-04 07:56:22,534 INFO sqlalchemy.engine.Engine SELECT count(*) AS count_1 
FROM (SELECT tags.id AS id, tags.name AS name, tags.description AS description, tags.color AS color, tags.type AS type, tags.created_at AS created_at, tags.updated_at AS updated_at, tags.tenant_id AS tenant_id, tags.is_active AS is_active 
FROM tags 
WHERE tags.type = $1::tagtype ORDER BY tags.name ASC) AS anon_1
2026-08-04 07:56:22,534 INFO sqlalchemy.engine.Engine [generated in 0.00016s] ('CUSTOMER',)
2026-08-04 07:56:22,537 INFO sqlalchemy.engine.Engine SELECT count(*) AS count_1 
FROM (SELECT customers.id AS id, customers.name AS name, customers.phone AS phone, customers.email AS email, customers.tenant_id AS tenant_id, customers.created_by AS created_by, customers.created_at AS created_at, customers.updated_at AS updated_at, customers.meta_data AS meta_data, customers.is_active AS is_active 
FROM customers ORDER BY customers.created_at DESC) AS anon_1
2026-08-04 07:56:22,537 INFO sqlalchemy.engine.Engine [generated in 0.00014s] ()
2026-08-04 07:56:22,540 INFO sqlalchemy.engine.Engine SELECT customers.id, customers.name, customers.phone, customers.email, customers.tenant_id, customers.created_by, customers.created_at, customers.updated_at, customers.meta_data, customers.is_active 
FROM customers ORDER BY customers.created_at DESC 
 LIMIT $1::INTEGER OFFSET $2::INTEGER
2026-08-04 07:56:22,540 INFO sqlalchemy.engine.Engine [generated in 0.00015s] (10, 0)
2026-08-04 07:56:22,544 INFO sqlalchemy.engine.Engine SELECT customers_1.id AS customers_1_id, tags.id AS tags_id, tags.name AS tags_name, tags.description AS tags_description, tags.color AS tags_color, tags.type AS tags_type, tags.created_at AS tags_created_at, tags.updated_at AS tags_updated_at, tags.tenant_id AS tags_tenant_id, tags.is_active AS tags_is_active 
FROM customers AS customers_1 JOIN customer_tags AS customer_tags_1 ON customers_1.id = customer_tags_1.customer_id JOIN tags ON tags.id = customer_tags_1.tag_id 
WHERE customers_1.id IN ($1::UUID)
2026-08-04 07:56:22,544 INFO sqlalchemy.engine.Engine [generated in 0.00021s] (UUID('019fb652-2842-7e6b-86e1-aee790b4ede9'),)
2026-08-04 07:56:22,557 INFO sqlalchemy.engine.Engine SELECT tags.id, tags.name, tags.description, tags.color, tags.type, tags.created_at, tags.updated_at, tags.tenant_id, tags.is_active 
FROM tags 
WHERE tags.type = $1::tagtype ORDER BY tags.name ASC 
 LIMIT $2::INTEGER OFFSET $3::INTEGER
2026-08-04 07:56:22,558 INFO sqlalchemy.engine.Engine [generated in 0.00076s] ('CUSTOMER', 10, 0)
2026-08-04 07:56:22,560 INFO sqlalchemy.engine.Engine ROLLBACK
2026-08-04 07:56:22,562 INFO sqlalchemy.engine.Engine ROLLBACK
INFO:     222.252.26.190:0 - "GET /api/v1/tags?tag_type=customer HTTP/1.1" 200 OK
INFO:     222.252.26.190:0 - "GET /api/v1/customers?page=1&page_size=10 HTTP/1.1" 200 OK
INFO:     222.252.26.190:0 - "OPTIONS /api/v1/tags?page=1&page_size=100 HTTP/1.1" 200 OK
INFO:     222.252.26.190:0 - "OPTIONS /api/v1/tickets?page=1&page_size=10 HTTP/1.1" 200 OK
2026-08-04 07:56:27,069 INFO sqlalchemy.engine.Engine BEGIN (implicit)
2026-08-04 07:56:27,070 INFO sqlalchemy.engine.Engine SELECT users.id, users.username, users.password, users.email, users.fullname, users.create_day, users.chat_id, users.is_active, users.token_version, users.role_id, users.level_id, users.tenant_id, users.webphone_enabled, users.sip_extension, users.sip_username, users.sip_password, users.sip_domain, users.sip_ws_server, users.sip_port, users.sip_protocol, users.webphone_api_key, users.webphone_process_id, users.webphone_agent_id, users.call_recording_enabled, users.call_log_enabled, users.meta_data 
FROM users 
WHERE users.id = $1::UUID
2026-08-04 07:56:27,070 INFO sqlalchemy.engine.Engine [cached since 1.16e+04s ago] ('019fa30c-7688-7655-9977-81f7710449c0',)
2026-08-04 07:56:27,072 INFO sqlalchemy.engine.Engine BEGIN (implicit)
2026-08-04 07:56:27,072 INFO sqlalchemy.engine.Engine SELECT users.id, users.username, users.password, users.email, users.fullname, users.create_day, users.chat_id, users.is_active, users.token_version, users.role_id, users.level_id, users.tenant_id, users.webphone_enabled, users.sip_extension, users.sip_username, users.sip_password, users.sip_domain, users.sip_ws_server, users.sip_port, users.sip_protocol, users.webphone_api_key, users.webphone_process_id, users.webphone_agent_id, users.call_recording_enabled, users.call_log_enabled, users.meta_data 
FROM users 
WHERE users.id = $1::UUID
2026-08-04 07:56:27,073 INFO sqlalchemy.engine.Engine [cached since 1.16e+04s ago] ('019fa30c-7688-7655-9977-81f7710449c0',)
2026-08-04 07:56:27,076 INFO sqlalchemy.engine.Engine SELECT levels.id AS levels_id, levels.name AS levels_name, levels.description AS levels_description, levels.level_order AS levels_level_order 
FROM levels 
WHERE levels.id IN ($1::UUID)
2026-08-04 07:56:27,076 INFO sqlalchemy.engine.Engine [cached since 1.16e+04s ago] (UUID('019fa30c-6e16-717f-8c8f-786905fd29ed'),)
2026-08-04 07:56:27,077 INFO sqlalchemy.engine.Engine SELECT levels.id AS levels_id, levels.name AS levels_name, levels.description AS levels_description, levels.level_order AS levels_level_order 
FROM levels 
WHERE levels.id IN ($1::UUID)
2026-08-04 07:56:27,077 INFO sqlalchemy.engine.Engine [cached since 1.16e+04s ago] (UUID('019fa30c-6e16-717f-8c8f-786905fd29ed'),)
2026-08-04 07:56:27,078 INFO sqlalchemy.engine.Engine SELECT roles.id AS roles_id, roles.name AS roles_name, roles.description AS roles_description, roles.role_order AS roles_role_order, roles.tenant_id AS roles_tenant_id, roles.is_active AS roles_is_active 
FROM roles 
WHERE roles.id IN ($1::UUID)
2026-08-04 07:56:27,078 INFO sqlalchemy.engine.Engine [cached since 1.16e+04s ago] (UUID('019fa30c-6dfa-76b9-a1ec-702518695e5a'),)
2026-08-04 07:56:27,079 INFO sqlalchemy.engine.Engine SELECT roles.id AS roles_id, roles.name AS roles_name, roles.description AS roles_description, roles.role_order AS roles_role_order, roles.tenant_id AS roles_tenant_id, roles.is_active AS roles_is_active 
FROM roles 
WHERE roles.id IN ($1::UUID)
2026-08-04 07:56:27,079 INFO sqlalchemy.engine.Engine [cached since 1.16e+04s ago] (UUID('019fa30c-6dfa-76b9-a1ec-702518695e5a'),)
2026-08-04 07:56:27,081 INFO sqlalchemy.engine.Engine SELECT users.is_active 
FROM users 
WHERE users.id = $1::UUID
2026-08-04 07:56:27,081 INFO sqlalchemy.engine.Engine [cached since 3481s ago] (UUID('019fa30c-7688-7655-9977-81f7710449c0'),)
2026-08-04 07:56:27,082 INFO sqlalchemy.engine.Engine SELECT users.is_active 
FROM users 
WHERE users.id = $1::UUID
2026-08-04 07:56:27,082 INFO sqlalchemy.engine.Engine [cached since 3481s ago] (UUID('019fa30c-7688-7655-9977-81f7710449c0'),)
2026-08-04 07:56:27,083 INFO sqlalchemy.engine.Engine SELECT users.role_id 
FROM users 
WHERE users.id = $1::UUID
2026-08-04 07:56:27,083 INFO sqlalchemy.engine.Engine [cached since 3481s ago] (UUID('019fa30c-7688-7655-9977-81f7710449c0'),)
2026-08-04 07:56:27,083 INFO sqlalchemy.engine.Engine SELECT users.role_id 
FROM users 
WHERE users.id = $1::UUID
2026-08-04 07:56:27,084 INFO sqlalchemy.engine.Engine [cached since 3481s ago] (UUID('019fa30c-7688-7655-9977-81f7710449c0'),)
2026-08-04 07:56:27,084 INFO sqlalchemy.engine.Engine SELECT permissions.name 
FROM permissions JOIN role_permissions ON role_permissions.permission_id = permissions.id 
WHERE role_permissions.role_id = $1::UUID
2026-08-04 07:56:27,084 INFO sqlalchemy.engine.Engine [cached since 3481s ago] (UUID('019fa30c-6dfa-76b9-a1ec-702518695e5a'),)
2026-08-04 07:56:27,085 INFO sqlalchemy.engine.Engine SELECT permissions.name 
FROM permissions JOIN role_permissions ON role_permissions.permission_id = permissions.id 
WHERE role_permissions.role_id = $1::UUID
2026-08-04 07:56:27,085 INFO sqlalchemy.engine.Engine [cached since 3481s ago] (UUID('019fa30c-6dfa-76b9-a1ec-702518695e5a'),)
2026-08-04 07:56:27,086 INFO sqlalchemy.engine.Engine SELECT max(levels.level_order) AS max_1 
FROM levels
2026-08-04 07:56:27,086 INFO sqlalchemy.engine.Engine [cached since 3480s ago] ()
2026-08-04 07:56:27,087 INFO sqlalchemy.engine.Engine SELECT max(levels.level_order) AS max_1 
FROM levels
2026-08-04 07:56:27,087 INFO sqlalchemy.engine.Engine [cached since 3480s ago] ()
2026-08-04 07:56:27,088 INFO sqlalchemy.engine.Engine SELECT count(*) AS count_1 
FROM (SELECT tags.id AS id, tags.name AS name, tags.description AS description, tags.color AS color, tags.type AS type, tags.created_at AS created_at, tags.updated_at AS updated_at, tags.tenant_id AS tenant_id, tags.is_active AS is_active 
FROM tags ORDER BY tags.name ASC) AS anon_1
2026-08-04 07:56:27,088 INFO sqlalchemy.engine.Engine [generated in 0.00014s] ()
2026-08-04 07:56:27,090 INFO sqlalchemy.engine.Engine SELECT count(*) AS count_1 
FROM (SELECT tickets.id AS id, tickets.tenant_id AS tenant_id, tickets.code AS code, tickets.title AS title, tickets.description AS description, tickets.status AS status, tickets.priority AS priority, tickets.template_id AS template_id, tickets.flow_id AS flow_id, tickets.sla_id AS sla_id, tickets.created_by AS created_by, tickets.assigned_to AS assigned_to, tickets.created_at AS created_at, tickets.closed_at AS closed_at 
FROM tickets) AS anon_1
2026-08-04 07:56:27,091 INFO sqlalchemy.engine.Engine [generated in 0.00016s] ()
2026-08-04 07:56:27,093 INFO sqlalchemy.engine.Engine SELECT tags.id, tags.name, tags.description, tags.color, tags.type, tags.created_at, tags.updated_at, tags.tenant_id, tags.is_active 
FROM tags ORDER BY tags.name ASC 
 LIMIT $1::INTEGER OFFSET $2::INTEGER
2026-08-04 07:56:27,093 INFO sqlalchemy.engine.Engine [generated in 0.00015s] (100, 0)
2026-08-04 07:56:27,096 INFO sqlalchemy.engine.Engine SELECT tickets.id, tickets.tenant_id, tickets.code, tickets.title, tickets.description, tickets.status, tickets.priority, tickets.template_id, tickets.flow_id, tickets.sla_id, tickets.created_by, tickets.assigned_to, tickets.created_at, tickets.closed_at 
FROM tickets ORDER BY tickets.created_at DESC 
 LIMIT $1::INTEGER OFFSET $2::INTEGER
2026-08-04 07:56:27,096 INFO sqlalchemy.engine.Engine [generated in 0.00017s] (10, 0)
2026-08-04 07:56:27,109 INFO sqlalchemy.engine.Engine SELECT ticket_templates.id AS ticket_templates_id, ticket_templates.tenant_id AS ticket_templates_tenant_id, ticket_templates.name AS ticket_templates_name, ticket_templates.description AS ticket_templates_description, ticket_templates.flow_id AS ticket_templates_flow_id, ticket_templates.sla_id AS ticket_templates_sla_id, ticket_templates.extension_schema AS ticket_templates_extension_schema, ticket_templates.is_active AS ticket_templates_is_active, ticket_templates.created_at AS ticket_templates_created_at, ticket_templates.updated_at AS ticket_templates_updated_at 
FROM ticket_templates 
WHERE ticket_templates.id IN ($1::UUID)
2026-08-04 07:56:27,110 INFO sqlalchemy.engine.Engine [generated in 0.00027s] (UUID('3f163c66-9932-4c2f-b107-14e346e2be7d'),)
2026-08-04 07:56:27,113 INFO sqlalchemy.engine.Engine SELECT ticket_flows.id AS ticket_flows_id, ticket_flows.tenant_id AS ticket_flows_tenant_id, ticket_flows.name AS ticket_flows_name, ticket_flows.description AS ticket_flows_description, ticket_flows.created_at AS ticket_flows_created_at, ticket_flows.updated_at AS ticket_flows_updated_at 
FROM ticket_flows 
WHERE ticket_flows.id IN ($1::UUID)
2026-08-04 07:56:27,113 INFO sqlalchemy.engine.Engine [generated in 0.00021s] (UUID('019fa6cb-41a6-765a-b059-1c92dec40e06'),)
2026-08-04 07:56:27,114 INFO sqlalchemy.engine.Engine ROLLBACK
2026-08-04 07:56:27,116 INFO sqlalchemy.engine.Engine SELECT ticket_extensions.ticket_id AS ticket_extensions_ticket_id, ticket_extensions.data AS ticket_extensions_data 
FROM ticket_extensions 
WHERE ticket_extensions.ticket_id IN ($1::UUID)
2026-08-04 07:56:27,116 INFO sqlalchemy.engine.Engine [generated in 0.00021s] (UUID('019fa787-90b5-782c-8fb7-625871608dd2'),)
INFO:     222.252.26.190:0 - "GET /api/v1/tags?page=1&page_size=100 HTTP/1.1" 200 OK
2026-08-04 07:56:27,121 INFO sqlalchemy.engine.Engine SELECT tickets_1.id AS tickets_1_id, tags.id AS tags_id, tags.name AS tags_name, tags.description AS tags_description, tags.color AS tags_color, tags.type AS tags_type, tags.created_at AS tags_created_at, tags.updated_at AS tags_updated_at, tags.tenant_id AS tags_tenant_id, tags.is_active AS tags_is_active 
FROM tickets AS tickets_1 JOIN ticket_tags AS ticket_tags_1 ON tickets_1.id = ticket_tags_1.ticket_id JOIN tags ON tags.id = ticket_tags_1.tag_id 
WHERE tickets_1.id IN ($1::UUID)
2026-08-04 07:56:27,121 INFO sqlalchemy.engine.Engine [generated in 0.00023s] (UUID('019fa787-90b5-782c-8fb7-625871608dd2'),)
2026-08-04 07:56:27,130 INFO sqlalchemy.engine.Engine SELECT users.id, users.username, users.password, users.email, users.fullname, users.create_day, users.chat_id, users.is_active, users.token_version, users.role_id, users.level_id, users.tenant_id, users.webphone_enabled, users.sip_extension, users.sip_username, users.sip_password, users.sip_domain, users.sip_ws_server, users.sip_port, users.sip_protocol, users.webphone_api_key, users.webphone_process_id, users.webphone_agent_id, users.call_recording_enabled, users.call_log_enabled, users.meta_data 
FROM users 
WHERE users.id IN ($1::UUID, $2::UUID)
2026-08-04 07:56:27,130 INFO sqlalchemy.engine.Engine [generated in 0.00025s] (UUID('019fa30c-7aa9-7844-aab2-2161a8653b7e'), UUID('019fa30c-7688-7655-9977-81f7710449c0'))
2026-08-04 07:56:27,131 INFO sqlalchemy.engine.Engine SELECT levels.id AS levels_id, levels.name AS levels_name, levels.description AS levels_description, levels.level_order AS levels_level_order 
FROM levels 
WHERE levels.id IN ($1::UUID, $2::UUID)
2026-08-04 07:56:27,132 INFO sqlalchemy.engine.Engine [cached since 1.16e+04s ago] (UUID('019fa30c-6e16-717f-8c8f-786905fd29ed'), UUID('019fa30c-6e45-7de8-b19e-01532d8d61f7'))
2026-08-04 07:56:27,133 INFO sqlalchemy.engine.Engine SELECT roles.id AS roles_id, roles.name AS roles_name, roles.description AS roles_description, roles.role_order AS roles_role_order, roles.tenant_id AS roles_tenant_id, roles.is_active AS roles_is_active 
FROM roles 
WHERE roles.id IN ($1::UUID, $2::UUID)
2026-08-04 07:56:27,133 INFO sqlalchemy.engine.Engine [cached since 1.16e+04s ago] (UUID('019fa30c-6dfa-76b9-a1ec-702518695e5a'), UUID('019fa30c-6e0b-7f67-83ed-8ee35dc6de62'))
2026-08-04 07:56:27,135 INFO sqlalchemy.engine.Engine ROLLBACK
INFO:     222.252.26.190:0 - "GET /api/v1/tickets?page=1&page_size=10 HTTP/1.1" 200 OK
INFO:     222.252.26.190:0 - "OPTIONS /api/v1/ticket-flow-instances?ticket_id=019fa787-90b5-782c-8fb7-625871608dd2&flow_id=&page_size=10&page=1 HTTP/1.1" 200 OK
INFO:     222.252.26.190:0 - "OPTIONS /api/v1/ticket-contexts/ticket/019fa787-90b5-782c-8fb7-625871608dd2/contexts?page=1 HTTP/1.1" 200 OK
INFO:     222.252.26.190:0 - "OPTIONS /api/v1/ticket-events?ticket_id=019fa787-90b5-782c-8fb7-625871608dd2&page=1 HTTP/1.1" 200 OK
INFO:     222.252.26.190:0 - "OPTIONS /api/v1/tickets/019fa787-90b5-782c-8fb7-625871608dd2 HTTP/1.1" 200 OK
2026-08-04 07:56:35,006 INFO sqlalchemy.engine.Engine BEGIN (implicit)
2026-08-04 07:56:35,006 INFO sqlalchemy.engine.Engine SELECT users.id, users.username, users.password, users.email, users.fullname, users.create_day, users.chat_id, users.is_active, users.token_version, users.role_id, users.level_id, users.tenant_id, users.webphone_enabled, users.sip_extension, users.sip_username, users.sip_password, users.sip_domain, users.sip_ws_server, users.sip_port, users.sip_protocol, users.webphone_api_key, users.webphone_process_id, users.webphone_agent_id, users.call_recording_enabled, users.call_log_enabled, users.meta_data 
FROM users 
WHERE users.id = $1::UUID
2026-08-04 07:56:35,006 INFO sqlalchemy.engine.Engine [cached since 1.161e+04s ago] ('019fa30c-7688-7655-9977-81f7710449c0',)
2026-08-04 07:56:35,011 INFO sqlalchemy.engine.Engine SELECT levels.id AS levels_id, levels.name AS levels_name, levels.description AS levels_description, levels.level_order AS levels_level_order 
FROM levels 
WHERE levels.id IN ($1::UUID)
2026-08-04 07:56:35,011 INFO sqlalchemy.engine.Engine [cached since 1.161e+04s ago] (UUID('019fa30c-6e16-717f-8c8f-786905fd29ed'),)
2026-08-04 07:56:35,014 INFO sqlalchemy.engine.Engine SELECT roles.id AS roles_id, roles.name AS roles_name, roles.description AS roles_description, roles.role_order AS roles_role_order, roles.tenant_id AS roles_tenant_id, roles.is_active AS roles_is_active 
FROM roles 
WHERE roles.id IN ($1::UUID)
2026-08-04 07:56:35,014 INFO sqlalchemy.engine.Engine [cached since 1.161e+04s ago] (UUID('019fa30c-6dfa-76b9-a1ec-702518695e5a'),)
2026-08-04 07:56:35,016 INFO sqlalchemy.engine.Engine SELECT users.is_active 
FROM users 
WHERE users.id = $1::UUID
2026-08-04 07:56:35,018 INFO sqlalchemy.engine.Engine [cached since 3489s ago] (UUID('019fa30c-7688-7655-9977-81f7710449c0'),)
2026-08-04 07:56:35,027 INFO sqlalchemy.engine.Engine SELECT users.role_id 
FROM users 
WHERE users.id = $1::UUID
2026-08-04 07:56:35,027 INFO sqlalchemy.engine.Engine [cached since 3489s ago] (UUID('019fa30c-7688-7655-9977-81f7710449c0'),)
2026-08-04 07:56:35,029 INFO sqlalchemy.engine.Engine BEGIN (implicit)
2026-08-04 07:56:35,029 INFO sqlalchemy.engine.Engine SELECT users.id, users.username, users.password, users.email, users.fullname, users.create_day, users.chat_id, users.is_active, users.token_version, users.role_id, users.level_id, users.tenant_id, users.webphone_enabled, users.sip_extension, users.sip_username, users.sip_password, users.sip_domain, users.sip_ws_server, users.sip_port, users.sip_protocol, users.webphone_api_key, users.webphone_process_id, users.webphone_agent_id, users.call_recording_enabled, users.call_log_enabled, users.meta_data 
FROM users 
WHERE users.id = $1::UUID
2026-08-04 07:56:35,030 INFO sqlalchemy.engine.Engine [cached since 1.161e+04s ago] ('019fa30c-7688-7655-9977-81f7710449c0',)
2026-08-04 07:56:35,030 INFO sqlalchemy.engine.Engine BEGIN (implicit)
2026-08-04 07:56:35,031 INFO sqlalchemy.engine.Engine SELECT users.id, users.username, users.password, users.email, users.fullname, users.create_day, users.chat_id, users.is_active, users.token_version, users.role_id, users.level_id, users.tenant_id, users.webphone_enabled, users.sip_extension, users.sip_username, users.sip_password, users.sip_domain, users.sip_ws_server, users.sip_port, users.sip_protocol, users.webphone_api_key, users.webphone_process_id, users.webphone_agent_id, users.call_recording_enabled, users.call_log_enabled, users.meta_data 
FROM users 
WHERE users.id = $1::UUID
2026-08-04 07:56:35,031 INFO sqlalchemy.engine.Engine [cached since 1.161e+04s ago] ('019fa30c-7688-7655-9977-81f7710449c0',)
2026-08-04 07:56:35,032 INFO sqlalchemy.engine.Engine SELECT permissions.name 
FROM permissions JOIN role_permissions ON role_permissions.permission_id = permissions.id 
WHERE role_permissions.role_id = $1::UUID
2026-08-04 07:56:35,032 INFO sqlalchemy.engine.Engine [cached since 3489s ago] (UUID('019fa30c-6dfa-76b9-a1ec-702518695e5a'),)
2026-08-04 07:56:35,034 INFO sqlalchemy.engine.Engine BEGIN (implicit)
2026-08-04 07:56:35,034 INFO sqlalchemy.engine.Engine SELECT users.id, users.username, users.password, users.email, users.fullname, users.create_day, users.chat_id, users.is_active, users.token_version, users.role_id, users.level_id, users.tenant_id, users.webphone_enabled, users.sip_extension, users.sip_username, users.sip_password, users.sip_domain, users.sip_ws_server, users.sip_port, users.sip_protocol, users.webphone_api_key, users.webphone_process_id, users.webphone_agent_id, users.call_recording_enabled, users.call_log_enabled, users.meta_data 
FROM users 
WHERE users.id = $1::UUID
2026-08-04 07:56:35,035 INFO sqlalchemy.engine.Engine [cached since 1.161e+04s ago] ('019fa30c-7688-7655-9977-81f7710449c0',)
2026-08-04 07:56:35,039 INFO sqlalchemy.engine.Engine ROLLBACK
2026-08-04 07:56:35,040 INFO sqlalchemy.engine.Engine SELECT levels.id AS levels_id, levels.name AS levels_name, levels.description AS levels_description, levels.level_order AS levels_level_order 
FROM levels 
WHERE levels.id IN ($1::UUID)
2026-08-04 07:56:35,040 INFO sqlalchemy.engine.Engine [cached since 1.161e+04s ago] (UUID('019fa30c-6e16-717f-8c8f-786905fd29ed'),)
2026-08-04 07:56:35,046 INFO sqlalchemy.engine.Engine SELECT roles.id AS roles_id, roles.name AS roles_name, roles.description AS roles_description, roles.role_order AS roles_role_order, roles.tenant_id AS roles_tenant_id, roles.is_active AS roles_is_active 
FROM roles 
WHERE roles.id IN ($1::UUID)
2026-08-04 07:56:35,046 INFO sqlalchemy.engine.Engine [cached since 1.161e+04s ago] (UUID('019fa30c-6dfa-76b9-a1ec-702518695e5a'),)
2026-08-04 07:56:35,048 INFO sqlalchemy.engine.Engine SELECT levels.id AS levels_id, levels.name AS levels_name, levels.description AS levels_description, levels.level_order AS levels_level_order 
FROM levels 
WHERE levels.id IN ($1::UUID)
2026-08-04 07:56:35,048 INFO sqlalchemy.engine.Engine [cached since 1.161e+04s ago] (UUID('019fa30c-6e16-717f-8c8f-786905fd29ed'),)
2026-08-04 07:56:35,055 INFO sqlalchemy.engine.Engine SELECT users.is_active 
FROM users 
WHERE users.id = $1::UUID
2026-08-04 07:56:35,055 INFO sqlalchemy.engine.Engine [cached since 3489s ago] (UUID('019fa30c-7688-7655-9977-81f7710449c0'),)
2026-08-04 07:56:35,059 INFO sqlalchemy.engine.Engine SELECT levels.id AS levels_id, levels.name AS levels_name, levels.description AS levels_description, levels.level_order AS levels_level_order 
FROM levels 
WHERE levels.id IN ($1::UUID)
2026-08-04 07:56:35,059 INFO sqlalchemy.engine.Engine [cached since 1.161e+04s ago] (UUID('019fa30c-6e16-717f-8c8f-786905fd29ed'),)
2026-08-04 07:56:35,062 INFO sqlalchemy.engine.Engine SELECT users.role_id 
FROM users 
WHERE users.id = $1::UUID
2026-08-04 07:56:35,062 INFO sqlalchemy.engine.Engine [cached since 3489s ago] (UUID('019fa30c-7688-7655-9977-81f7710449c0'),)
2026-08-04 07:56:35,065 INFO sqlalchemy.engine.Engine SELECT roles.id AS roles_id, roles.name AS roles_name, roles.description AS roles_description, roles.role_order AS roles_role_order, roles.tenant_id AS roles_tenant_id, roles.is_active AS roles_is_active 
FROM roles 
WHERE roles.id IN ($1::UUID)
2026-08-04 07:56:35,065 INFO sqlalchemy.engine.Engine [cached since 1.161e+04s ago] (UUID('019fa30c-6dfa-76b9-a1ec-702518695e5a'),)
2026-08-04 07:56:35,068 INFO sqlalchemy.engine.Engine SELECT roles.id AS roles_id, roles.name AS roles_name, roles.description AS roles_description, roles.role_order AS roles_role_order, roles.tenant_id AS roles_tenant_id, roles.is_active AS roles_is_active 
FROM roles 
WHERE roles.id IN ($1::UUID)
2026-08-04 07:56:35,069 INFO sqlalchemy.engine.Engine [cached since 1.161e+04s ago] (UUID('019fa30c-6dfa-76b9-a1ec-702518695e5a'),)
INFO:     222.252.26.190:0 - "GET /api/v1/ticket-flow-instances?ticket_id=019fa787-90b5-782c-8fb7-625871608dd2&flow_id=&page_size=10&page=1 HTTP/1.1" 422 Unprocessable Entity
2026-08-04 07:56:35,073 INFO sqlalchemy.engine.Engine SELECT users.is_active 
FROM users 
WHERE users.id = $1::UUID
2026-08-04 07:56:35,073 INFO sqlalchemy.engine.Engine [cached since 3489s ago] (UUID('019fa30c-7688-7655-9977-81f7710449c0'),)
2026-08-04 07:56:35,074 INFO sqlalchemy.engine.Engine SELECT permissions.name 
FROM permissions JOIN role_permissions ON role_permissions.permission_id = permissions.id 
WHERE role_permissions.role_id = $1::UUID
2026-08-04 07:56:35,074 INFO sqlalchemy.engine.Engine [cached since 3489s ago] (UUID('019fa30c-6dfa-76b9-a1ec-702518695e5a'),)
2026-08-04 07:56:35,076 INFO sqlalchemy.engine.Engine SELECT users.is_active 
FROM users 
WHERE users.id = $1::UUID
2026-08-04 07:56:35,076 INFO sqlalchemy.engine.Engine [cached since 3489s ago] (UUID('019fa30c-7688-7655-9977-81f7710449c0'),)
2026-08-04 07:56:35,078 INFO sqlalchemy.engine.Engine SELECT users.role_id 
FROM users 
WHERE users.id = $1::UUID
2026-08-04 07:56:35,078 INFO sqlalchemy.engine.Engine [cached since 3489s ago] (UUID('019fa30c-7688-7655-9977-81f7710449c0'),)
2026-08-04 07:56:35,079 INFO sqlalchemy.engine.Engine SELECT max(levels.level_order) AS max_1 
FROM levels
2026-08-04 07:56:35,080 INFO sqlalchemy.engine.Engine [cached since 3488s ago] ()
2026-08-04 07:56:35,081 INFO sqlalchemy.engine.Engine SELECT users.role_id 
FROM users 
WHERE users.id = $1::UUID
2026-08-04 07:56:35,081 INFO sqlalchemy.engine.Engine [cached since 3489s ago] (UUID('019fa30c-7688-7655-9977-81f7710449c0'),)
2026-08-04 07:56:35,082 INFO sqlalchemy.engine.Engine SELECT permissions.name 
FROM permissions JOIN role_permissions ON role_permissions.permission_id = permissions.id 
WHERE role_permissions.role_id = $1::UUID
2026-08-04 07:56:35,082 INFO sqlalchemy.engine.Engine [cached since 3489s ago] (UUID('019fa30c-6dfa-76b9-a1ec-702518695e5a'),)
2026-08-04 07:56:35,084 INFO sqlalchemy.engine.Engine SELECT count(*) AS count_1 
FROM ticket_events 
WHERE ticket_events.ticket_id = $1::UUID
2026-08-04 07:56:35,084 INFO sqlalchemy.engine.Engine [generated in 0.00032s] (UUID('019fa787-90b5-782c-8fb7-625871608dd2'),)
2026-08-04 07:56:35,086 INFO sqlalchemy.engine.Engine SELECT permissions.name 
FROM permissions JOIN role_permissions ON role_permissions.permission_id = permissions.id 
WHERE role_permissions.role_id = $1::UUID
2026-08-04 07:56:35,086 INFO sqlalchemy.engine.Engine [cached since 3489s ago] (UUID('019fa30c-6dfa-76b9-a1ec-702518695e5a'),)
2026-08-04 07:56:35,088 INFO sqlalchemy.engine.Engine SELECT max(levels.level_order) AS max_1 
FROM levels
2026-08-04 07:56:35,088 INFO sqlalchemy.engine.Engine [cached since 3488s ago] ()
2026-08-04 07:56:35,089 INFO sqlalchemy.engine.Engine SELECT max(levels.level_order) AS max_1 
FROM levels
2026-08-04 07:56:35,090 INFO sqlalchemy.engine.Engine [cached since 3488s ago] ()
2026-08-04 07:56:35,091 INFO sqlalchemy.engine.Engine SELECT count(*) AS count_1 
FROM ticket_contexts 
WHERE ticket_contexts.ticket_id = $1::UUID
2026-08-04 07:56:35,092 INFO sqlalchemy.engine.Engine [generated in 0.00026s] (UUID('019fa787-90b5-782c-8fb7-625871608dd2'),)
2026-08-04 07:56:35,094 INFO sqlalchemy.engine.Engine SELECT ticket_events.id, ticket_events.ticket_id, ticket_events.event_type, ticket_events.payload, ticket_events.actor_type, ticket_events.actor_id, ticket_events.created_at, ticket_events.tenant_id 
FROM ticket_events 
WHERE ticket_events.ticket_id = $1::UUID ORDER BY ticket_events.created_at DESC 
 LIMIT $2::INTEGER OFFSET $3::INTEGER
2026-08-04 07:56:35,094 INFO sqlalchemy.engine.Engine [generated in 0.00026s] (UUID('019fa787-90b5-782c-8fb7-625871608dd2'), 10, 0)
2026-08-04 07:56:35,096 INFO sqlalchemy.engine.Engine SELECT tickets.id, tickets.tenant_id, tickets.code, tickets.title, tickets.description, tickets.status, tickets.priority, tickets.template_id, tickets.flow_id, tickets.sla_id, tickets.created_by, tickets.assigned_to, tickets.created_at, tickets.closed_at 
FROM tickets 
WHERE tickets.id = $1::UUID
2026-08-04 07:56:35,097 INFO sqlalchemy.engine.Engine [generated in 0.00030s] (UUID('019fa787-90b5-782c-8fb7-625871608dd2'),)
2026-08-04 07:56:35,100 INFO sqlalchemy.engine.Engine SELECT users.id, users.username, users.password, users.email, users.fullname, users.create_day, users.chat_id, users.is_active, users.token_version, users.role_id, users.level_id, users.tenant_id, users.webphone_enabled, users.sip_extension, users.sip_username, users.sip_password, users.sip_domain, users.sip_ws_server, users.sip_port, users.sip_protocol, users.webphone_api_key, users.webphone_process_id, users.webphone_agent_id, users.call_recording_enabled, users.call_log_enabled, users.meta_data 
FROM users 
WHERE users.id IN ($1::UUID, $2::UUID, $3::UUID, $4::UUID, $5::UUID, $6::UUID, $7::UUID, $8::UUID, $9::UUID, $10::UUID)
2026-08-04 07:56:35,100 INFO sqlalchemy.engine.Engine [cached since 7.97s ago] (UUID('019fa30c-7688-7655-9977-81f7710449c0'), UUID('019fa30c-7688-7655-9977-81f7710449c0'), UUID('019fa30c-7688-7655-9977-81f7710449c0'), UUID('019fa30c-7688-7655-9977-81f7710449c0'), UUID('019fa30c-7688-7655-9977-81f7710449c0'), UUID('019fa30c-7688-7655-9977-81f7710449c0'), UUID('019fa30c-7688-7655-9977-81f7710449c0'), UUID('019fa30c-7688-7655-9977-81f7710449c0'), UUID('019fa30c-7688-7655-9977-81f7710449c0'), UUID('019fa30c-7688-7655-9977-81f7710449c0'))
2026-08-04 07:56:35,102 INFO sqlalchemy.engine.Engine SELECT ticket_contexts.id, ticket_contexts.ticket_id, ticket_contexts.context_type, ticket_contexts.context_id, ticket_contexts.source_type, ticket_contexts.context_metadata, ticket_contexts.created_at, ticket_contexts.tenant_id 
FROM ticket_contexts 
WHERE ticket_contexts.ticket_id = $1::UUID ORDER BY ticket_contexts.created_at ASC 
 LIMIT $2::INTEGER OFFSET $3::INTEGER
2026-08-04 07:56:35,102 INFO sqlalchemy.engine.Engine [generated in 0.00024s] (UUID('019fa787-90b5-782c-8fb7-625871608dd2'), 20, 0)
2026-08-04 07:56:35,108 INFO sqlalchemy.engine.Engine ROLLBACK
2026-08-04 07:56:35,110 INFO sqlalchemy.engine.Engine SELECT levels.id AS levels_id, levels.name AS levels_name, levels.description AS levels_description, levels.level_order AS levels_level_order 
FROM levels 
WHERE levels.id IN ($1::UUID)
2026-08-04 07:56:35,110 INFO sqlalchemy.engine.Engine [cached since 1.161e+04s ago] (UUID('019fa30c-6e16-717f-8c8f-786905fd29ed'),)
2026-08-04 07:56:35,112 INFO sqlalchemy.engine.Engine SELECT roles.id AS roles_id, roles.name AS roles_name, roles.description AS roles_description, roles.role_order AS roles_role_order, roles.tenant_id AS roles_tenant_id, roles.is_active AS roles_is_active 
FROM roles 
WHERE roles.id IN ($1::UUID)
2026-08-04 07:56:35,112 INFO sqlalchemy.engine.Engine [cached since 1.161e+04s ago] (UUID('019fa30c-6dfa-76b9-a1ec-702518695e5a'),)
2026-08-04 07:56:35,113 INFO sqlalchemy.engine.Engine SELECT ticket_templates.id AS ticket_templates_id, ticket_templates.tenant_id AS ticket_templates_tenant_id, ticket_templates.name AS ticket_templates_name, ticket_templates.description AS ticket_templates_description, ticket_templates.flow_id AS ticket_templates_flow_id, ticket_templates.sla_id AS ticket_templates_sla_id, ticket_templates.extension_schema AS ticket_templates_extension_schema, ticket_templates.is_active AS ticket_templates_is_active, ticket_templates.created_at AS ticket_templates_created_at, ticket_templates.updated_at AS ticket_templates_updated_at 
FROM ticket_templates 
WHERE ticket_templates.id IN ($1::UUID)
2026-08-04 07:56:35,113 INFO sqlalchemy.engine.Engine [cached since 8.004s ago] (UUID('3f163c66-9932-4c2f-b107-14e346e2be7d'),)
2026-08-04 07:56:35,116 INFO sqlalchemy.engine.Engine ROLLBACK
INFO:     222.252.26.190:0 - "GET /api/v1/ticket-contexts/ticket/019fa787-90b5-782c-8fb7-625871608dd2/contexts?page=1 HTTP/1.1" 200 OK
2026-08-04 07:56:35,118 INFO sqlalchemy.engine.Engine SELECT ticket_flows.id AS ticket_flows_id, ticket_flows.tenant_id AS ticket_flows_tenant_id, ticket_flows.name AS ticket_flows_name, ticket_flows.description AS ticket_flows_description, ticket_flows.created_at AS ticket_flows_created_at, ticket_flows.updated_at AS ticket_flows_updated_at 
FROM ticket_flows 
WHERE ticket_flows.id IN ($1::UUID)
2026-08-04 07:56:35,118 INFO sqlalchemy.engine.Engine [cached since 8.006s ago] (UUID('019fa6cb-41a6-765a-b059-1c92dec40e06'),)
2026-08-04 07:56:35,121 INFO sqlalchemy.engine.Engine SELECT ticket_extensions.ticket_id AS ticket_extensions_ticket_id, ticket_extensions.data AS ticket_extensions_data 
FROM ticket_extensions 
WHERE ticket_extensions.ticket_id IN ($1::UUID)
2026-08-04 07:56:35,121 INFO sqlalchemy.engine.Engine [cached since 8.005s ago] (UUID('019fa787-90b5-782c-8fb7-625871608dd2'),)
INFO:     222.252.26.190:0 - "GET /api/v1/ticket-events?ticket_id=019fa787-90b5-782c-8fb7-625871608dd2&page=1 HTTP/1.1" 200 OK
2026-08-04 07:56:35,124 INFO sqlalchemy.engine.Engine SELECT tickets_1.id AS tickets_1_id, tags.id AS tags_id, tags.name AS tags_name, tags.description AS tags_description, tags.color AS tags_color, tags.type AS tags_type, tags.created_at AS tags_created_at, tags.updated_at AS tags_updated_at, tags.tenant_id AS tags_tenant_id, tags.is_active AS tags_is_active 
FROM tickets AS tickets_1 JOIN ticket_tags AS ticket_tags_1 ON tickets_1.id = ticket_tags_1.ticket_id JOIN tags ON tags.id = ticket_tags_1.tag_id 
WHERE tickets_1.id IN ($1::UUID)
2026-08-04 07:56:35,124 INFO sqlalchemy.engine.Engine [cached since 8.003s ago] (UUID('019fa787-90b5-782c-8fb7-625871608dd2'),)
2026-08-04 07:56:35,127 INFO sqlalchemy.engine.Engine SELECT users.id, users.username, users.password, users.email, users.fullname, users.create_day, users.chat_id, users.is_active, users.token_version, users.role_id, users.level_id, users.tenant_id, users.webphone_enabled, users.sip_extension, users.sip_username, users.sip_password, users.sip_domain, users.sip_ws_server, users.sip_port, users.sip_protocol, users.webphone_api_key, users.webphone_process_id, users.webphone_agent_id, users.call_recording_enabled, users.call_log_enabled, users.meta_data 
FROM users 
WHERE users.id IN ($1::UUID, $2::UUID)
2026-08-04 07:56:35,127 INFO sqlalchemy.engine.Engine [cached since 7.997s ago] (UUID('019fa30c-7688-7655-9977-81f7710449c0'), UUID('019fa30c-7aa9-7844-aab2-2161a8653b7e'))
2026-08-04 07:56:35,129 INFO sqlalchemy.engine.Engine SELECT levels.id AS levels_id, levels.name AS levels_name, levels.description AS levels_description, levels.level_order AS levels_level_order 
FROM levels 
WHERE levels.id IN ($1::UUID, $2::UUID)
2026-08-04 07:56:35,129 INFO sqlalchemy.engine.Engine [cached since 1.161e+04s ago] (UUID('019fa30c-6e16-717f-8c8f-786905fd29ed'), UUID('019fa30c-6e45-7de8-b19e-01532d8d61f7'))
2026-08-04 07:56:35,131 INFO sqlalchemy.engine.Engine SELECT roles.id AS roles_id, roles.name AS roles_name, roles.description AS roles_description, roles.role_order AS roles_role_order, roles.tenant_id AS roles_tenant_id, roles.is_active AS roles_is_active 
FROM roles 
WHERE roles.id IN ($1::UUID, $2::UUID)
2026-08-04 07:56:35,131 INFO sqlalchemy.engine.Engine [cached since 1.161e+04s ago] (UUID('019fa30c-6dfa-76b9-a1ec-702518695e5a'), UUID('019fa30c-6e0b-7f67-83ed-8ee35dc6de62'))
2026-08-04 07:56:35,133 INFO sqlalchemy.engine.Engine ROLLBACK
INFO:     222.252.26.190:0 - "GET /api/v1/tickets/019fa787-90b5-782c-8fb7-625871608dd2 HTTP/1.1" 200 OK
INFO:     222.252.26.190:0 - "OPTIONS /api/v1/ticket-flow-steps?flow_id=019fa6cb-41a6-765a-b059-1c92dec40e06&page_size=10&page=1 HTTP/1.1" 200 OK
INFO:     222.252.26.190:0 - "OPTIONS /api/v1/ticket-flow-instances?ticket_id=019fa787-90b5-782c-8fb7-625871608dd2&flow_id=019fa6cb-41a6-765a-b059-1c92dec40e06&page_size=10&page=1 HTTP/1.1" 200 OK
2026-08-04 07:56:35,287 INFO sqlalchemy.engine.Engine BEGIN (implicit)
2026-08-04 07:56:35,288 INFO sqlalchemy.engine.Engine SELECT users.id, users.username, users.password, users.email, users.fullname, users.create_day, users.chat_id, users.is_active, users.token_version, users.role_id, users.level_id, users.tenant_id, users.webphone_enabled, users.sip_extension, users.sip_username, users.sip_password, users.sip_domain, users.sip_ws_server, users.sip_port, users.sip_protocol, users.webphone_api_key, users.webphone_process_id, users.webphone_agent_id, users.call_recording_enabled, users.call_log_enabled, users.meta_data 
FROM users 
WHERE users.id = $1::UUID
2026-08-04 07:56:35,288 INFO sqlalchemy.engine.Engine [cached since 1.161e+04s ago] ('019fa30c-7688-7655-9977-81f7710449c0',)
2026-08-04 07:56:35,289 INFO sqlalchemy.engine.Engine BEGIN (implicit)
2026-08-04 07:56:35,290 INFO sqlalchemy.engine.Engine SELECT users.id, users.username, users.password, users.email, users.fullname, users.create_day, users.chat_id, users.is_active, users.token_version, users.role_id, users.level_id, users.tenant_id, users.webphone_enabled, users.sip_extension, users.sip_username, users.sip_password, users.sip_domain, users.sip_ws_server, users.sip_port, users.sip_protocol, users.webphone_api_key, users.webphone_process_id, users.webphone_agent_id, users.call_recording_enabled, users.call_log_enabled, users.meta_data 
FROM users 
WHERE users.id = $1::UUID
2026-08-04 07:56:35,290 INFO sqlalchemy.engine.Engine [cached since 1.161e+04s ago] ('019fa30c-7688-7655-9977-81f7710449c0',)
2026-08-04 07:56:35,292 INFO sqlalchemy.engine.Engine SELECT levels.id AS levels_id, levels.name AS levels_name, levels.description AS levels_description, levels.level_order AS levels_level_order 
FROM levels 
WHERE levels.id IN ($1::UUID)
2026-08-04 07:56:35,292 INFO sqlalchemy.engine.Engine [cached since 1.161e+04s ago] (UUID('019fa30c-6e16-717f-8c8f-786905fd29ed'),)
2026-08-04 07:56:35,293 INFO sqlalchemy.engine.Engine SELECT levels.id AS levels_id, levels.name AS levels_name, levels.description AS levels_description, levels.level_order AS levels_level_order 
FROM levels 
WHERE levels.id IN ($1::UUID)
2026-08-04 07:56:35,294 INFO sqlalchemy.engine.Engine [cached since 1.161e+04s ago] (UUID('019fa30c-6e16-717f-8c8f-786905fd29ed'),)
2026-08-04 07:56:35,294 INFO sqlalchemy.engine.Engine SELECT roles.id AS roles_id, roles.name AS roles_name, roles.description AS roles_description, roles.role_order AS roles_role_order, roles.tenant_id AS roles_tenant_id, roles.is_active AS roles_is_active 
FROM roles 
WHERE roles.id IN ($1::UUID)
2026-08-04 07:56:35,295 INFO sqlalchemy.engine.Engine [cached since 1.161e+04s ago] (UUID('019fa30c-6dfa-76b9-a1ec-702518695e5a'),)
2026-08-04 07:56:35,295 INFO sqlalchemy.engine.Engine SELECT roles.id AS roles_id, roles.name AS roles_name, roles.description AS roles_description, roles.role_order AS roles_role_order, roles.tenant_id AS roles_tenant_id, roles.is_active AS roles_is_active 
FROM roles 
WHERE roles.id IN ($1::UUID)
2026-08-04 07:56:35,296 INFO sqlalchemy.engine.Engine [cached since 1.161e+04s ago] (UUID('019fa30c-6dfa-76b9-a1ec-702518695e5a'),)
2026-08-04 07:56:35,298 INFO sqlalchemy.engine.Engine SELECT users.is_active 
FROM users 
WHERE users.id = $1::UUID
2026-08-04 07:56:35,298 INFO sqlalchemy.engine.Engine [cached since 3489s ago] (UUID('019fa30c-7688-7655-9977-81f7710449c0'),)
2026-08-04 07:56:35,300 INFO sqlalchemy.engine.Engine SELECT users.is_active 
FROM users 
WHERE users.id = $1::UUID
2026-08-04 07:56:35,300 INFO sqlalchemy.engine.Engine [cached since 3489s ago] (UUID('019fa30c-7688-7655-9977-81f7710449c0'),)
2026-08-04 07:56:35,300 INFO sqlalchemy.engine.Engine SELECT users.role_id 
FROM users 
WHERE users.id = $1::UUID
2026-08-04 07:56:35,301 INFO sqlalchemy.engine.Engine [cached since 3489s ago] (UUID('019fa30c-7688-7655-9977-81f7710449c0'),)
2026-08-04 07:56:35,301 INFO sqlalchemy.engine.Engine SELECT users.role_id 
FROM users 
WHERE users.id = $1::UUID
2026-08-04 07:56:35,301 INFO sqlalchemy.engine.Engine [cached since 3489s ago] (UUID('019fa30c-7688-7655-9977-81f7710449c0'),)
2026-08-04 07:56:35,302 INFO sqlalchemy.engine.Engine SELECT permissions.name 
FROM permissions JOIN role_permissions ON role_permissions.permission_id = permissions.id 
WHERE role_permissions.role_id = $1::UUID
2026-08-04 07:56:35,302 INFO sqlalchemy.engine.Engine [cached since 3489s ago] (UUID('019fa30c-6dfa-76b9-a1ec-702518695e5a'),)
2026-08-04 07:56:35,303 INFO sqlalchemy.engine.Engine SELECT permissions.name 
FROM permissions JOIN role_permissions ON role_permissions.permission_id = permissions.id 
WHERE role_permissions.role_id = $1::UUID
2026-08-04 07:56:35,303 INFO sqlalchemy.engine.Engine [cached since 3489s ago] (UUID('019fa30c-6dfa-76b9-a1ec-702518695e5a'),)
2026-08-04 07:56:35,304 INFO sqlalchemy.engine.Engine SELECT max(levels.level_order) AS max_1 
FROM levels
2026-08-04 07:56:35,305 INFO sqlalchemy.engine.Engine [cached since 3489s ago] ()
2026-08-04 07:56:35,308 INFO sqlalchemy.engine.Engine SELECT count(*) AS count_1 
FROM (SELECT ticket_flow_steps.id AS id, ticket_flow_steps.flow_id AS flow_id, ticket_flow_steps.step_name AS step_name, ticket_flow_steps.step_order AS step_order, ticket_flow_steps.assignee AS assignee, ticket_flow_steps.assignee_user_id AS assignee_user_id, ticket_flow_steps.assignee_group_id AS assignee_group_id, ticket_flow_steps.created_at AS created_at 
FROM ticket_flow_steps JOIN ticket_flows ON ticket_flows.id = ticket_flow_steps.flow_id 
WHERE ticket_flow_steps.flow_id = $1::UUID ORDER BY ticket_flow_steps.step_order ASC) AS anon_1
2026-08-04 07:56:35,308 INFO sqlalchemy.engine.Engine [generated in 0.00027s] (UUID('019fa6cb-41a6-765a-b059-1c92dec40e06'),)
2026-08-04 07:56:35,309 INFO sqlalchemy.engine.Engine SELECT max(levels.level_order) AS max_1 
FROM levels
2026-08-04 07:56:35,309 INFO sqlalchemy.engine.Engine [cached since 3489s ago] ()
2026-08-04 07:56:35,314 INFO sqlalchemy.engine.Engine SELECT ticket_flow_steps.id, ticket_flow_steps.flow_id, ticket_flow_steps.step_name, ticket_flow_steps.step_order, ticket_flow_steps.assignee, ticket_flow_steps.assignee_user_id, ticket_flow_steps.assignee_group_id, ticket_flow_steps.created_at 
FROM ticket_flow_steps JOIN ticket_flows ON ticket_flows.id = ticket_flow_steps.flow_id 
WHERE ticket_flow_steps.flow_id = $1::UUID ORDER BY ticket_flow_steps.step_order ASC 
 LIMIT $2::INTEGER OFFSET $3::INTEGER
2026-08-04 07:56:35,315 INFO sqlalchemy.engine.Engine [generated in 0.00026s] (UUID('019fa6cb-41a6-765a-b059-1c92dec40e06'), 10, 0)
2026-08-04 07:56:35,318 INFO sqlalchemy.engine.Engine SELECT count(*) AS count_1 
FROM (SELECT ticket_flow_instances.id AS id, ticket_flow_instances.ticket_id AS ticket_id, ticket_flow_instances.flow_id AS flow_id, ticket_flow_instances.current_step_id AS current_step_id, ticket_flow_instances.status AS status, ticket_flow_instances.started_at AS started_at, ticket_flow_instances.finished_at AS finished_at, ticket_flow_instances.tenant_id AS tenant_id 
FROM ticket_flow_instances 
WHERE ticket_flow_instances.ticket_id = $1::UUID AND ticket_flow_instances.flow_id = $2::UUID ORDER BY ticket_flow_instances.started_at DESC) AS anon_1
2026-08-04 07:56:35,318 INFO sqlalchemy.engine.Engine [generated in 0.00027s] (UUID('019fa787-90b5-782c-8fb7-625871608dd2'), UUID('019fa6cb-41a6-765a-b059-1c92dec40e06'))
2026-08-04 07:56:35,321 INFO sqlalchemy.engine.Engine SELECT ticket_flows.id AS ticket_flows_id, ticket_flows.tenant_id AS ticket_flows_tenant_id, ticket_flows.name AS ticket_flows_name, ticket_flows.description AS ticket_flows_description, ticket_flows.created_at AS ticket_flows_created_at, ticket_flows.updated_at AS ticket_flows_updated_at 
FROM ticket_flows 
WHERE ticket_flows.id IN ($1::UUID)
2026-08-04 07:56:35,322 INFO sqlalchemy.engine.Engine [generated in 0.00030s] (UUID('019fa6cb-41a6-765a-b059-1c92dec40e06'),)
2026-08-04 07:56:35,324 INFO sqlalchemy.engine.Engine SELECT users.id AS users_id, users.username AS users_username, users.password AS users_password, users.email AS users_email, users.fullname AS users_fullname, users.create_day AS users_create_day, users.chat_id AS users_chat_id, users.is_active AS users_is_active, users.token_version AS users_token_version, users.role_id AS users_role_id, users.level_id AS users_level_id, users.tenant_id AS users_tenant_id, users.webphone_enabled AS users_webphone_enabled, users.sip_extension AS users_sip_extension, users.sip_username AS users_sip_username, users.sip_password AS users_sip_password, users.sip_domain AS users_sip_domain, users.sip_ws_server AS users_sip_ws_server, users.sip_port AS users_sip_port, users.sip_protocol AS users_sip_protocol, users.webphone_api_key AS users_webphone_api_key, users.webphone_process_id AS users_webphone_process_id, users.webphone_agent_id AS users_webphone_agent_id, users.call_recording_enabled AS users_call_recording_enabled, users.call_log_enabled AS users_call_log_enabled, users.meta_data AS users_meta_data 
FROM users 
WHERE users.id IN ($1::UUID)
2026-08-04 07:56:35,324 INFO sqlalchemy.engine.Engine [generated in 0.00031s] (UUID('019fa30c-7aa9-7844-aab2-2161a8653b7e'),)
2026-08-04 07:56:35,327 INFO sqlalchemy.engine.Engine SELECT ticket_flow_instances.id, ticket_flow_instances.ticket_id, ticket_flow_instances.flow_id, ticket_flow_instances.current_step_id, ticket_flow_instances.status, ticket_flow_instances.started_at, ticket_flow_instances.finished_at, ticket_flow_instances.tenant_id 
FROM ticket_flow_instances 
WHERE ticket_flow_instances.ticket_id = $1::UUID AND ticket_flow_instances.flow_id = $2::UUID ORDER BY ticket_flow_instances.started_at DESC 
 LIMIT $3::INTEGER OFFSET $4::INTEGER
2026-08-04 07:56:35,327 INFO sqlalchemy.engine.Engine [generated in 0.00029s] (UUID('019fa787-90b5-782c-8fb7-625871608dd2'), UUID('019fa6cb-41a6-765a-b059-1c92dec40e06'), 10, 0)
2026-08-04 07:56:35,330 INFO sqlalchemy.engine.Engine SELECT levels.id AS levels_id, levels.name AS levels_name, levels.description AS levels_description, levels.level_order AS levels_level_order 
FROM levels 
WHERE levels.id IN ($1::UUID)
2026-08-04 07:56:35,330 INFO sqlalchemy.engine.Engine [generated in 0.00026s] (UUID('019fa30c-6e45-7de8-b19e-01532d8d61f7'),)
2026-08-04 07:56:35,332 INFO sqlalchemy.engine.Engine SELECT roles.id AS roles_id, roles.name AS roles_name, roles.description AS roles_description, roles.role_order AS roles_role_order, roles.tenant_id AS roles_tenant_id, roles.is_active AS roles_is_active 
FROM roles 
WHERE roles.id IN ($1::UUID)
2026-08-04 07:56:35,332 INFO sqlalchemy.engine.Engine [generated in 0.00028s] (UUID('019fa30c-6e0b-7f67-83ed-8ee35dc6de62'),)
2026-08-04 07:56:35,334 INFO sqlalchemy.engine.Engine ROLLBACK
INFO:     222.252.26.190:0 - "GET /api/v1/ticket-flow-steps?flow_id=019fa6cb-41a6-765a-b059-1c92dec40e06&page_size=10&page=1 HTTP/1.1" 200 OK
2026-08-04 07:56:35,354 INFO sqlalchemy.engine.Engine SELECT ticket_flows.id AS ticket_flows_id, ticket_flows.tenant_id AS ticket_flows_tenant_id, ticket_flows.name AS ticket_flows_name, ticket_flows.description AS ticket_flows_description, ticket_flows.created_at AS ticket_flows_created_at, ticket_flows.updated_at AS ticket_flows_updated_at 
FROM ticket_flows 
WHERE ticket_flows.id IN ($1::UUID)
2026-08-04 07:56:35,354 INFO sqlalchemy.engine.Engine [generated in 0.00047s] (UUID('019fa6cb-41a6-765a-b059-1c92dec40e06'),)
2026-08-04 07:56:35,358 INFO sqlalchemy.engine.Engine SELECT tickets.id AS tickets_id, tickets.tenant_id AS tickets_tenant_id, tickets.code AS tickets_code, tickets.title AS tickets_title, tickets.description AS tickets_description, tickets.status AS tickets_status, tickets.priority AS tickets_priority, tickets.template_id AS tickets_template_id, tickets.flow_id AS tickets_flow_id, tickets.sla_id AS tickets_sla_id, tickets.created_by AS tickets_created_by, tickets.assigned_to AS tickets_assigned_to, tickets.created_at AS tickets_created_at, tickets.closed_at AS tickets_closed_at 
FROM tickets 
WHERE tickets.id IN ($1::UUID)
2026-08-04 07:56:35,358 INFO sqlalchemy.engine.Engine [generated in 0.00040s] (UUID('019fa787-90b5-782c-8fb7-625871608dd2'),)
2026-08-04 07:56:35,368 INFO sqlalchemy.engine.Engine ROLLBACK
INFO:     222.252.26.190:0 - "GET /api/v1/ticket-flow-instances?ticket_id=019fa787-90b5-782c-8fb7-625871608dd2&flow_id=019fa6cb-41a6-765a-b059-1c92dec40e06&page_size=10&page=1 HTTP/1.1" 200 OK
INFO:     222.252.26.190:0 - "OPTIONS /api/v1/ticket-flow-instances?ticket_id=019fa787-90b5-782c-8fb7-625871608dd2&current_step_id=019fa6fa-4465-71ec-810b-18213a8b8b34&page_size=1 HTTP/1.1" 200 OK
2026-08-04 07:56:35,405 INFO sqlalchemy.engine.Engine BEGIN (implicit)
2026-08-04 07:56:35,406 INFO sqlalchemy.engine.Engine SELECT users.id, users.username, users.password, users.email, users.fullname, users.create_day, users.chat_id, users.is_active, users.token_version, users.role_id, users.level_id, users.tenant_id, users.webphone_enabled, users.sip_extension, users.sip_username, users.sip_password, users.sip_domain, users.sip_ws_server, users.sip_port, users.sip_protocol, users.webphone_api_key, users.webphone_process_id, users.webphone_agent_id, users.call_recording_enabled, users.call_log_enabled, users.meta_data 
FROM users 
WHERE users.id = $1::UUID
2026-08-04 07:56:35,406 INFO sqlalchemy.engine.Engine [cached since 1.161e+04s ago] ('019fa30c-7688-7655-9977-81f7710449c0',)
2026-08-04 07:56:35,410 INFO sqlalchemy.engine.Engine SELECT levels.id AS levels_id, levels.name AS levels_name, levels.description AS levels_description, levels.level_order AS levels_level_order 
FROM levels 
WHERE levels.id IN ($1::UUID)
2026-08-04 07:56:35,410 INFO sqlalchemy.engine.Engine [cached since 1.161e+04s ago] (UUID('019fa30c-6e16-717f-8c8f-786905fd29ed'),)
2026-08-04 07:56:35,413 INFO sqlalchemy.engine.Engine SELECT roles.id AS roles_id, roles.name AS roles_name, roles.description AS roles_description, roles.role_order AS roles_role_order, roles.tenant_id AS roles_tenant_id, roles.is_active AS roles_is_active 
FROM roles 
WHERE roles.id IN ($1::UUID)
2026-08-04 07:56:35,413 INFO sqlalchemy.engine.Engine [cached since 1.161e+04s ago] (UUID('019fa30c-6dfa-76b9-a1ec-702518695e5a'),)
2026-08-04 07:56:35,416 INFO sqlalchemy.engine.Engine SELECT users.is_active 
FROM users 
WHERE users.id = $1::UUID
2026-08-04 07:56:35,416 INFO sqlalchemy.engine.Engine [cached since 3489s ago] (UUID('019fa30c-7688-7655-9977-81f7710449c0'),)
2026-08-04 07:56:35,418 INFO sqlalchemy.engine.Engine SELECT users.role_id 
FROM users 
WHERE users.id = $1::UUID
2026-08-04 07:56:35,418 INFO sqlalchemy.engine.Engine [cached since 3489s ago] (UUID('019fa30c-7688-7655-9977-81f7710449c0'),)
2026-08-04 07:56:35,419 INFO sqlalchemy.engine.Engine SELECT permissions.name 
FROM permissions JOIN role_permissions ON role_permissions.permission_id = permissions.id 
WHERE role_permissions.role_id = $1::UUID
2026-08-04 07:56:35,419 INFO sqlalchemy.engine.Engine [cached since 3489s ago] (UUID('019fa30c-6dfa-76b9-a1ec-702518695e5a'),)
2026-08-04 07:56:35,422 INFO sqlalchemy.engine.Engine SELECT max(levels.level_order) AS max_1 
FROM levels
2026-08-04 07:56:35,422 INFO sqlalchemy.engine.Engine [cached since 3489s ago] ()
2026-08-04 07:56:35,426 INFO sqlalchemy.engine.Engine SELECT count(*) AS count_1 
FROM (SELECT ticket_flow_instances.id AS id, ticket_flow_instances.ticket_id AS ticket_id, ticket_flow_instances.flow_id AS flow_id, ticket_flow_instances.current_step_id AS current_step_id, ticket_flow_instances.status AS status, ticket_flow_instances.started_at AS started_at, ticket_flow_instances.finished_at AS finished_at, ticket_flow_instances.tenant_id AS tenant_id 
FROM ticket_flow_instances 
WHERE ticket_flow_instances.ticket_id = $1::UUID AND ticket_flow_instances.current_step_id = $2::UUID ORDER BY ticket_flow_instances.started_at DESC) AS anon_1
2026-08-04 07:56:35,426 INFO sqlalchemy.engine.Engine [generated in 0.00019s] (UUID('019fa787-90b5-782c-8fb7-625871608dd2'), UUID('019fa6fa-4465-71ec-810b-18213a8b8b34'))
2026-08-04 07:56:35,429 INFO sqlalchemy.engine.Engine SELECT ticket_flow_instances.id, ticket_flow_instances.ticket_id, ticket_flow_instances.flow_id, ticket_flow_instances.current_step_id, ticket_flow_instances.status, ticket_flow_instances.started_at, ticket_flow_instances.finished_at, ticket_flow_instances.tenant_id 
FROM ticket_flow_instances 
WHERE ticket_flow_instances.ticket_id = $1::UUID AND ticket_flow_instances.current_step_id = $2::UUID ORDER BY ticket_flow_instances.started_at DESC 
 LIMIT $3::INTEGER OFFSET $4::INTEGER
2026-08-04 07:56:35,429 INFO sqlalchemy.engine.Engine [generated in 0.00018s] (UUID('019fa787-90b5-782c-8fb7-625871608dd2'), UUID('019fa6fa-4465-71ec-810b-18213a8b8b34'), 1, 0)
2026-08-04 07:56:35,439 INFO sqlalchemy.engine.Engine SELECT ticket_flows.id AS ticket_flows_id, ticket_flows.tenant_id AS ticket_flows_tenant_id, ticket_flows.name AS ticket_flows_name, ticket_flows.description AS ticket_flows_description, ticket_flows.created_at AS ticket_flows_created_at, ticket_flows.updated_at AS ticket_flows_updated_at 
FROM ticket_flows 
WHERE ticket_flows.id IN ($1::UUID)
2026-08-04 07:56:35,439 INFO sqlalchemy.engine.Engine [cached since 0.08481s ago] (UUID('019fa6cb-41a6-765a-b059-1c92dec40e06'),)
2026-08-04 07:56:35,441 INFO sqlalchemy.engine.Engine SELECT tickets.id AS tickets_id, tickets.tenant_id AS tickets_tenant_id, tickets.code AS tickets_code, tickets.title AS tickets_title, tickets.description AS tickets_description, tickets.status AS tickets_status, tickets.priority AS tickets_priority, tickets.template_id AS tickets_template_id, tickets.flow_id AS tickets_flow_id, tickets.sla_id AS tickets_sla_id, tickets.created_by AS tickets_created_by, tickets.assigned_to AS tickets_assigned_to, tickets.created_at AS tickets_created_at, tickets.closed_at AS tickets_closed_at 
FROM tickets 
WHERE tickets.id IN ($1::UUID)
2026-08-04 07:56:35,441 INFO sqlalchemy.engine.Engine [cached since 0.08321s ago] (UUID('019fa787-90b5-782c-8fb7-625871608dd2'),)
2026-08-04 07:56:35,449 INFO sqlalchemy.engine.Engine ROLLBACK
INFO:     222.252.26.190:0 - "GET /api/v1/ticket-flow-instances?ticket_id=019fa787-90b5-782c-8fb7-625871608dd2&current_step_id=019fa6fa-4465-71ec-810b-18213a8b8b34&page_size=1 HTTP/1.1" 200 OK
TUZvg-L5ihMYxU_oAAAQ: Sending packet PING data None
TUZvg-L5ihMYxU_oAAAQ: Received packet PONG data 
INFO:     222.252.26.190:0 - "OPTIONS /api/v1/roles?page=1&page_size=10 HTTP/1.1" 200 OK
2026-08-04 07:56:37,385 INFO sqlalchemy.engine.Engine BEGIN (implicit)
2026-08-04 07:56:37,385 INFO sqlalchemy.engine.Engine SELECT users.id AS users_id, users.username AS users_username, users.password AS users_password, users.email AS users_email, users.fullname AS users_fullname, users.create_day AS users_create_day, users.chat_id AS users_chat_id, users.is_active AS users_is_active, users.token_version AS users_token_version, users.role_id AS users_role_id, users.level_id AS users_level_id, users.tenant_id AS users_tenant_id, users.webphone_enabled AS users_webphone_enabled, users.sip_extension AS users_sip_extension, users.sip_username AS users_sip_username, users.sip_password AS users_sip_password, users.sip_domain AS users_sip_domain, users.sip_ws_server AS users_sip_ws_server, users.sip_port AS users_sip_port, users.sip_protocol AS users_sip_protocol, users.webphone_api_key AS users_webphone_api_key, users.webphone_process_id AS users_webphone_process_id, users.webphone_agent_id AS users_webphone_agent_id, users.call_recording_enabled AS users_call_recording_enabled, users.call_log_enabled AS users_call_log_enabled, users.meta_data AS users_meta_data 
FROM users 
WHERE users.id = $1::UUID
2026-08-04 07:56:37,386 INFO sqlalchemy.engine.Engine [cached since 3491s ago] (UUID('019fa30c-7688-7655-9977-81f7710449c0'),)
2026-08-04 07:56:37,390 INFO sqlalchemy.engine.Engine SELECT levels.id AS levels_id, levels.name AS levels_name, levels.description AS levels_description, levels.level_order AS levels_level_order 
FROM levels 
WHERE levels.id IN ($1::UUID)
2026-08-04 07:56:37,390 INFO sqlalchemy.engine.Engine [cached since 1.161e+04s ago] (UUID('019fa30c-6e16-717f-8c8f-786905fd29ed'),)
2026-08-04 07:56:37,392 INFO sqlalchemy.engine.Engine SELECT roles.id AS roles_id, roles.name AS roles_name, roles.description AS roles_description, roles.role_order AS roles_role_order, roles.tenant_id AS roles_tenant_id, roles.is_active AS roles_is_active 
FROM roles 
WHERE roles.id IN ($1::UUID)
2026-08-04 07:56:37,392 INFO sqlalchemy.engine.Engine [cached since 1.161e+04s ago] (UUID('019fa30c-6dfa-76b9-a1ec-702518695e5a'),)
2026-08-04 07:56:37,394 INFO sqlalchemy.engine.Engine SELECT users.is_active 
FROM users 
WHERE users.id = $1::UUID
2026-08-04 07:56:37,395 INFO sqlalchemy.engine.Engine [cached since 3491s ago] (UUID('019fa30c-7688-7655-9977-81f7710449c0'),)
2026-08-04 07:56:37,396 INFO sqlalchemy.engine.Engine SELECT users.role_id 
FROM users 
WHERE users.id = $1::UUID
2026-08-04 07:56:37,396 INFO sqlalchemy.engine.Engine [cached since 3491s ago] (UUID('019fa30c-7688-7655-9977-81f7710449c0'),)
2026-08-04 07:56:37,398 INFO sqlalchemy.engine.Engine SELECT permissions.name 
FROM permissions JOIN role_permissions ON role_permissions.permission_id = permissions.id 
WHERE role_permissions.role_id = $1::UUID
2026-08-04 07:56:37,398 INFO sqlalchemy.engine.Engine [cached since 3491s ago] (UUID('019fa30c-6dfa-76b9-a1ec-702518695e5a'),)
2026-08-04 07:56:37,399 INFO sqlalchemy.engine.Engine SELECT users.id, users.username, users.password, users.email, users.fullname, users.create_day, users.chat_id, users.is_active, users.token_version, users.role_id, users.level_id, users.tenant_id, users.webphone_enabled, users.sip_extension, users.sip_username, users.sip_password, users.sip_domain, users.sip_ws_server, users.sip_port, users.sip_protocol, users.webphone_api_key, users.webphone_process_id, users.webphone_agent_id, users.call_recording_enabled, users.call_log_enabled, users.meta_data 
FROM users 
WHERE users.id = $1::UUID
2026-08-04 07:56:37,400 INFO sqlalchemy.engine.Engine [cached since 1.161e+04s ago] ('019fa30c-7688-7655-9977-81f7710449c0',)
2026-08-04 07:56:37,401 INFO sqlalchemy.engine.Engine SELECT levels.id AS levels_id, levels.name AS levels_name, levels.description AS levels_description, levels.level_order AS levels_level_order 
FROM levels 
WHERE levels.id IN ($1::UUID)
2026-08-04 07:56:37,401 INFO sqlalchemy.engine.Engine [cached since 1.161e+04s ago] (UUID('019fa30c-6e16-717f-8c8f-786905fd29ed'),)
2026-08-04 07:56:37,402 INFO sqlalchemy.engine.Engine SELECT roles.id AS roles_id, roles.name AS roles_name, roles.description AS roles_description, roles.role_order AS roles_role_order, roles.tenant_id AS roles_tenant_id, roles.is_active AS roles_is_active 
FROM roles 
WHERE roles.id IN ($1::UUID)
2026-08-04 07:56:37,402 INFO sqlalchemy.engine.Engine [cached since 1.161e+04s ago] (UUID('019fa30c-6dfa-76b9-a1ec-702518695e5a'),)
2026-08-04 07:56:37,403 INFO sqlalchemy.engine.Engine SELECT max(levels.level_order) AS max_1 
FROM levels
2026-08-04 07:56:37,403 INFO sqlalchemy.engine.Engine [cached since 3491s ago] ()
2026-08-04 07:56:37,404 INFO sqlalchemy.engine.Engine SELECT roles.id, roles.name, roles.description, roles.role_order, roles.tenant_id, roles.is_active 
FROM roles 
 LIMIT $1::INTEGER OFFSET $2::INTEGER
2026-08-04 07:56:37,405 INFO sqlalchemy.engine.Engine [cached since 3486s ago] (10, 0)
2026-08-04 07:56:37,406 INFO sqlalchemy.engine.Engine SELECT users.role_id AS users_role_id, users.id AS users_id, users.username AS users_username, users.password AS users_password, users.email AS users_email, users.fullname AS users_fullname, users.create_day AS users_create_day, users.chat_id AS users_chat_id, users.is_active AS users_is_active, users.token_version AS users_token_version, users.level_id AS users_level_id, users.tenant_id AS users_tenant_id, users.webphone_enabled AS users_webphone_enabled, users.sip_extension AS users_sip_extension, users.sip_username AS users_sip_username, users.sip_password AS users_sip_password, users.sip_domain AS users_sip_domain, users.sip_ws_server AS users_sip_ws_server, users.sip_port AS users_sip_port, users.sip_protocol AS users_sip_protocol, users.webphone_api_key AS users_webphone_api_key, users.webphone_process_id AS users_webphone_process_id, users.webphone_agent_id AS users_webphone_agent_id, users.call_recording_enabled AS users_call_recording_enabled, users.call_log_enabled AS users_call_log_enabled, users.meta_data AS users_meta_data 
FROM users 
WHERE users.role_id IN ($1::UUID, $2::UUID)
2026-08-04 07:56:37,406 INFO sqlalchemy.engine.Engine [cached since 3486s ago] (UUID('019fa30c-6dfa-76b9-a1ec-702518695e5a'), UUID('019fa30c-6e0b-7f67-83ed-8ee35dc6de62'))
2026-08-04 07:56:37,407 INFO sqlalchemy.engine.Engine SELECT levels.id AS levels_id, levels.name AS levels_name, levels.description AS levels_description, levels.level_order AS levels_level_order 
FROM levels 
WHERE levels.id IN ($1::UUID, $2::UUID, $3::UUID)
2026-08-04 07:56:37,407 INFO sqlalchemy.engine.Engine [cached since 3486s ago] (UUID('019fa30c-6e16-717f-8c8f-786905fd29ed'), UUID('019fa30c-6e36-7603-8c1d-e0f1e1cdab60'), UUID('019fa30c-6e45-7de8-b19e-01532d8d61f7'))
2026-08-04 07:56:37,409 INFO sqlalchemy.engine.Engine SELECT count(*) AS count_1 
FROM roles
2026-08-04 07:56:37,409 INFO sqlalchemy.engine.Engine [cached since 3486s ago] ()
2026-08-04 07:56:37,410 INFO sqlalchemy.engine.Engine ROLLBACK
INFO:     222.252.26.190:0 - "GET /api/v1/roles?page=1&page_size=10 HTTP/1.1" 200 OK
INFO:     222.252.26.190:0 - "OPTIONS /api/v1/roles?page=1&page_size=100 HTTP/1.1" 200 OK
INFO:     222.252.26.190:0 - "OPTIONS /api/v1/permissions/all HTTP/1.1" 200 OK
INFO:     222.252.26.190:0 - "OPTIONS /api/v1/role-permission/019fa30c-6dfa-76b9-a1ec-702518695e5a HTTP/1.1" 200 OK
2026-08-04 07:56:39,468 INFO sqlalchemy.engine.Engine BEGIN (implicit)
2026-08-04 07:56:39,469 INFO sqlalchemy.engine.Engine SELECT users.id AS users_id, users.username AS users_username, users.password AS users_password, users.email AS users_email, users.fullname AS users_fullname, users.create_day AS users_create_day, users.chat_id AS users_chat_id, users.is_active AS users_is_active, users.token_version AS users_token_version, users.role_id AS users_role_id, users.level_id AS users_level_id, users.tenant_id AS users_tenant_id, users.webphone_enabled AS users_webphone_enabled, users.sip_extension AS users_sip_extension, users.sip_username AS users_sip_username, users.sip_password AS users_sip_password, users.sip_domain AS users_sip_domain, users.sip_ws_server AS users_sip_ws_server, users.sip_port AS users_sip_port, users.sip_protocol AS users_sip_protocol, users.webphone_api_key AS users_webphone_api_key, users.webphone_process_id AS users_webphone_process_id, users.webphone_agent_id AS users_webphone_agent_id, users.call_recording_enabled AS users_call_recording_enabled, users.call_log_enabled AS users_call_log_enabled, users.meta_data AS users_meta_data 
FROM users 
WHERE users.id = $1::UUID
2026-08-04 07:56:39,469 INFO sqlalchemy.engine.Engine [cached since 3493s ago] (UUID('019fa30c-7688-7655-9977-81f7710449c0'),)
2026-08-04 07:56:39,475 INFO sqlalchemy.engine.Engine SELECT levels.id AS levels_id, levels.name AS levels_name, levels.description AS levels_description, levels.level_order AS levels_level_order 
FROM levels 
WHERE levels.id IN ($1::UUID)
2026-08-04 07:56:39,475 INFO sqlalchemy.engine.Engine [cached since 1.161e+04s ago] (UUID('019fa30c-6e16-717f-8c8f-786905fd29ed'),)
2026-08-04 07:56:39,479 INFO sqlalchemy.engine.Engine SELECT roles.id AS roles_id, roles.name AS roles_name, roles.description AS roles_description, roles.role_order AS roles_role_order, roles.tenant_id AS roles_tenant_id, roles.is_active AS roles_is_active 
FROM roles 
WHERE roles.id IN ($1::UUID)
2026-08-04 07:56:39,480 INFO sqlalchemy.engine.Engine [cached since 1.161e+04s ago] (UUID('019fa30c-6dfa-76b9-a1ec-702518695e5a'),)
2026-08-04 07:56:39,482 INFO sqlalchemy.engine.Engine BEGIN (implicit)
2026-08-04 07:56:39,482 INFO sqlalchemy.engine.Engine SELECT users.id, users.username, users.password, users.email, users.fullname, users.create_day, users.chat_id, users.is_active, users.token_version, users.role_id, users.level_id, users.tenant_id, users.webphone_enabled, users.sip_extension, users.sip_username, users.sip_password, users.sip_domain, users.sip_ws_server, users.sip_port, users.sip_protocol, users.webphone_api_key, users.webphone_process_id, users.webphone_agent_id, users.call_recording_enabled, users.call_log_enabled, users.meta_data 
FROM users 
WHERE users.id = $1::UUID
2026-08-04 07:56:39,482 INFO sqlalchemy.engine.Engine [cached since 1.161e+04s ago] ('019fa30c-7688-7655-9977-81f7710449c0',)
2026-08-04 07:56:39,483 INFO sqlalchemy.engine.Engine SELECT users.is_active 
FROM users 
WHERE users.id = $1::UUID
2026-08-04 07:56:39,483 INFO sqlalchemy.engine.Engine [cached since 3493s ago] (UUID('019fa30c-7688-7655-9977-81f7710449c0'),)
2026-08-04 07:56:39,485 INFO sqlalchemy.engine.Engine SELECT users.role_id 
FROM users 
WHERE users.id = $1::UUID
2026-08-04 07:56:39,485 INFO sqlalchemy.engine.Engine [cached since 3493s ago] (UUID('019fa30c-7688-7655-9977-81f7710449c0'),)
2026-08-04 07:56:39,486 INFO sqlalchemy.engine.Engine BEGIN (implicit)
2026-08-04 07:56:39,486 INFO sqlalchemy.engine.Engine SELECT users.id, users.username, users.password, users.email, users.fullname, users.create_day, users.chat_id, users.is_active, users.token_version, users.role_id, users.level_id, users.tenant_id, users.webphone_enabled, users.sip_extension, users.sip_username, users.sip_password, users.sip_domain, users.sip_ws_server, users.sip_port, users.sip_protocol, users.webphone_api_key, users.webphone_process_id, users.webphone_agent_id, users.call_recording_enabled, users.call_log_enabled, users.meta_data 
FROM users 
WHERE users.id = $1::UUID
2026-08-04 07:56:39,486 INFO sqlalchemy.engine.Engine [cached since 1.161e+04s ago] ('019fa30c-7688-7655-9977-81f7710449c0',)
2026-08-04 07:56:39,487 INFO sqlalchemy.engine.Engine SELECT levels.id AS levels_id, levels.name AS levels_name, levels.description AS levels_description, levels.level_order AS levels_level_order 
FROM levels 
WHERE levels.id IN ($1::UUID)
2026-08-04 07:56:39,487 INFO sqlalchemy.engine.Engine [cached since 1.161e+04s ago] (UUID('019fa30c-6e16-717f-8c8f-786905fd29ed'),)
2026-08-04 07:56:39,488 INFO sqlalchemy.engine.Engine SELECT permissions.name 
FROM permissions JOIN role_permissions ON role_permissions.permission_id = permissions.id 
WHERE role_permissions.role_id = $1::UUID
2026-08-04 07:56:39,488 INFO sqlalchemy.engine.Engine [cached since 3493s ago] (UUID('019fa30c-6dfa-76b9-a1ec-702518695e5a'),)
2026-08-04 07:56:39,491 INFO sqlalchemy.engine.Engine SELECT users.id, users.username, users.password, users.email, users.fullname, users.create_day, users.chat_id, users.is_active, users.token_version, users.role_id, users.level_id, users.tenant_id, users.webphone_enabled, users.sip_extension, users.sip_username, users.sip_password, users.sip_domain, users.sip_ws_server, users.sip_port, users.sip_protocol, users.webphone_api_key, users.webphone_process_id, users.webphone_agent_id, users.call_recording_enabled, users.call_log_enabled, users.meta_data 
FROM users 
WHERE users.id = $1::UUID
2026-08-04 07:56:39,491 INFO sqlalchemy.engine.Engine [cached since 1.161e+04s ago] ('019fa30c-7688-7655-9977-81f7710449c0',)
2026-08-04 07:56:39,493 INFO sqlalchemy.engine.Engine SELECT roles.id AS roles_id, roles.name AS roles_name, roles.description AS roles_description, roles.role_order AS roles_role_order, roles.tenant_id AS roles_tenant_id, roles.is_active AS roles_is_active 
FROM roles 
WHERE roles.id IN ($1::UUID)
2026-08-04 07:56:39,493 INFO sqlalchemy.engine.Engine [cached since 1.161e+04s ago] (UUID('019fa30c-6dfa-76b9-a1ec-702518695e5a'),)
2026-08-04 07:56:39,495 INFO sqlalchemy.engine.Engine SELECT levels.id AS levels_id, levels.name AS levels_name, levels.description AS levels_description, levels.level_order AS levels_level_order 
FROM levels 
WHERE levels.id IN ($1::UUID)
2026-08-04 07:56:39,496 INFO sqlalchemy.engine.Engine [cached since 1.161e+04s ago] (UUID('019fa30c-6e16-717f-8c8f-786905fd29ed'),)
2026-08-04 07:56:39,496 INFO sqlalchemy.engine.Engine SELECT users.is_active 
FROM users 
WHERE users.id = $1::UUID
2026-08-04 07:56:39,496 INFO sqlalchemy.engine.Engine [cached since 3493s ago] (UUID('019fa30c-7688-7655-9977-81f7710449c0'),)
2026-08-04 07:56:39,497 INFO sqlalchemy.engine.Engine SELECT levels.id AS levels_id, levels.name AS levels_name, levels.description AS levels_description, levels.level_order AS levels_level_order 
FROM levels 
WHERE levels.id IN ($1::UUID)
2026-08-04 07:56:39,497 INFO sqlalchemy.engine.Engine [cached since 1.161e+04s ago] (UUID('019fa30c-6e16-717f-8c8f-786905fd29ed'),)
2026-08-04 07:56:39,498 INFO sqlalchemy.engine.Engine SELECT roles.id AS roles_id, roles.name AS roles_name, roles.description AS roles_description, roles.role_order AS roles_role_order, roles.tenant_id AS roles_tenant_id, roles.is_active AS roles_is_active 
FROM roles 
WHERE roles.id IN ($1::UUID)
2026-08-04 07:56:39,498 INFO sqlalchemy.engine.Engine [cached since 1.161e+04s ago] (UUID('019fa30c-6dfa-76b9-a1ec-702518695e5a'),)
2026-08-04 07:56:39,499 INFO sqlalchemy.engine.Engine SELECT users.role_id 
FROM users 
WHERE users.id = $1::UUID
2026-08-04 07:56:39,499 INFO sqlalchemy.engine.Engine [cached since 3493s ago] (UUID('019fa30c-7688-7655-9977-81f7710449c0'),)
2026-08-04 07:56:39,500 INFO sqlalchemy.engine.Engine SELECT roles.id AS roles_id, roles.name AS roles_name, roles.description AS roles_description, roles.role_order AS roles_role_order, roles.tenant_id AS roles_tenant_id, roles.is_active AS roles_is_active 
FROM roles 
WHERE roles.id IN ($1::UUID)
2026-08-04 07:56:39,500 INFO sqlalchemy.engine.Engine [cached since 1.161e+04s ago] (UUID('019fa30c-6dfa-76b9-a1ec-702518695e5a'),)
2026-08-04 07:56:39,501 INFO sqlalchemy.engine.Engine SELECT max(levels.level_order) AS max_1 
FROM levels
2026-08-04 07:56:39,501 INFO sqlalchemy.engine.Engine [cached since 3493s ago] ()
2026-08-04 07:56:39,502 INFO sqlalchemy.engine.Engine SELECT permissions.name 
FROM permissions JOIN role_permissions ON role_permissions.permission_id = permissions.id 
WHERE role_permissions.role_id = $1::UUID
2026-08-04 07:56:39,502 INFO sqlalchemy.engine.Engine [cached since 3493s ago] (UUID('019fa30c-6dfa-76b9-a1ec-702518695e5a'),)
2026-08-04 07:56:39,503 INFO sqlalchemy.engine.Engine SELECT users.is_active 
FROM users 
WHERE users.id = $1::UUID
2026-08-04 07:56:39,503 INFO sqlalchemy.engine.Engine [cached since 3493s ago] (UUID('019fa30c-7688-7655-9977-81f7710449c0'),)
2026-08-04 07:56:39,503 INFO sqlalchemy.engine.Engine SELECT roles.id, roles.name, roles.description, roles.role_order, roles.tenant_id, roles.is_active 
FROM roles 
 LIMIT $1::INTEGER OFFSET $2::INTEGER
2026-08-04 07:56:39,504 INFO sqlalchemy.engine.Engine [cached since 3488s ago] (100, 0)
2026-08-04 07:56:39,504 INFO sqlalchemy.engine.Engine SELECT users.role_id 
FROM users 
WHERE users.id = $1::UUID
2026-08-04 07:56:39,504 INFO sqlalchemy.engine.Engine [cached since 3493s ago] (UUID('019fa30c-7688-7655-9977-81f7710449c0'),)
2026-08-04 07:56:39,505 INFO sqlalchemy.engine.Engine SELECT max(levels.level_order) AS max_1 
FROM levels
2026-08-04 07:56:39,505 INFO sqlalchemy.engine.Engine [cached since 3493s ago] ()
2026-08-04 07:56:39,506 INFO sqlalchemy.engine.Engine SELECT users.role_id AS users_role_id, users.id AS users_id, users.username AS users_username, users.password AS users_password, users.email AS users_email, users.fullname AS users_fullname, users.create_day AS users_create_day, users.chat_id AS users_chat_id, users.is_active AS users_is_active, users.token_version AS users_token_version, users.level_id AS users_level_id, users.tenant_id AS users_tenant_id, users.webphone_enabled AS users_webphone_enabled, users.sip_extension AS users_sip_extension, users.sip_username AS users_sip_username, users.sip_password AS users_sip_password, users.sip_domain AS users_sip_domain, users.sip_ws_server AS users_sip_ws_server, users.sip_port AS users_sip_port, users.sip_protocol AS users_sip_protocol, users.webphone_api_key AS users_webphone_api_key, users.webphone_process_id AS users_webphone_process_id, users.webphone_agent_id AS users_webphone_agent_id, users.call_recording_enabled AS users_call_recording_enabled, users.call_log_enabled AS users_call_log_enabled, users.meta_data AS users_meta_data 
FROM users 
WHERE users.role_id IN ($1::UUID, $2::UUID)
2026-08-04 07:56:39,506 INFO sqlalchemy.engine.Engine [cached since 3488s ago] (UUID('019fa30c-6dfa-76b9-a1ec-702518695e5a'), UUID('019fa30c-6e0b-7f67-83ed-8ee35dc6de62'))
2026-08-04 07:56:39,506 INFO sqlalchemy.engine.Engine SELECT permissions.id, permissions.name, permissions.description, permissions.belong_to, permissions.tenant_id, permissions.is_active 
FROM permissions
2026-08-04 07:56:39,506 INFO sqlalchemy.engine.Engine [cached since 3486s ago] ()
2026-08-04 07:56:39,507 INFO sqlalchemy.engine.Engine SELECT permissions.name 
FROM permissions JOIN role_permissions ON role_permissions.permission_id = permissions.id 
WHERE role_permissions.role_id = $1::UUID
2026-08-04 07:56:39,507 INFO sqlalchemy.engine.Engine [cached since 3493s ago] (UUID('019fa30c-6dfa-76b9-a1ec-702518695e5a'),)
2026-08-04 07:56:39,508 INFO sqlalchemy.engine.Engine SELECT levels.id AS levels_id, levels.name AS levels_name, levels.description AS levels_description, levels.level_order AS levels_level_order 
FROM levels 
WHERE levels.id IN ($1::UUID, $2::UUID, $3::UUID)
2026-08-04 07:56:39,508 INFO sqlalchemy.engine.Engine [cached since 3488s ago] (UUID('019fa30c-6e16-717f-8c8f-786905fd29ed'), UUID('019fa30c-6e36-7603-8c1d-e0f1e1cdab60'), UUID('019fa30c-6e45-7de8-b19e-01532d8d61f7'))
2026-08-04 07:56:39,512 INFO sqlalchemy.engine.Engine SELECT max(levels.level_order) AS max_1 
FROM levels
2026-08-04 07:56:39,513 INFO sqlalchemy.engine.Engine [cached since 3493s ago] ()
2026-08-04 07:56:39,513 INFO sqlalchemy.engine.Engine ROLLBACK
2026-08-04 07:56:39,513 INFO sqlalchemy.engine.Engine SELECT count(*) AS count_1 
FROM roles
2026-08-04 07:56:39,514 INFO sqlalchemy.engine.Engine [cached since 3488s ago] ()
2026-08-04 07:56:39,514 INFO sqlalchemy.engine.Engine SELECT permissions.id, permissions.name, permissions.description, permissions.belong_to, permissions.tenant_id, permissions.is_active 
FROM permissions JOIN role_permissions ON permissions.id = role_permissions.permission_id 
WHERE role_permissions.role_id = $1::UUID
2026-08-04 07:56:39,514 INFO sqlalchemy.engine.Engine [cached since 3486s ago] (UUID('019fa30c-6dfa-76b9-a1ec-702518695e5a'),)
2026-08-04 07:56:39,515 INFO sqlalchemy.engine.Engine ROLLBACK
INFO:     222.252.26.190:0 - "GET /api/v1/permissions/all HTTP/1.1" 200 OK
2026-08-04 07:56:39,520 INFO sqlalchemy.engine.Engine ROLLBACK
INFO:     222.252.26.190:0 - "GET /api/v1/roles?page=1&page_size=100 HTTP/1.1" 200 OK
INFO:     222.252.26.190:0 - "GET /api/v1/role-permission/019fa30c-6dfa-76b9-a1ec-702518695e5a HTTP/1.1" 200 OK
TUZvg-L5ihMYxU_oAAAQ: Sending packet PING data None
TUZvg-L5ihMYxU_oAAAQ: Received packet PONG data 
TUZvg-L5ihMYxU_oAAAQ: Sending packet PING data None
TUZvg-L5ihMYxU_oAAAQ: Received packet PONG data 
TUZvg-L5ihMYxU_oAAAQ: Sending packet PING data None
TUZvg-L5ihMYxU_oAAAQ: Received packet PONG data 
TUZvg-L5ihMYxU_oAAAQ: Sending packet PING data None
TUZvg-L5ihMYxU_oAAAQ: Received packet PONG data 
TUZvg-L5ihMYxU_oAAAQ: Sending packet PING data None
TUZvg-L5ihMYxU_oAAAQ: Received packet PONG data 
TUZvg-L5ihMYxU_oAAAQ: Sending packet PING data None
TUZvg-L5ihMYxU_oAAAQ: Received packet PONG data 
INFO:     connection closed
INFO:     Shutting down
INFO:     Waiting for application shutdown.
INFO:     Application shutdown complete.
INFO:     Finished server process [2970599]
INFO:     Stopping reloader process [2962332]
