nohup: ignoring input
Server initialized for asgi.
INFO:     Will watch for changes in these directories: ['/usr/local/contact-center']
INFO:     Uvicorn running on http://0.0.0.0:8000 (Press CTRL+C to quit)
INFO:     Started reloader process [352141] using WatchFiles
Server initialized for asgi.
INFO:     Started server process [352143]
INFO:     Waiting for application startup.
INFO:     Application startup complete.
INFO:     222.252.26.190:42190 - "OPTIONS /api/v1/auth/login HTTP/1.1" 200 OK
2026-01-14 02:10:45,412 INFO sqlalchemy.engine.Engine select pg_catalog.version()
2026-01-14 02:10:45,412 INFO sqlalchemy.engine.Engine [raw sql] ()
2026-01-14 02:10:45,416 INFO sqlalchemy.engine.Engine select current_schema()
2026-01-14 02:10:45,416 INFO sqlalchemy.engine.Engine [raw sql] ()
2026-01-14 02:10:45,418 INFO sqlalchemy.engine.Engine show standard_conforming_strings
2026-01-14 02:10:45,418 INFO sqlalchemy.engine.Engine [raw sql] ()
2026-01-14 02:10:45,419 INFO sqlalchemy.engine.Engine BEGIN (implicit)
2026-01-14 02:10:45,468 INFO sqlalchemy.engine.Engine SELECT users.id, users.username, users.password, users.email, users.fullname, users.create_day, users.chat_id, users.is_active, users.token_version, users.role_id, users.level_id, users.tenant_id, users.webphone_enabled, users.sip_extension, users.sip_username, users.sip_password, users.sip_domain, users.sip_ws_server, users.sip_port, users.sip_protocol, users.webphone_api_key, users.webphone_process_id, users.webphone_agent_id, users.call_recording_enabled, users.call_log_enabled 
FROM users 
WHERE users.username = $1::VARCHAR AND users.is_active = $2::INTEGER
2026-01-14 02:10:45,468 INFO sqlalchemy.engine.Engine [generated in 0.00026s] ('admin', 1)
2026-01-14 02:10:45,476 INFO sqlalchemy.engine.Engine SELECT roles.id AS roles_id, roles.name AS roles_name, roles.description AS roles_description, roles.role_order AS roles_role_order, roles.tenant_id AS roles_tenant_id, roles.is_active AS roles_is_active 
FROM roles 
WHERE roles.id IN ($1::UUID)
2026-01-14 02:10:45,476 INFO sqlalchemy.engine.Engine [generated in 0.00023s] (UUID('019b8bea-cc2d-7967-bce5-55008e6e286e'),)
2026-01-14 02:10:45,480 INFO sqlalchemy.engine.Engine SELECT levels.id AS levels_id, levels.name AS levels_name, levels.description AS levels_description, levels.level_order AS levels_level_order 
FROM levels 
WHERE levels.id IN ($1::UUID)
2026-01-14 02:10:45,480 INFO sqlalchemy.engine.Engine [generated in 0.00020s] (UUID('019b8bea-cc40-7d2b-997c-2e87c9cf0213'),)
2026-01-14 02:10:46,473 INFO sqlalchemy.engine.Engine SELECT roles.id, roles.name, roles.description, roles.role_order, roles.tenant_id, roles.is_active 
FROM roles 
WHERE roles.id = $1::UUID AND roles.is_active = $2::INTEGER
2026-01-14 02:10:46,473 INFO sqlalchemy.engine.Engine [generated in 0.00025s] (UUID('019b8bea-cc2d-7967-bce5-55008e6e286e'), 1)
2026-01-14 02:10:46,477 INFO sqlalchemy.engine.Engine SELECT users.role_id AS users_role_id, users.id AS users_id, users.username AS users_username, users.password AS users_password, users.email AS users_email, users.fullname AS users_fullname, users.create_day AS users_create_day, users.chat_id AS users_chat_id, users.is_active AS users_is_active, users.token_version AS users_token_version, users.level_id AS users_level_id, users.tenant_id AS users_tenant_id, users.webphone_enabled AS users_webphone_enabled, users.sip_extension AS users_sip_extension, users.sip_username AS users_sip_username, users.sip_password AS users_sip_password, users.sip_domain AS users_sip_domain, users.sip_ws_server AS users_sip_ws_server, users.sip_port AS users_sip_port, users.sip_protocol AS users_sip_protocol, users.webphone_api_key AS users_webphone_api_key, users.webphone_process_id AS users_webphone_process_id, users.webphone_agent_id AS users_webphone_agent_id, users.call_recording_enabled AS users_call_recording_enabled, users.call_log_enabled AS users_call_log_enabled 
FROM users 
WHERE users.role_id IN ($1::UUID)
2026-01-14 02:10:46,477 INFO sqlalchemy.engine.Engine [generated in 0.00024s] (UUID('019b8bea-cc2d-7967-bce5-55008e6e286e'),)
2026-01-14 02:10:46,479 INFO sqlalchemy.engine.Engine SELECT levels.id AS levels_id, levels.name AS levels_name, levels.description AS levels_description, levels.level_order AS levels_level_order 
FROM levels 
WHERE levels.id IN ($1::UUID)
2026-01-14 02:10:46,480 INFO sqlalchemy.engine.Engine [generated in 0.00018s] (UUID('019b8bea-cc40-7d2b-997c-2e87c9cf0213'),)
2026-01-14 02:10:46,481 INFO sqlalchemy.engine.Engine SELECT tenant.id, tenant.name, tenant.description, tenant.is_active, tenant.partner_id 
FROM tenant 
WHERE tenant.id = $1::UUID AND tenant.is_active = $2::INTEGER
2026-01-14 02:10:46,481 INFO sqlalchemy.engine.Engine [generated in 0.00018s] (UUID('019b8bea-cb75-72da-8cb0-66359f310427'), 1)
2026-01-14 02:10:46,485 INFO sqlalchemy.engine.Engine DELETE FROM refresh_tokens WHERE refresh_tokens.user_id = $1::UUID
2026-01-14 02:10:46,485 INFO sqlalchemy.engine.Engine [generated in 0.00015s] (UUID('019b8bea-d0b3-7d18-b717-228a2bab0c17'),)
2026-01-14 02:10:46,489 INFO sqlalchemy.engine.Engine INSERT INTO logs (id, user_name, action, create_time, data, user_id, tenant_id) VALUES ($1::UUID, $2::VARCHAR, $3::VARCHAR, $4::TIMESTAMP WITH TIME ZONE, $5::VARCHAR, $6::UUID, $7::UUID)
2026-01-14 02:10:46,489 INFO sqlalchemy.engine.Engine [generated in 0.00022s] (UUID('019bba45-0e59-7176-88d1-317d7d86fcc0'), 'admin', 'login', datetime.datetime(2026, 1, 14, 2, 10, 46, 489436, tzinfo=datetime.timezone.utc), '{"ip": "222.252.26.190", "user_agent": "Mozilla/5.0 (Windows NT 10.0; Win64; x64) AppleWebKit/537.36 (KHTML, like Gecko) Chrome/143.0.0.0 Safari/537.36", "method": "POST"}', UUID('019b8bea-d0b3-7d18-b717-228a2bab0c17'), UUID('019b8bea-cb75-72da-8cb0-66359f310427'))
2026-01-14 02:10:46,493 INFO sqlalchemy.engine.Engine INSERT INTO refresh_tokens (id, refresh_token, ip, user_agent, created_at, expired_at, user_id, tenant_id) VALUES ($1::UUID, $2::VARCHAR, $3::VARCHAR, $4::VARCHAR, $5::TIMESTAMP WITH TIME ZONE, $6::TIMESTAMP WITH TIME ZONE, $7::UUID, $8::UUID)
2026-01-14 02:10:46,493 INFO sqlalchemy.engine.Engine [generated in 0.00020s] (UUID('019bba45-0e5d-7bd6-bd71-a5d8a82d977e'), 'eyJhbGciOiJIUzI1NiIsInR5cCI6IkpXVCJ9.eyJ1c2VyX2lkIjoiMDE5YjhiZWEtZDBiMy03ZDE4LWI3MTctMjI4YTJiYWIwYzE3IiwidGVuYW50X2lkIjoiMDE5YjhiZWEtY2I3NS03MmRhLThjYjAtNjYzNTlmMzEwNDI3IiwidG9rZW5fdmVyc2lvbiI6MiwiZXhwIjoxNzY4NDQzMDQ2LCJ0b2tlbl90eXBlIjoicmVmcmVzaCJ9.duzYJPXwjc6nL15PpI2-pc9xP5ekLBwaKYWjEMNy_WI', '222.252.26.190', 'Mozilla/5.0 (Windows NT 10.0; Win64; x64) AppleWebKit/537.36 (KHTML, like Gecko) Chrome/143.0.0.0 Safari/537.36', datetime.datetime(2026, 1, 14, 2, 10, 46, 493710, tzinfo=datetime.timezone.utc), datetime.datetime(2026, 1, 15, 2, 10, 46, 493713, tzinfo=datetime.timezone.utc), UUID('019b8bea-d0b3-7d18-b717-228a2bab0c17'), UUID('019b8bea-cb75-72da-8cb0-66359f310427'))
2026-01-14 02:10:46,495 INFO sqlalchemy.engine.Engine COMMIT
INFO:     222.252.26.190:42190 - "POST /api/v1/auth/login HTTP/1.1" 200 OK
INFO:     222.252.26.190:50088 - "OPTIONS /api/v1/user/current HTTP/1.1" 200 OK
2026-01-14 02:10:52,207 INFO sqlalchemy.engine.Engine BEGIN (implicit)
2026-01-14 02:10:52,210 INFO sqlalchemy.engine.Engine SELECT users.id AS users_id, users.username AS users_username, users.password AS users_password, users.email AS users_email, users.fullname AS users_fullname, users.create_day AS users_create_day, users.chat_id AS users_chat_id, users.is_active AS users_is_active, users.token_version AS users_token_version, users.role_id AS users_role_id, users.level_id AS users_level_id, users.tenant_id AS users_tenant_id, users.webphone_enabled AS users_webphone_enabled, users.sip_extension AS users_sip_extension, users.sip_username AS users_sip_username, users.sip_password AS users_sip_password, users.sip_domain AS users_sip_domain, users.sip_ws_server AS users_sip_ws_server, users.sip_port AS users_sip_port, users.sip_protocol AS users_sip_protocol, users.webphone_api_key AS users_webphone_api_key, users.webphone_process_id AS users_webphone_process_id, users.webphone_agent_id AS users_webphone_agent_id, users.call_recording_enabled AS users_call_recording_enabled, users.call_log_enabled AS users_call_log_enabled 
FROM users 
WHERE users.id = $1::UUID
2026-01-14 02:10:52,211 INFO sqlalchemy.engine.Engine [generated in 0.00027s] (UUID('019b8bea-d0b3-7d18-b717-228a2bab0c17'),)
2026-01-14 02:10:52,215 INFO sqlalchemy.engine.Engine SELECT roles.id AS roles_id, roles.name AS roles_name, roles.description AS roles_description, roles.role_order AS roles_role_order, roles.tenant_id AS roles_tenant_id, roles.is_active AS roles_is_active 
FROM roles 
WHERE roles.id IN ($1::UUID)
2026-01-14 02:10:52,215 INFO sqlalchemy.engine.Engine [cached since 6.739s ago] (UUID('019b8bea-cc2d-7967-bce5-55008e6e286e'),)
2026-01-14 02:10:52,217 INFO sqlalchemy.engine.Engine SELECT levels.id AS levels_id, levels.name AS levels_name, levels.description AS levels_description, levels.level_order AS levels_level_order 
FROM levels 
WHERE levels.id IN ($1::UUID)
2026-01-14 02:10:52,217 INFO sqlalchemy.engine.Engine [cached since 6.737s ago] (UUID('019b8bea-cc40-7d2b-997c-2e87c9cf0213'),)
2026-01-14 02:10:52,219 INFO sqlalchemy.engine.Engine SELECT users.is_active 
FROM users 
WHERE users.id = $1::UUID
2026-01-14 02:10:52,219 INFO sqlalchemy.engine.Engine [generated in 0.00022s] (UUID('019b8bea-d0b3-7d18-b717-228a2bab0c17'),)
2026-01-14 02:10:52,221 INFO sqlalchemy.engine.Engine SELECT users.role_id 
FROM users 
WHERE users.id = $1::UUID
2026-01-14 02:10:52,221 INFO sqlalchemy.engine.Engine [generated in 0.00013s] (UUID('019b8bea-d0b3-7d18-b717-228a2bab0c17'),)
2026-01-14 02:10:52,223 INFO sqlalchemy.engine.Engine SELECT permissions.name 
FROM permissions JOIN role_permissions ON role_permissions.permission_id = permissions.id 
WHERE role_permissions.role_id = $1::UUID
2026-01-14 02:10:52,223 INFO sqlalchemy.engine.Engine [generated in 0.00012s] (UUID('019b8bea-cc2d-7967-bce5-55008e6e286e'),)
2026-01-14 02:10:52,230 INFO sqlalchemy.engine.Engine SELECT users.id, users.username, users.password, users.email, users.fullname, users.create_day, users.chat_id, users.is_active, users.token_version, users.role_id, users.level_id, users.tenant_id, users.webphone_enabled, users.sip_extension, users.sip_username, users.sip_password, users.sip_domain, users.sip_ws_server, users.sip_port, users.sip_protocol, users.webphone_api_key, users.webphone_process_id, users.webphone_agent_id, users.call_recording_enabled, users.call_log_enabled, roles_1.id AS id_1, roles_1.name, roles_1.description, roles_1.role_order, roles_1.tenant_id AS tenant_id_1, roles_1.is_active AS is_active_1, levels_1.id AS id_2, levels_1.name AS name_1, levels_1.description AS description_1, levels_1.level_order 
FROM users LEFT OUTER JOIN roles AS roles_1 ON roles_1.id = users.role_id LEFT OUTER JOIN levels AS levels_1 ON levels_1.id = users.level_id 
WHERE users.id = $1::UUID
2026-01-14 02:10:52,230 INFO sqlalchemy.engine.Engine [generated in 0.00015s] (UUID('019b8bea-d0b3-7d18-b717-228a2bab0c17'),)
2026-01-14 02:10:52,233 INFO sqlalchemy.engine.Engine SELECT permissions.name 
FROM permissions JOIN role_permissions ON permissions.id = role_permissions.permission_id JOIN roles ON role_permissions.role_id = roles.id JOIN users ON users.role_id = roles.id 
WHERE users.id = $1::UUID
2026-01-14 02:10:52,233 INFO sqlalchemy.engine.Engine [generated in 0.00013s] (UUID('019b8bea-d0b3-7d18-b717-228a2bab0c17'),)
Check result: ['view_users', 'current_user', 'delete_users', 'create_users', 'edit_users', 'view_user_groups', 'edit_roles', 'view_roles', 'delete_roles', 'create_roles', 'view_permissions', 'edit_permissions', 'delete_permissions', 'create_permissions', 'assign_permissions_to_role', 'delete_permission_from_role', 'view_logs', 'view_levels', 'create_level', 'edit_level', 'delete_level', 'view_departments', 'create_department', 'edit_department', 'delete_department', 'view_groups', 'create_group', 'edit_group', 'delete_group', 'assign_user_to_group', 'delete_user_group', 'view_role_permissions_by_role_id', 'view_tags', 'view_tag_by_id', 'create_tag', 'edit_tag', 'delete_tag', 'view_ticket_events', 'create_ticket_event', 'edit_ticket_event', 'delete_ticket_event', 'view_ticket_templates', 'create_ticket_template', 'edit_ticket_template', 'delete_ticket_template', 'view_ticket_contexts', 'create_ticket_context', 'edit_ticket_context', 'delete_ticket_context', 'view_ticket_extensions', 'create_ticket_extension', 'edit_ticket_extension', 'delete_ticket_extension', 'view_tickets', 'create_ticket', 'edit_ticket', 'delete_ticket', 'assign_ticket']
2026-01-14 02:10:52,236 INFO sqlalchemy.engine.Engine ROLLBACK
INFO:     222.252.26.190:50088 - "GET /api/v1/user/current HTTP/1.1" 200 OK
INFO:     222.252.26.190:56431 - "OPTIONS /api/v1/roles?page=1&page_size=10 HTTP/1.1" 200 OK
2026-01-14 02:11:01,058 INFO sqlalchemy.engine.Engine BEGIN (implicit)
2026-01-14 02:11:01,059 INFO sqlalchemy.engine.Engine SELECT users.id AS users_id, users.username AS users_username, users.password AS users_password, users.email AS users_email, users.fullname AS users_fullname, users.create_day AS users_create_day, users.chat_id AS users_chat_id, users.is_active AS users_is_active, users.token_version AS users_token_version, users.role_id AS users_role_id, users.level_id AS users_level_id, users.tenant_id AS users_tenant_id, users.webphone_enabled AS users_webphone_enabled, users.sip_extension AS users_sip_extension, users.sip_username AS users_sip_username, users.sip_password AS users_sip_password, users.sip_domain AS users_sip_domain, users.sip_ws_server AS users_sip_ws_server, users.sip_port AS users_sip_port, users.sip_protocol AS users_sip_protocol, users.webphone_api_key AS users_webphone_api_key, users.webphone_process_id AS users_webphone_process_id, users.webphone_agent_id AS users_webphone_agent_id, users.call_recording_enabled AS users_call_recording_enabled, users.call_log_enabled AS users_call_log_enabled 
FROM users 
WHERE users.id = $1::UUID
2026-01-14 02:11:01,059 INFO sqlalchemy.engine.Engine [cached since 8.849s ago] (UUID('019b8bea-d0b3-7d18-b717-228a2bab0c17'),)
2026-01-14 02:11:01,064 INFO sqlalchemy.engine.Engine SELECT roles.id AS roles_id, roles.name AS roles_name, roles.description AS roles_description, roles.role_order AS roles_role_order, roles.tenant_id AS roles_tenant_id, roles.is_active AS roles_is_active 
FROM roles 
WHERE roles.id IN ($1::UUID)
2026-01-14 02:11:01,064 INFO sqlalchemy.engine.Engine [cached since 15.59s ago] (UUID('019b8bea-cc2d-7967-bce5-55008e6e286e'),)
2026-01-14 02:11:01,066 INFO sqlalchemy.engine.Engine SELECT levels.id AS levels_id, levels.name AS levels_name, levels.description AS levels_description, levels.level_order AS levels_level_order 
FROM levels 
WHERE levels.id IN ($1::UUID)
2026-01-14 02:11:01,067 INFO sqlalchemy.engine.Engine [cached since 15.59s ago] (UUID('019b8bea-cc40-7d2b-997c-2e87c9cf0213'),)
2026-01-14 02:11:01,069 INFO sqlalchemy.engine.Engine SELECT users.is_active 
FROM users 
WHERE users.id = $1::UUID
2026-01-14 02:11:01,069 INFO sqlalchemy.engine.Engine [cached since 8.85s ago] (UUID('019b8bea-d0b3-7d18-b717-228a2bab0c17'),)
2026-01-14 02:11:01,071 INFO sqlalchemy.engine.Engine SELECT users.role_id 
FROM users 
WHERE users.id = $1::UUID
2026-01-14 02:11:01,071 INFO sqlalchemy.engine.Engine [cached since 8.85s ago] (UUID('019b8bea-d0b3-7d18-b717-228a2bab0c17'),)
2026-01-14 02:11:01,072 INFO sqlalchemy.engine.Engine SELECT permissions.name 
FROM permissions JOIN role_permissions ON role_permissions.permission_id = permissions.id 
WHERE role_permissions.role_id = $1::UUID
2026-01-14 02:11:01,072 INFO sqlalchemy.engine.Engine [cached since 8.85s ago] (UUID('019b8bea-cc2d-7967-bce5-55008e6e286e'),)
2026-01-14 02:11:01,075 INFO sqlalchemy.engine.Engine SELECT users.id, users.username, users.password, users.email, users.fullname, users.create_day, users.chat_id, users.is_active, users.token_version, users.role_id, users.level_id, users.tenant_id, users.webphone_enabled, users.sip_extension, users.sip_username, users.sip_password, users.sip_domain, users.sip_ws_server, users.sip_port, users.sip_protocol, users.webphone_api_key, users.webphone_process_id, users.webphone_agent_id, users.call_recording_enabled, users.call_log_enabled 
FROM users 
WHERE users.id = $1::UUID
2026-01-14 02:11:01,075 INFO sqlalchemy.engine.Engine [generated in 0.00022s] ('019b8bea-d0b3-7d18-b717-228a2bab0c17',)
2026-01-14 02:11:01,078 INFO sqlalchemy.engine.Engine SELECT roles.id AS roles_id, roles.name AS roles_name, roles.description AS roles_description, roles.role_order AS roles_role_order, roles.tenant_id AS roles_tenant_id, roles.is_active AS roles_is_active 
FROM roles 
WHERE roles.id IN ($1::UUID)
2026-01-14 02:11:01,078 INFO sqlalchemy.engine.Engine [cached since 15.6s ago] (UUID('019b8bea-cc2d-7967-bce5-55008e6e286e'),)
2026-01-14 02:11:01,080 INFO sqlalchemy.engine.Engine SELECT levels.id AS levels_id, levels.name AS levels_name, levels.description AS levels_description, levels.level_order AS levels_level_order 
FROM levels 
WHERE levels.id IN ($1::UUID)
2026-01-14 02:11:01,080 INFO sqlalchemy.engine.Engine [cached since 15.6s ago] (UUID('019b8bea-cc40-7d2b-997c-2e87c9cf0213'),)
2026-01-14 02:11:01,082 INFO sqlalchemy.engine.Engine SELECT max(levels.level_order) AS max_1 
FROM levels
2026-01-14 02:11:01,082 INFO sqlalchemy.engine.Engine [generated in 0.00013s] ()
2026-01-14 02:11:01,084 INFO sqlalchemy.engine.Engine SELECT roles.id, roles.name, roles.description, roles.role_order, roles.tenant_id, roles.is_active 
FROM roles 
 LIMIT $1::INTEGER OFFSET $2::INTEGER
2026-01-14 02:11:01,084 INFO sqlalchemy.engine.Engine [generated in 0.00014s] (10, 0)
2026-01-14 02:11:01,086 INFO sqlalchemy.engine.Engine SELECT users.role_id AS users_role_id, users.id AS users_id, users.username AS users_username, users.password AS users_password, users.email AS users_email, users.fullname AS users_fullname, users.create_day AS users_create_day, users.chat_id AS users_chat_id, users.is_active AS users_is_active, users.token_version AS users_token_version, users.level_id AS users_level_id, users.tenant_id AS users_tenant_id, users.webphone_enabled AS users_webphone_enabled, users.sip_extension AS users_sip_extension, users.sip_username AS users_sip_username, users.sip_password AS users_sip_password, users.sip_domain AS users_sip_domain, users.sip_ws_server AS users_sip_ws_server, users.sip_port AS users_sip_port, users.sip_protocol AS users_sip_protocol, users.webphone_api_key AS users_webphone_api_key, users.webphone_process_id AS users_webphone_process_id, users.webphone_agent_id AS users_webphone_agent_id, users.call_recording_enabled AS users_call_recording_enabled, users.call_log_enabled AS users_call_log_enabled 
FROM users 
WHERE users.role_id IN ($1::UUID, $2::UUID)
2026-01-14 02:11:01,087 INFO sqlalchemy.engine.Engine [cached since 14.61s ago] (UUID('019b8bea-cc2d-7967-bce5-55008e6e286e'), UUID('019b8bea-cc37-756d-a8ab-2a3d2759023a'))
2026-01-14 02:11:01,089 INFO sqlalchemy.engine.Engine SELECT levels.id AS levels_id, levels.name AS levels_name, levels.description AS levels_description, levels.level_order AS levels_level_order 
FROM levels 
WHERE levels.id IN ($1::UUID, $2::UUID, $3::UUID)
2026-01-14 02:11:01,089 INFO sqlalchemy.engine.Engine [cached since 14.61s ago] (UUID('019b8bea-cc40-7d2b-997c-2e87c9cf0213'), UUID('019b8bea-cc51-7cf1-955a-dfe07a837e08'), UUID('019b8bea-cc57-7c07-8302-4ba62612e240'))
2026-01-14 02:11:01,091 INFO sqlalchemy.engine.Engine SELECT count(*) AS count_1 
FROM roles
2026-01-14 02:11:01,091 INFO sqlalchemy.engine.Engine [generated in 0.00013s] ()
2026-01-14 02:11:01,093 INFO sqlalchemy.engine.Engine ROLLBACK
INFO:     222.252.26.190:56431 - "GET /api/v1/roles?page=1&page_size=10 HTTP/1.1" 200 OK
INFO:     222.252.26.190:52670 - "OPTIONS /api/v1/roles?page=1&page_size=20 HTTP/1.1" 200 OK
2026-01-14 02:11:10,071 INFO sqlalchemy.engine.Engine BEGIN (implicit)
2026-01-14 02:11:10,072 INFO sqlalchemy.engine.Engine SELECT users.id AS users_id, users.username AS users_username, users.password AS users_password, users.email AS users_email, users.fullname AS users_fullname, users.create_day AS users_create_day, users.chat_id AS users_chat_id, users.is_active AS users_is_active, users.token_version AS users_token_version, users.role_id AS users_role_id, users.level_id AS users_level_id, users.tenant_id AS users_tenant_id, users.webphone_enabled AS users_webphone_enabled, users.sip_extension AS users_sip_extension, users.sip_username AS users_sip_username, users.sip_password AS users_sip_password, users.sip_domain AS users_sip_domain, users.sip_ws_server AS users_sip_ws_server, users.sip_port AS users_sip_port, users.sip_protocol AS users_sip_protocol, users.webphone_api_key AS users_webphone_api_key, users.webphone_process_id AS users_webphone_process_id, users.webphone_agent_id AS users_webphone_agent_id, users.call_recording_enabled AS users_call_recording_enabled, users.call_log_enabled AS users_call_log_enabled 
FROM users 
WHERE users.id = $1::UUID
2026-01-14 02:11:10,072 INFO sqlalchemy.engine.Engine [cached since 17.86s ago] (UUID('019b8bea-d0b3-7d18-b717-228a2bab0c17'),)
2026-01-14 02:11:10,076 INFO sqlalchemy.engine.Engine SELECT roles.id AS roles_id, roles.name AS roles_name, roles.description AS roles_description, roles.role_order AS roles_role_order, roles.tenant_id AS roles_tenant_id, roles.is_active AS roles_is_active 
FROM roles 
WHERE roles.id IN ($1::UUID)
2026-01-14 02:11:10,076 INFO sqlalchemy.engine.Engine [cached since 24.6s ago] (UUID('019b8bea-cc2d-7967-bce5-55008e6e286e'),)
2026-01-14 02:11:10,079 INFO sqlalchemy.engine.Engine SELECT levels.id AS levels_id, levels.name AS levels_name, levels.description AS levels_description, levels.level_order AS levels_level_order 
FROM levels 
WHERE levels.id IN ($1::UUID)
2026-01-14 02:11:10,079 INFO sqlalchemy.engine.Engine [cached since 24.6s ago] (UUID('019b8bea-cc40-7d2b-997c-2e87c9cf0213'),)
2026-01-14 02:11:10,082 INFO sqlalchemy.engine.Engine SELECT users.is_active 
FROM users 
WHERE users.id = $1::UUID
2026-01-14 02:11:10,082 INFO sqlalchemy.engine.Engine [cached since 17.86s ago] (UUID('019b8bea-d0b3-7d18-b717-228a2bab0c17'),)
2026-01-14 02:11:10,084 INFO sqlalchemy.engine.Engine SELECT users.role_id 
FROM users 
WHERE users.id = $1::UUID
2026-01-14 02:11:10,084 INFO sqlalchemy.engine.Engine [cached since 17.86s ago] (UUID('019b8bea-d0b3-7d18-b717-228a2bab0c17'),)
2026-01-14 02:11:10,085 INFO sqlalchemy.engine.Engine SELECT permissions.name 
FROM permissions JOIN role_permissions ON role_permissions.permission_id = permissions.id 
WHERE role_permissions.role_id = $1::UUID
2026-01-14 02:11:10,085 INFO sqlalchemy.engine.Engine [cached since 17.86s ago] (UUID('019b8bea-cc2d-7967-bce5-55008e6e286e'),)
2026-01-14 02:11:10,087 INFO sqlalchemy.engine.Engine SELECT users.id, users.username, users.password, users.email, users.fullname, users.create_day, users.chat_id, users.is_active, users.token_version, users.role_id, users.level_id, users.tenant_id, users.webphone_enabled, users.sip_extension, users.sip_username, users.sip_password, users.sip_domain, users.sip_ws_server, users.sip_port, users.sip_protocol, users.webphone_api_key, users.webphone_process_id, users.webphone_agent_id, users.call_recording_enabled, users.call_log_enabled 
FROM users 
WHERE users.id = $1::UUID
2026-01-14 02:11:10,087 INFO sqlalchemy.engine.Engine [cached since 9.012s ago] ('019b8bea-d0b3-7d18-b717-228a2bab0c17',)
2026-01-14 02:11:10,089 INFO sqlalchemy.engine.Engine SELECT roles.id AS roles_id, roles.name AS roles_name, roles.description AS roles_description, roles.role_order AS roles_role_order, roles.tenant_id AS roles_tenant_id, roles.is_active AS roles_is_active 
FROM roles 
WHERE roles.id IN ($1::UUID)
2026-01-14 02:11:10,089 INFO sqlalchemy.engine.Engine [cached since 24.61s ago] (UUID('019b8bea-cc2d-7967-bce5-55008e6e286e'),)
2026-01-14 02:11:10,091 INFO sqlalchemy.engine.Engine SELECT levels.id AS levels_id, levels.name AS levels_name, levels.description AS levels_description, levels.level_order AS levels_level_order 
FROM levels 
WHERE levels.id IN ($1::UUID)
2026-01-14 02:11:10,091 INFO sqlalchemy.engine.Engine [cached since 24.61s ago] (UUID('019b8bea-cc40-7d2b-997c-2e87c9cf0213'),)
2026-01-14 02:11:10,092 INFO sqlalchemy.engine.Engine SELECT max(levels.level_order) AS max_1 
FROM levels
2026-01-14 02:11:10,092 INFO sqlalchemy.engine.Engine [cached since 9.01s ago] ()
2026-01-14 02:11:10,093 INFO sqlalchemy.engine.Engine SELECT roles.id, roles.name, roles.description, roles.role_order, roles.tenant_id, roles.is_active 
FROM roles 
 LIMIT $1::INTEGER OFFSET $2::INTEGER
2026-01-14 02:11:10,094 INFO sqlalchemy.engine.Engine [cached since 9.009s ago] (20, 0)
2026-01-14 02:11:10,095 INFO sqlalchemy.engine.Engine SELECT users.role_id AS users_role_id, users.id AS users_id, users.username AS users_username, users.password AS users_password, users.email AS users_email, users.fullname AS users_fullname, users.create_day AS users_create_day, users.chat_id AS users_chat_id, users.is_active AS users_is_active, users.token_version AS users_token_version, users.level_id AS users_level_id, users.tenant_id AS users_tenant_id, users.webphone_enabled AS users_webphone_enabled, users.sip_extension AS users_sip_extension, users.sip_username AS users_sip_username, users.sip_password AS users_sip_password, users.sip_domain AS users_sip_domain, users.sip_ws_server AS users_sip_ws_server, users.sip_port AS users_sip_port, users.sip_protocol AS users_sip_protocol, users.webphone_api_key AS users_webphone_api_key, users.webphone_process_id AS users_webphone_process_id, users.webphone_agent_id AS users_webphone_agent_id, users.call_recording_enabled AS users_call_recording_enabled, users.call_log_enabled AS users_call_log_enabled 
FROM users 
WHERE users.role_id IN ($1::UUID, $2::UUID)
2026-01-14 02:11:10,095 INFO sqlalchemy.engine.Engine [cached since 23.62s ago] (UUID('019b8bea-cc2d-7967-bce5-55008e6e286e'), UUID('019b8bea-cc37-756d-a8ab-2a3d2759023a'))
2026-01-14 02:11:10,096 INFO sqlalchemy.engine.Engine SELECT levels.id AS levels_id, levels.name AS levels_name, levels.description AS levels_description, levels.level_order AS levels_level_order 
FROM levels 
WHERE levels.id IN ($1::UUID, $2::UUID, $3::UUID)
2026-01-14 02:11:10,096 INFO sqlalchemy.engine.Engine [cached since 23.62s ago] (UUID('019b8bea-cc40-7d2b-997c-2e87c9cf0213'), UUID('019b8bea-cc51-7cf1-955a-dfe07a837e08'), UUID('019b8bea-cc57-7c07-8302-4ba62612e240'))
2026-01-14 02:11:10,098 INFO sqlalchemy.engine.Engine SELECT count(*) AS count_1 
FROM roles
2026-01-14 02:11:10,098 INFO sqlalchemy.engine.Engine [cached since 9.007s ago] ()
2026-01-14 02:11:10,099 INFO sqlalchemy.engine.Engine ROLLBACK
INFO:     222.252.26.190:52670 - "GET /api/v1/roles?page=1&page_size=20 HTTP/1.1" 200 OK
INFO:     222.252.26.190:57989 - "OPTIONS /api/v1/roles?page=1&page_size=10&search=admin HTTP/1.1" 200 OK
2026-01-14 02:13:48,956 INFO sqlalchemy.engine.Engine BEGIN (implicit)
2026-01-14 02:13:48,957 INFO sqlalchemy.engine.Engine SELECT users.id AS users_id, users.username AS users_username, users.password AS users_password, users.email AS users_email, users.fullname AS users_fullname, users.create_day AS users_create_day, users.chat_id AS users_chat_id, users.is_active AS users_is_active, users.token_version AS users_token_version, users.role_id AS users_role_id, users.level_id AS users_level_id, users.tenant_id AS users_tenant_id, users.webphone_enabled AS users_webphone_enabled, users.sip_extension AS users_sip_extension, users.sip_username AS users_sip_username, users.sip_password AS users_sip_password, users.sip_domain AS users_sip_domain, users.sip_ws_server AS users_sip_ws_server, users.sip_port AS users_sip_port, users.sip_protocol AS users_sip_protocol, users.webphone_api_key AS users_webphone_api_key, users.webphone_process_id AS users_webphone_process_id, users.webphone_agent_id AS users_webphone_agent_id, users.call_recording_enabled AS users_call_recording_enabled, users.call_log_enabled AS users_call_log_enabled 
FROM users 
WHERE users.id = $1::UUID
2026-01-14 02:13:48,957 INFO sqlalchemy.engine.Engine [cached since 176.7s ago] (UUID('019b8bea-d0b3-7d18-b717-228a2bab0c17'),)
2026-01-14 02:13:48,961 INFO sqlalchemy.engine.Engine SELECT roles.id AS roles_id, roles.name AS roles_name, roles.description AS roles_description, roles.role_order AS roles_role_order, roles.tenant_id AS roles_tenant_id, roles.is_active AS roles_is_active 
FROM roles 
WHERE roles.id IN ($1::UUID)
2026-01-14 02:13:48,961 INFO sqlalchemy.engine.Engine [cached since 183.5s ago] (UUID('019b8bea-cc2d-7967-bce5-55008e6e286e'),)
2026-01-14 02:13:48,963 INFO sqlalchemy.engine.Engine SELECT levels.id AS levels_id, levels.name AS levels_name, levels.description AS levels_description, levels.level_order AS levels_level_order 
FROM levels 
WHERE levels.id IN ($1::UUID)
2026-01-14 02:13:48,963 INFO sqlalchemy.engine.Engine [cached since 183.5s ago] (UUID('019b8bea-cc40-7d2b-997c-2e87c9cf0213'),)
2026-01-14 02:13:48,964 INFO sqlalchemy.engine.Engine SELECT users.is_active 
FROM users 
WHERE users.id = $1::UUID
2026-01-14 02:13:48,964 INFO sqlalchemy.engine.Engine [cached since 176.7s ago] (UUID('019b8bea-d0b3-7d18-b717-228a2bab0c17'),)
2026-01-14 02:13:48,966 INFO sqlalchemy.engine.Engine SELECT users.role_id 
FROM users 
WHERE users.id = $1::UUID
2026-01-14 02:13:48,966 INFO sqlalchemy.engine.Engine [cached since 176.7s ago] (UUID('019b8bea-d0b3-7d18-b717-228a2bab0c17'),)
2026-01-14 02:13:48,967 INFO sqlalchemy.engine.Engine SELECT permissions.name 
FROM permissions JOIN role_permissions ON role_permissions.permission_id = permissions.id 
WHERE role_permissions.role_id = $1::UUID
2026-01-14 02:13:48,967 INFO sqlalchemy.engine.Engine [cached since 176.7s ago] (UUID('019b8bea-cc2d-7967-bce5-55008e6e286e'),)
2026-01-14 02:13:48,969 INFO sqlalchemy.engine.Engine SELECT users.id, users.username, users.password, users.email, users.fullname, users.create_day, users.chat_id, users.is_active, users.token_version, users.role_id, users.level_id, users.tenant_id, users.webphone_enabled, users.sip_extension, users.sip_username, users.sip_password, users.sip_domain, users.sip_ws_server, users.sip_port, users.sip_protocol, users.webphone_api_key, users.webphone_process_id, users.webphone_agent_id, users.call_recording_enabled, users.call_log_enabled 
FROM users 
WHERE users.id = $1::UUID
2026-01-14 02:13:48,970 INFO sqlalchemy.engine.Engine [cached since 167.9s ago] ('019b8bea-d0b3-7d18-b717-228a2bab0c17',)
2026-01-14 02:13:48,971 INFO sqlalchemy.engine.Engine SELECT roles.id AS roles_id, roles.name AS roles_name, roles.description AS roles_description, roles.role_order AS roles_role_order, roles.tenant_id AS roles_tenant_id, roles.is_active AS roles_is_active 
FROM roles 
WHERE roles.id IN ($1::UUID)
2026-01-14 02:13:48,971 INFO sqlalchemy.engine.Engine [cached since 183.5s ago] (UUID('019b8bea-cc2d-7967-bce5-55008e6e286e'),)
2026-01-14 02:13:48,971 INFO sqlalchemy.engine.Engine SELECT levels.id AS levels_id, levels.name AS levels_name, levels.description AS levels_description, levels.level_order AS levels_level_order 
FROM levels 
WHERE levels.id IN ($1::UUID)
2026-01-14 02:13:48,972 INFO sqlalchemy.engine.Engine [cached since 183.5s ago] (UUID('019b8bea-cc40-7d2b-997c-2e87c9cf0213'),)
2026-01-14 02:13:48,973 INFO sqlalchemy.engine.Engine SELECT max(levels.level_order) AS max_1 
FROM levels
2026-01-14 02:13:48,973 INFO sqlalchemy.engine.Engine [cached since 167.9s ago] ()
2026-01-14 02:13:48,974 INFO sqlalchemy.engine.Engine SELECT roles.id, roles.name, roles.description, roles.role_order, roles.tenant_id, roles.is_active 
FROM roles 
WHERE roles.name ILIKE $1::VARCHAR 
 LIMIT $2::INTEGER OFFSET $3::INTEGER
2026-01-14 02:13:48,974 INFO sqlalchemy.engine.Engine [generated in 0.00014s] ('%admin%', 10, 0)
2026-01-14 02:13:48,975 INFO sqlalchemy.engine.Engine SELECT users.role_id AS users_role_id, users.id AS users_id, users.username AS users_username, users.password AS users_password, users.email AS users_email, users.fullname AS users_fullname, users.create_day AS users_create_day, users.chat_id AS users_chat_id, users.is_active AS users_is_active, users.token_version AS users_token_version, users.level_id AS users_level_id, users.tenant_id AS users_tenant_id, users.webphone_enabled AS users_webphone_enabled, users.sip_extension AS users_sip_extension, users.sip_username AS users_sip_username, users.sip_password AS users_sip_password, users.sip_domain AS users_sip_domain, users.sip_ws_server AS users_sip_ws_server, users.sip_port AS users_sip_port, users.sip_protocol AS users_sip_protocol, users.webphone_api_key AS users_webphone_api_key, users.webphone_process_id AS users_webphone_process_id, users.webphone_agent_id AS users_webphone_agent_id, users.call_recording_enabled AS users_call_recording_enabled, users.call_log_enabled AS users_call_log_enabled 
FROM users 
WHERE users.role_id IN ($1::UUID)
2026-01-14 02:13:48,975 INFO sqlalchemy.engine.Engine [cached since 182.5s ago] (UUID('019b8bea-cc2d-7967-bce5-55008e6e286e'),)
2026-01-14 02:13:48,976 INFO sqlalchemy.engine.Engine SELECT levels.id AS levels_id, levels.name AS levels_name, levels.description AS levels_description, levels.level_order AS levels_level_order 
FROM levels 
WHERE levels.id IN ($1::UUID)
2026-01-14 02:13:48,977 INFO sqlalchemy.engine.Engine [cached since 182.5s ago] (UUID('019b8bea-cc40-7d2b-997c-2e87c9cf0213'),)
2026-01-14 02:13:48,978 INFO sqlalchemy.engine.Engine SELECT count(*) AS count_1 
FROM roles 
WHERE roles.name ILIKE $1::VARCHAR
2026-01-14 02:13:48,978 INFO sqlalchemy.engine.Engine [generated in 0.00014s] ('%admin%',)
2026-01-14 02:13:48,979 INFO sqlalchemy.engine.Engine ROLLBACK
INFO:     222.252.26.190:57989 - "GET /api/v1/roles?page=1&page_size=10&search=admin HTTP/1.1" 200 OK
INFO:     222.252.26.190:41746 - "OPTIONS /api/v1/roles?page=1&page_size=10&search=us HTTP/1.1" 200 OK
2026-01-14 02:13:54,535 INFO sqlalchemy.engine.Engine BEGIN (implicit)
2026-01-14 02:13:54,535 INFO sqlalchemy.engine.Engine SELECT users.id AS users_id, users.username AS users_username, users.password AS users_password, users.email AS users_email, users.fullname AS users_fullname, users.create_day AS users_create_day, users.chat_id AS users_chat_id, users.is_active AS users_is_active, users.token_version AS users_token_version, users.role_id AS users_role_id, users.level_id AS users_level_id, users.tenant_id AS users_tenant_id, users.webphone_enabled AS users_webphone_enabled, users.sip_extension AS users_sip_extension, users.sip_username AS users_sip_username, users.sip_password AS users_sip_password, users.sip_domain AS users_sip_domain, users.sip_ws_server AS users_sip_ws_server, users.sip_port AS users_sip_port, users.sip_protocol AS users_sip_protocol, users.webphone_api_key AS users_webphone_api_key, users.webphone_process_id AS users_webphone_process_id, users.webphone_agent_id AS users_webphone_agent_id, users.call_recording_enabled AS users_call_recording_enabled, users.call_log_enabled AS users_call_log_enabled 
FROM users 
WHERE users.id = $1::UUID
2026-01-14 02:13:54,536 INFO sqlalchemy.engine.Engine [cached since 182.3s ago] (UUID('019b8bea-d0b3-7d18-b717-228a2bab0c17'),)
2026-01-14 02:13:54,539 INFO sqlalchemy.engine.Engine SELECT roles.id AS roles_id, roles.name AS roles_name, roles.description AS roles_description, roles.role_order AS roles_role_order, roles.tenant_id AS roles_tenant_id, roles.is_active AS roles_is_active 
FROM roles 
WHERE roles.id IN ($1::UUID)
2026-01-14 02:13:54,539 INFO sqlalchemy.engine.Engine [cached since 189.1s ago] (UUID('019b8bea-cc2d-7967-bce5-55008e6e286e'),)
2026-01-14 02:13:54,542 INFO sqlalchemy.engine.Engine SELECT levels.id AS levels_id, levels.name AS levels_name, levels.description AS levels_description, levels.level_order AS levels_level_order 
FROM levels 
WHERE levels.id IN ($1::UUID)
2026-01-14 02:13:54,542 INFO sqlalchemy.engine.Engine [cached since 189.1s ago] (UUID('019b8bea-cc40-7d2b-997c-2e87c9cf0213'),)
2026-01-14 02:13:54,544 INFO sqlalchemy.engine.Engine SELECT users.is_active 
FROM users 
WHERE users.id = $1::UUID
2026-01-14 02:13:54,544 INFO sqlalchemy.engine.Engine [cached since 182.3s ago] (UUID('019b8bea-d0b3-7d18-b717-228a2bab0c17'),)
2026-01-14 02:13:54,546 INFO sqlalchemy.engine.Engine SELECT users.role_id 
FROM users 
WHERE users.id = $1::UUID
2026-01-14 02:13:54,546 INFO sqlalchemy.engine.Engine [cached since 182.3s ago] (UUID('019b8bea-d0b3-7d18-b717-228a2bab0c17'),)
2026-01-14 02:13:54,548 INFO sqlalchemy.engine.Engine SELECT permissions.name 
FROM permissions JOIN role_permissions ON role_permissions.permission_id = permissions.id 
WHERE role_permissions.role_id = $1::UUID
2026-01-14 02:13:54,548 INFO sqlalchemy.engine.Engine [cached since 182.3s ago] (UUID('019b8bea-cc2d-7967-bce5-55008e6e286e'),)
2026-01-14 02:13:54,550 INFO sqlalchemy.engine.Engine SELECT users.id, users.username, users.password, users.email, users.fullname, users.create_day, users.chat_id, users.is_active, users.token_version, users.role_id, users.level_id, users.tenant_id, users.webphone_enabled, users.sip_extension, users.sip_username, users.sip_password, users.sip_domain, users.sip_ws_server, users.sip_port, users.sip_protocol, users.webphone_api_key, users.webphone_process_id, users.webphone_agent_id, users.call_recording_enabled, users.call_log_enabled 
FROM users 
WHERE users.id = $1::UUID
2026-01-14 02:13:54,550 INFO sqlalchemy.engine.Engine [cached since 173.5s ago] ('019b8bea-d0b3-7d18-b717-228a2bab0c17',)
2026-01-14 02:13:54,552 INFO sqlalchemy.engine.Engine SELECT roles.id AS roles_id, roles.name AS roles_name, roles.description AS roles_description, roles.role_order AS roles_role_order, roles.tenant_id AS roles_tenant_id, roles.is_active AS roles_is_active 
FROM roles 
WHERE roles.id IN ($1::UUID)
2026-01-14 02:13:54,552 INFO sqlalchemy.engine.Engine [cached since 189.1s ago] (UUID('019b8bea-cc2d-7967-bce5-55008e6e286e'),)
2026-01-14 02:13:54,553 INFO sqlalchemy.engine.Engine SELECT levels.id AS levels_id, levels.name AS levels_name, levels.description AS levels_description, levels.level_order AS levels_level_order 
FROM levels 
WHERE levels.id IN ($1::UUID)
2026-01-14 02:13:54,553 INFO sqlalchemy.engine.Engine [cached since 189.1s ago] (UUID('019b8bea-cc40-7d2b-997c-2e87c9cf0213'),)
2026-01-14 02:13:54,555 INFO sqlalchemy.engine.Engine SELECT max(levels.level_order) AS max_1 
FROM levels
2026-01-14 02:13:54,555 INFO sqlalchemy.engine.Engine [cached since 173.5s ago] ()
2026-01-14 02:13:54,556 INFO sqlalchemy.engine.Engine SELECT roles.id, roles.name, roles.description, roles.role_order, roles.tenant_id, roles.is_active 
FROM roles 
WHERE roles.name ILIKE $1::VARCHAR 
 LIMIT $2::INTEGER OFFSET $3::INTEGER
2026-01-14 02:13:54,556 INFO sqlalchemy.engine.Engine [cached since 5.583s ago] ('%us%', 10, 0)
2026-01-14 02:13:54,558 INFO sqlalchemy.engine.Engine SELECT users.role_id AS users_role_id, users.id AS users_id, users.username AS users_username, users.password AS users_password, users.email AS users_email, users.fullname AS users_fullname, users.create_day AS users_create_day, users.chat_id AS users_chat_id, users.is_active AS users_is_active, users.token_version AS users_token_version, users.level_id AS users_level_id, users.tenant_id AS users_tenant_id, users.webphone_enabled AS users_webphone_enabled, users.sip_extension AS users_sip_extension, users.sip_username AS users_sip_username, users.sip_password AS users_sip_password, users.sip_domain AS users_sip_domain, users.sip_ws_server AS users_sip_ws_server, users.sip_port AS users_sip_port, users.sip_protocol AS users_sip_protocol, users.webphone_api_key AS users_webphone_api_key, users.webphone_process_id AS users_webphone_process_id, users.webphone_agent_id AS users_webphone_agent_id, users.call_recording_enabled AS users_call_recording_enabled, users.call_log_enabled AS users_call_log_enabled 
FROM users 
WHERE users.role_id IN ($1::UUID)
2026-01-14 02:13:54,558 INFO sqlalchemy.engine.Engine [cached since 188.1s ago] (UUID('019b8bea-cc37-756d-a8ab-2a3d2759023a'),)
2026-01-14 02:13:54,559 INFO sqlalchemy.engine.Engine SELECT levels.id AS levels_id, levels.name AS levels_name, levels.description AS levels_description, levels.level_order AS levels_level_order 
FROM levels 
WHERE levels.id IN ($1::UUID, $2::UUID)
2026-01-14 02:13:54,559 INFO sqlalchemy.engine.Engine [cached since 188.1s ago] (UUID('019b8bea-cc51-7cf1-955a-dfe07a837e08'), UUID('019b8bea-cc57-7c07-8302-4ba62612e240'))
2026-01-14 02:13:54,561 INFO sqlalchemy.engine.Engine SELECT count(*) AS count_1 
FROM roles 
WHERE roles.name ILIKE $1::VARCHAR
2026-01-14 02:13:54,561 INFO sqlalchemy.engine.Engine [cached since 5.583s ago] ('%us%',)
2026-01-14 02:13:54,562 INFO sqlalchemy.engine.Engine ROLLBACK
INFO:     222.252.26.190:41746 - "GET /api/v1/roles?page=1&page_size=10&search=us HTTP/1.1" 200 OK
INFO:     222.252.26.190:41746 - "OPTIONS /api/v1/roles?page=1&page_size=10&search=user HTTP/1.1" 200 OK
2026-01-14 02:13:56,516 INFO sqlalchemy.engine.Engine BEGIN (implicit)
2026-01-14 02:13:56,517 INFO sqlalchemy.engine.Engine SELECT users.id AS users_id, users.username AS users_username, users.password AS users_password, users.email AS users_email, users.fullname AS users_fullname, users.create_day AS users_create_day, users.chat_id AS users_chat_id, users.is_active AS users_is_active, users.token_version AS users_token_version, users.role_id AS users_role_id, users.level_id AS users_level_id, users.tenant_id AS users_tenant_id, users.webphone_enabled AS users_webphone_enabled, users.sip_extension AS users_sip_extension, users.sip_username AS users_sip_username, users.sip_password AS users_sip_password, users.sip_domain AS users_sip_domain, users.sip_ws_server AS users_sip_ws_server, users.sip_port AS users_sip_port, users.sip_protocol AS users_sip_protocol, users.webphone_api_key AS users_webphone_api_key, users.webphone_process_id AS users_webphone_process_id, users.webphone_agent_id AS users_webphone_agent_id, users.call_recording_enabled AS users_call_recording_enabled, users.call_log_enabled AS users_call_log_enabled 
FROM users 
WHERE users.id = $1::UUID
2026-01-14 02:13:56,517 INFO sqlalchemy.engine.Engine [cached since 184.3s ago] (UUID('019b8bea-d0b3-7d18-b717-228a2bab0c17'),)
2026-01-14 02:13:56,521 INFO sqlalchemy.engine.Engine SELECT roles.id AS roles_id, roles.name AS roles_name, roles.description AS roles_description, roles.role_order AS roles_role_order, roles.tenant_id AS roles_tenant_id, roles.is_active AS roles_is_active 
FROM roles 
WHERE roles.id IN ($1::UUID)
2026-01-14 02:13:56,522 INFO sqlalchemy.engine.Engine [cached since 191s ago] (UUID('019b8bea-cc2d-7967-bce5-55008e6e286e'),)
2026-01-14 02:13:56,524 INFO sqlalchemy.engine.Engine SELECT levels.id AS levels_id, levels.name AS levels_name, levels.description AS levels_description, levels.level_order AS levels_level_order 
FROM levels 
WHERE levels.id IN ($1::UUID)
2026-01-14 02:13:56,524 INFO sqlalchemy.engine.Engine [cached since 191s ago] (UUID('019b8bea-cc40-7d2b-997c-2e87c9cf0213'),)
2026-01-14 02:13:56,525 INFO sqlalchemy.engine.Engine SELECT users.is_active 
FROM users 
WHERE users.id = $1::UUID
2026-01-14 02:13:56,525 INFO sqlalchemy.engine.Engine [cached since 184.3s ago] (UUID('019b8bea-d0b3-7d18-b717-228a2bab0c17'),)
2026-01-14 02:13:56,527 INFO sqlalchemy.engine.Engine SELECT users.role_id 
FROM users 
WHERE users.id = $1::UUID
2026-01-14 02:13:56,527 INFO sqlalchemy.engine.Engine [cached since 184.3s ago] (UUID('019b8bea-d0b3-7d18-b717-228a2bab0c17'),)
2026-01-14 02:13:56,529 INFO sqlalchemy.engine.Engine SELECT permissions.name 
FROM permissions JOIN role_permissions ON role_permissions.permission_id = permissions.id 
WHERE role_permissions.role_id = $1::UUID
2026-01-14 02:13:56,529 INFO sqlalchemy.engine.Engine [cached since 184.3s ago] (UUID('019b8bea-cc2d-7967-bce5-55008e6e286e'),)
2026-01-14 02:13:56,531 INFO sqlalchemy.engine.Engine SELECT users.id, users.username, users.password, users.email, users.fullname, users.create_day, users.chat_id, users.is_active, users.token_version, users.role_id, users.level_id, users.tenant_id, users.webphone_enabled, users.sip_extension, users.sip_username, users.sip_password, users.sip_domain, users.sip_ws_server, users.sip_port, users.sip_protocol, users.webphone_api_key, users.webphone_process_id, users.webphone_agent_id, users.call_recording_enabled, users.call_log_enabled 
FROM users 
WHERE users.id = $1::UUID
2026-01-14 02:13:56,531 INFO sqlalchemy.engine.Engine [cached since 175.5s ago] ('019b8bea-d0b3-7d18-b717-228a2bab0c17',)
2026-01-14 02:13:56,533 INFO sqlalchemy.engine.Engine SELECT roles.id AS roles_id, roles.name AS roles_name, roles.description AS roles_description, roles.role_order AS roles_role_order, roles.tenant_id AS roles_tenant_id, roles.is_active AS roles_is_active 
FROM roles 
WHERE roles.id IN ($1::UUID)
2026-01-14 02:13:56,533 INFO sqlalchemy.engine.Engine [cached since 191.1s ago] (UUID('019b8bea-cc2d-7967-bce5-55008e6e286e'),)
2026-01-14 02:13:56,534 INFO sqlalchemy.engine.Engine SELECT levels.id AS levels_id, levels.name AS levels_name, levels.description AS levels_description, levels.level_order AS levels_level_order 
FROM levels 
WHERE levels.id IN ($1::UUID)
2026-01-14 02:13:56,534 INFO sqlalchemy.engine.Engine [cached since 191.1s ago] (UUID('019b8bea-cc40-7d2b-997c-2e87c9cf0213'),)
2026-01-14 02:13:56,535 INFO sqlalchemy.engine.Engine SELECT max(levels.level_order) AS max_1 
FROM levels
2026-01-14 02:13:56,536 INFO sqlalchemy.engine.Engine [cached since 175.5s ago] ()
2026-01-14 02:13:56,536 INFO sqlalchemy.engine.Engine SELECT roles.id, roles.name, roles.description, roles.role_order, roles.tenant_id, roles.is_active 
FROM roles 
WHERE roles.name ILIKE $1::VARCHAR 
 LIMIT $2::INTEGER OFFSET $3::INTEGER
2026-01-14 02:13:56,537 INFO sqlalchemy.engine.Engine [cached since 7.563s ago] ('%user%', 10, 0)
2026-01-14 02:13:56,538 INFO sqlalchemy.engine.Engine SELECT users.role_id AS users_role_id, users.id AS users_id, users.username AS users_username, users.password AS users_password, users.email AS users_email, users.fullname AS users_fullname, users.create_day AS users_create_day, users.chat_id AS users_chat_id, users.is_active AS users_is_active, users.token_version AS users_token_version, users.level_id AS users_level_id, users.tenant_id AS users_tenant_id, users.webphone_enabled AS users_webphone_enabled, users.sip_extension AS users_sip_extension, users.sip_username AS users_sip_username, users.sip_password AS users_sip_password, users.sip_domain AS users_sip_domain, users.sip_ws_server AS users_sip_ws_server, users.sip_port AS users_sip_port, users.sip_protocol AS users_sip_protocol, users.webphone_api_key AS users_webphone_api_key, users.webphone_process_id AS users_webphone_process_id, users.webphone_agent_id AS users_webphone_agent_id, users.call_recording_enabled AS users_call_recording_enabled, users.call_log_enabled AS users_call_log_enabled 
FROM users 
WHERE users.role_id IN ($1::UUID)
2026-01-14 02:13:56,538 INFO sqlalchemy.engine.Engine [cached since 190.1s ago] (UUID('019b8bea-cc37-756d-a8ab-2a3d2759023a'),)
2026-01-14 02:13:56,539 INFO sqlalchemy.engine.Engine SELECT levels.id AS levels_id, levels.name AS levels_name, levels.description AS levels_description, levels.level_order AS levels_level_order 
FROM levels 
WHERE levels.id IN ($1::UUID, $2::UUID)
2026-01-14 02:13:56,539 INFO sqlalchemy.engine.Engine [cached since 190.1s ago] (UUID('019b8bea-cc51-7cf1-955a-dfe07a837e08'), UUID('019b8bea-cc57-7c07-8302-4ba62612e240'))
2026-01-14 02:13:56,540 INFO sqlalchemy.engine.Engine SELECT count(*) AS count_1 
FROM roles 
WHERE roles.name ILIKE $1::VARCHAR
2026-01-14 02:13:56,540 INFO sqlalchemy.engine.Engine [cached since 7.562s ago] ('%user%',)
2026-01-14 02:13:56,541 INFO sqlalchemy.engine.Engine ROLLBACK
INFO:     222.252.26.190:41746 - "GET /api/v1/roles?page=1&page_size=10&search=user HTTP/1.1" 200 OK
2026-01-14 02:18:27,098 INFO sqlalchemy.engine.Engine BEGIN (implicit)
2026-01-14 02:18:27,098 INFO sqlalchemy.engine.Engine SELECT users.id AS users_id, users.username AS users_username, users.password AS users_password, users.email AS users_email, users.fullname AS users_fullname, users.create_day AS users_create_day, users.chat_id AS users_chat_id, users.is_active AS users_is_active, users.token_version AS users_token_version, users.role_id AS users_role_id, users.level_id AS users_level_id, users.tenant_id AS users_tenant_id, users.webphone_enabled AS users_webphone_enabled, users.sip_extension AS users_sip_extension, users.sip_username AS users_sip_username, users.sip_password AS users_sip_password, users.sip_domain AS users_sip_domain, users.sip_ws_server AS users_sip_ws_server, users.sip_port AS users_sip_port, users.sip_protocol AS users_sip_protocol, users.webphone_api_key AS users_webphone_api_key, users.webphone_process_id AS users_webphone_process_id, users.webphone_agent_id AS users_webphone_agent_id, users.call_recording_enabled AS users_call_recording_enabled, users.call_log_enabled AS users_call_log_enabled 
FROM users 
WHERE users.id = $1::UUID
2026-01-14 02:18:27,098 INFO sqlalchemy.engine.Engine [cached since 454.9s ago] (UUID('019b8bea-d0b3-7d18-b717-228a2bab0c17'),)
2026-01-14 02:18:27,101 INFO sqlalchemy.engine.Engine SELECT roles.id AS roles_id, roles.name AS roles_name, roles.description AS roles_description, roles.role_order AS roles_role_order, roles.tenant_id AS roles_tenant_id, roles.is_active AS roles_is_active 
FROM roles 
WHERE roles.id IN ($1::UUID)
2026-01-14 02:18:27,101 INFO sqlalchemy.engine.Engine [cached since 461.6s ago] (UUID('019b8bea-cc2d-7967-bce5-55008e6e286e'),)
2026-01-14 02:18:27,102 INFO sqlalchemy.engine.Engine SELECT levels.id AS levels_id, levels.name AS levels_name, levels.description AS levels_description, levels.level_order AS levels_level_order 
FROM levels 
WHERE levels.id IN ($1::UUID)
2026-01-14 02:18:27,103 INFO sqlalchemy.engine.Engine [cached since 461.6s ago] (UUID('019b8bea-cc40-7d2b-997c-2e87c9cf0213'),)
2026-01-14 02:18:27,104 INFO sqlalchemy.engine.Engine SELECT users.is_active 
FROM users 
WHERE users.id = $1::UUID
2026-01-14 02:18:27,104 INFO sqlalchemy.engine.Engine [cached since 454.9s ago] (UUID('019b8bea-d0b3-7d18-b717-228a2bab0c17'),)
2026-01-14 02:18:27,105 INFO sqlalchemy.engine.Engine SELECT users.role_id 
FROM users 
WHERE users.id = $1::UUID
2026-01-14 02:18:27,105 INFO sqlalchemy.engine.Engine [cached since 454.9s ago] (UUID('019b8bea-d0b3-7d18-b717-228a2bab0c17'),)
2026-01-14 02:18:27,106 INFO sqlalchemy.engine.Engine SELECT permissions.name 
FROM permissions JOIN role_permissions ON role_permissions.permission_id = permissions.id 
WHERE role_permissions.role_id = $1::UUID
2026-01-14 02:18:27,106 INFO sqlalchemy.engine.Engine [cached since 454.9s ago] (UUID('019b8bea-cc2d-7967-bce5-55008e6e286e'),)
2026-01-14 02:18:27,108 INFO sqlalchemy.engine.Engine SELECT users.id, users.username, users.password, users.email, users.fullname, users.create_day, users.chat_id, users.is_active, users.token_version, users.role_id, users.level_id, users.tenant_id, users.webphone_enabled, users.sip_extension, users.sip_username, users.sip_password, users.sip_domain, users.sip_ws_server, users.sip_port, users.sip_protocol, users.webphone_api_key, users.webphone_process_id, users.webphone_agent_id, users.call_recording_enabled, users.call_log_enabled 
FROM users 
WHERE users.id = $1::UUID
2026-01-14 02:18:27,108 INFO sqlalchemy.engine.Engine [cached since 446s ago] ('019b8bea-d0b3-7d18-b717-228a2bab0c17',)
2026-01-14 02:18:27,109 INFO sqlalchemy.engine.Engine SELECT roles.id AS roles_id, roles.name AS roles_name, roles.description AS roles_description, roles.role_order AS roles_role_order, roles.tenant_id AS roles_tenant_id, roles.is_active AS roles_is_active 
FROM roles 
WHERE roles.id IN ($1::UUID)
2026-01-14 02:18:27,110 INFO sqlalchemy.engine.Engine [cached since 461.6s ago] (UUID('019b8bea-cc2d-7967-bce5-55008e6e286e'),)
2026-01-14 02:18:27,111 INFO sqlalchemy.engine.Engine SELECT levels.id AS levels_id, levels.name AS levels_name, levels.description AS levels_description, levels.level_order AS levels_level_order 
FROM levels 
WHERE levels.id IN ($1::UUID)
2026-01-14 02:18:27,111 INFO sqlalchemy.engine.Engine [cached since 461.6s ago] (UUID('019b8bea-cc40-7d2b-997c-2e87c9cf0213'),)
2026-01-14 02:18:27,113 INFO sqlalchemy.engine.Engine SELECT max(levels.level_order) AS max_1 
FROM levels
2026-01-14 02:18:27,113 INFO sqlalchemy.engine.Engine [cached since 446s ago] ()
2026-01-14 02:18:27,114 INFO sqlalchemy.engine.Engine SELECT roles.id, roles.name, roles.description, roles.role_order, roles.tenant_id, roles.is_active 
FROM roles 
 LIMIT $1::INTEGER OFFSET $2::INTEGER
2026-01-14 02:18:27,114 INFO sqlalchemy.engine.Engine [cached since 446s ago] (10, 0)
2026-01-14 02:18:27,115 INFO sqlalchemy.engine.Engine SELECT users.role_id AS users_role_id, users.id AS users_id, users.username AS users_username, users.password AS users_password, users.email AS users_email, users.fullname AS users_fullname, users.create_day AS users_create_day, users.chat_id AS users_chat_id, users.is_active AS users_is_active, users.token_version AS users_token_version, users.level_id AS users_level_id, users.tenant_id AS users_tenant_id, users.webphone_enabled AS users_webphone_enabled, users.sip_extension AS users_sip_extension, users.sip_username AS users_sip_username, users.sip_password AS users_sip_password, users.sip_domain AS users_sip_domain, users.sip_ws_server AS users_sip_ws_server, users.sip_port AS users_sip_port, users.sip_protocol AS users_sip_protocol, users.webphone_api_key AS users_webphone_api_key, users.webphone_process_id AS users_webphone_process_id, users.webphone_agent_id AS users_webphone_agent_id, users.call_recording_enabled AS users_call_recording_enabled, users.call_log_enabled AS users_call_log_enabled 
FROM users 
WHERE users.role_id IN ($1::UUID, $2::UUID)
2026-01-14 02:18:27,115 INFO sqlalchemy.engine.Engine [cached since 460.6s ago] (UUID('019b8bea-cc2d-7967-bce5-55008e6e286e'), UUID('019b8bea-cc37-756d-a8ab-2a3d2759023a'))
2026-01-14 02:18:27,117 INFO sqlalchemy.engine.Engine SELECT levels.id AS levels_id, levels.name AS levels_name, levels.description AS levels_description, levels.level_order AS levels_level_order 
FROM levels 
WHERE levels.id IN ($1::UUID, $2::UUID, $3::UUID)
2026-01-14 02:18:27,118 INFO sqlalchemy.engine.Engine [cached since 460.6s ago] (UUID('019b8bea-cc40-7d2b-997c-2e87c9cf0213'), UUID('019b8bea-cc51-7cf1-955a-dfe07a837e08'), UUID('019b8bea-cc57-7c07-8302-4ba62612e240'))
2026-01-14 02:18:27,119 INFO sqlalchemy.engine.Engine SELECT count(*) AS count_1 
FROM roles
2026-01-14 02:18:27,119 INFO sqlalchemy.engine.Engine [cached since 446s ago] ()
2026-01-14 02:18:27,120 INFO sqlalchemy.engine.Engine ROLLBACK
INFO:     222.252.26.190:47937 - "GET /api/v1/roles?page=1&page_size=10 HTTP/1.1" 200 OK
INFO:     222.252.26.190:41745 - "OPTIONS /api/v1/roles?page=1&page_size=40 HTTP/1.1" 200 OK
2026-01-14 02:18:42,257 INFO sqlalchemy.engine.Engine BEGIN (implicit)
2026-01-14 02:18:42,258 INFO sqlalchemy.engine.Engine SELECT users.id AS users_id, users.username AS users_username, users.password AS users_password, users.email AS users_email, users.fullname AS users_fullname, users.create_day AS users_create_day, users.chat_id AS users_chat_id, users.is_active AS users_is_active, users.token_version AS users_token_version, users.role_id AS users_role_id, users.level_id AS users_level_id, users.tenant_id AS users_tenant_id, users.webphone_enabled AS users_webphone_enabled, users.sip_extension AS users_sip_extension, users.sip_username AS users_sip_username, users.sip_password AS users_sip_password, users.sip_domain AS users_sip_domain, users.sip_ws_server AS users_sip_ws_server, users.sip_port AS users_sip_port, users.sip_protocol AS users_sip_protocol, users.webphone_api_key AS users_webphone_api_key, users.webphone_process_id AS users_webphone_process_id, users.webphone_agent_id AS users_webphone_agent_id, users.call_recording_enabled AS users_call_recording_enabled, users.call_log_enabled AS users_call_log_enabled 
FROM users 
WHERE users.id = $1::UUID
2026-01-14 02:18:42,258 INFO sqlalchemy.engine.Engine [cached since 470s ago] (UUID('019b8bea-d0b3-7d18-b717-228a2bab0c17'),)
2026-01-14 02:18:42,262 INFO sqlalchemy.engine.Engine SELECT roles.id AS roles_id, roles.name AS roles_name, roles.description AS roles_description, roles.role_order AS roles_role_order, roles.tenant_id AS roles_tenant_id, roles.is_active AS roles_is_active 
FROM roles 
WHERE roles.id IN ($1::UUID)
2026-01-14 02:18:42,262 INFO sqlalchemy.engine.Engine [cached since 476.8s ago] (UUID('019b8bea-cc2d-7967-bce5-55008e6e286e'),)
2026-01-14 02:18:42,264 INFO sqlalchemy.engine.Engine SELECT levels.id AS levels_id, levels.name AS levels_name, levels.description AS levels_description, levels.level_order AS levels_level_order 
FROM levels 
WHERE levels.id IN ($1::UUID)
2026-01-14 02:18:42,264 INFO sqlalchemy.engine.Engine [cached since 476.8s ago] (UUID('019b8bea-cc40-7d2b-997c-2e87c9cf0213'),)
2026-01-14 02:18:42,266 INFO sqlalchemy.engine.Engine SELECT users.is_active 
FROM users 
WHERE users.id = $1::UUID
2026-01-14 02:18:42,266 INFO sqlalchemy.engine.Engine [cached since 470s ago] (UUID('019b8bea-d0b3-7d18-b717-228a2bab0c17'),)
2026-01-14 02:18:42,267 INFO sqlalchemy.engine.Engine SELECT users.role_id 
FROM users 
WHERE users.id = $1::UUID
2026-01-14 02:18:42,267 INFO sqlalchemy.engine.Engine [cached since 470s ago] (UUID('019b8bea-d0b3-7d18-b717-228a2bab0c17'),)
2026-01-14 02:18:42,269 INFO sqlalchemy.engine.Engine SELECT permissions.name 
FROM permissions JOIN role_permissions ON role_permissions.permission_id = permissions.id 
WHERE role_permissions.role_id = $1::UUID
2026-01-14 02:18:42,269 INFO sqlalchemy.engine.Engine [cached since 470s ago] (UUID('019b8bea-cc2d-7967-bce5-55008e6e286e'),)
2026-01-14 02:18:42,271 INFO sqlalchemy.engine.Engine SELECT users.id, users.username, users.password, users.email, users.fullname, users.create_day, users.chat_id, users.is_active, users.token_version, users.role_id, users.level_id, users.tenant_id, users.webphone_enabled, users.sip_extension, users.sip_username, users.sip_password, users.sip_domain, users.sip_ws_server, users.sip_port, users.sip_protocol, users.webphone_api_key, users.webphone_process_id, users.webphone_agent_id, users.call_recording_enabled, users.call_log_enabled 
FROM users 
WHERE users.id = $1::UUID
2026-01-14 02:18:42,271 INFO sqlalchemy.engine.Engine [cached since 461.2s ago] ('019b8bea-d0b3-7d18-b717-228a2bab0c17',)
2026-01-14 02:18:42,272 INFO sqlalchemy.engine.Engine SELECT roles.id AS roles_id, roles.name AS roles_name, roles.description AS roles_description, roles.role_order AS roles_role_order, roles.tenant_id AS roles_tenant_id, roles.is_active AS roles_is_active 
FROM roles 
WHERE roles.id IN ($1::UUID)
2026-01-14 02:18:42,272 INFO sqlalchemy.engine.Engine [cached since 476.8s ago] (UUID('019b8bea-cc2d-7967-bce5-55008e6e286e'),)
2026-01-14 02:18:42,273 INFO sqlalchemy.engine.Engine SELECT levels.id AS levels_id, levels.name AS levels_name, levels.description AS levels_description, levels.level_order AS levels_level_order 
FROM levels 
WHERE levels.id IN ($1::UUID)
2026-01-14 02:18:42,273 INFO sqlalchemy.engine.Engine [cached since 476.8s ago] (UUID('019b8bea-cc40-7d2b-997c-2e87c9cf0213'),)
2026-01-14 02:18:42,274 INFO sqlalchemy.engine.Engine SELECT max(levels.level_order) AS max_1 
FROM levels
2026-01-14 02:18:42,274 INFO sqlalchemy.engine.Engine [cached since 461.2s ago] ()
2026-01-14 02:18:42,275 INFO sqlalchemy.engine.Engine SELECT roles.id, roles.name, roles.description, roles.role_order, roles.tenant_id, roles.is_active 
FROM roles 
 LIMIT $1::INTEGER OFFSET $2::INTEGER
2026-01-14 02:18:42,275 INFO sqlalchemy.engine.Engine [cached since 461.2s ago] (40, 0)
2026-01-14 02:18:42,276 INFO sqlalchemy.engine.Engine SELECT users.role_id AS users_role_id, users.id AS users_id, users.username AS users_username, users.password AS users_password, users.email AS users_email, users.fullname AS users_fullname, users.create_day AS users_create_day, users.chat_id AS users_chat_id, users.is_active AS users_is_active, users.token_version AS users_token_version, users.level_id AS users_level_id, users.tenant_id AS users_tenant_id, users.webphone_enabled AS users_webphone_enabled, users.sip_extension AS users_sip_extension, users.sip_username AS users_sip_username, users.sip_password AS users_sip_password, users.sip_domain AS users_sip_domain, users.sip_ws_server AS users_sip_ws_server, users.sip_port AS users_sip_port, users.sip_protocol AS users_sip_protocol, users.webphone_api_key AS users_webphone_api_key, users.webphone_process_id AS users_webphone_process_id, users.webphone_agent_id AS users_webphone_agent_id, users.call_recording_enabled AS users_call_recording_enabled, users.call_log_enabled AS users_call_log_enabled 
FROM users 
WHERE users.role_id IN ($1::UUID, $2::UUID)
2026-01-14 02:18:42,276 INFO sqlalchemy.engine.Engine [cached since 475.8s ago] (UUID('019b8bea-cc2d-7967-bce5-55008e6e286e'), UUID('019b8bea-cc37-756d-a8ab-2a3d2759023a'))
2026-01-14 02:18:42,277 INFO sqlalchemy.engine.Engine SELECT levels.id AS levels_id, levels.name AS levels_name, levels.description AS levels_description, levels.level_order AS levels_level_order 
FROM levels 
WHERE levels.id IN ($1::UUID, $2::UUID, $3::UUID)
2026-01-14 02:18:42,277 INFO sqlalchemy.engine.Engine [cached since 475.8s ago] (UUID('019b8bea-cc40-7d2b-997c-2e87c9cf0213'), UUID('019b8bea-cc51-7cf1-955a-dfe07a837e08'), UUID('019b8bea-cc57-7c07-8302-4ba62612e240'))
2026-01-14 02:18:42,278 INFO sqlalchemy.engine.Engine SELECT count(*) AS count_1 
FROM roles
2026-01-14 02:18:42,278 INFO sqlalchemy.engine.Engine [cached since 461.2s ago] ()
2026-01-14 02:18:42,279 INFO sqlalchemy.engine.Engine ROLLBACK
INFO:     222.252.26.190:41745 - "GET /api/v1/roles?page=1&page_size=40 HTTP/1.1" 200 OK
INFO:     222.252.26.190:41745 - "OPTIONS /api/v1/roles?page=1&page_size=30 HTTP/1.1" 200 OK
2026-01-14 02:18:44,812 INFO sqlalchemy.engine.Engine BEGIN (implicit)
2026-01-14 02:18:44,813 INFO sqlalchemy.engine.Engine SELECT users.id AS users_id, users.username AS users_username, users.password AS users_password, users.email AS users_email, users.fullname AS users_fullname, users.create_day AS users_create_day, users.chat_id AS users_chat_id, users.is_active AS users_is_active, users.token_version AS users_token_version, users.role_id AS users_role_id, users.level_id AS users_level_id, users.tenant_id AS users_tenant_id, users.webphone_enabled AS users_webphone_enabled, users.sip_extension AS users_sip_extension, users.sip_username AS users_sip_username, users.sip_password AS users_sip_password, users.sip_domain AS users_sip_domain, users.sip_ws_server AS users_sip_ws_server, users.sip_port AS users_sip_port, users.sip_protocol AS users_sip_protocol, users.webphone_api_key AS users_webphone_api_key, users.webphone_process_id AS users_webphone_process_id, users.webphone_agent_id AS users_webphone_agent_id, users.call_recording_enabled AS users_call_recording_enabled, users.call_log_enabled AS users_call_log_enabled 
FROM users 
WHERE users.id = $1::UUID
2026-01-14 02:18:44,813 INFO sqlalchemy.engine.Engine [cached since 472.6s ago] (UUID('019b8bea-d0b3-7d18-b717-228a2bab0c17'),)
2026-01-14 02:18:44,817 INFO sqlalchemy.engine.Engine SELECT roles.id AS roles_id, roles.name AS roles_name, roles.description AS roles_description, roles.role_order AS roles_role_order, roles.tenant_id AS roles_tenant_id, roles.is_active AS roles_is_active 
FROM roles 
WHERE roles.id IN ($1::UUID)
2026-01-14 02:18:44,817 INFO sqlalchemy.engine.Engine [cached since 479.3s ago] (UUID('019b8bea-cc2d-7967-bce5-55008e6e286e'),)
2026-01-14 02:18:44,819 INFO sqlalchemy.engine.Engine SELECT levels.id AS levels_id, levels.name AS levels_name, levels.description AS levels_description, levels.level_order AS levels_level_order 
FROM levels 
WHERE levels.id IN ($1::UUID)
2026-01-14 02:18:44,820 INFO sqlalchemy.engine.Engine [cached since 479.3s ago] (UUID('019b8bea-cc40-7d2b-997c-2e87c9cf0213'),)
2026-01-14 02:18:44,822 INFO sqlalchemy.engine.Engine SELECT users.is_active 
FROM users 
WHERE users.id = $1::UUID
2026-01-14 02:18:44,822 INFO sqlalchemy.engine.Engine [cached since 472.6s ago] (UUID('019b8bea-d0b3-7d18-b717-228a2bab0c17'),)
2026-01-14 02:18:44,823 INFO sqlalchemy.engine.Engine SELECT users.role_id 
FROM users 
WHERE users.id = $1::UUID
2026-01-14 02:18:44,824 INFO sqlalchemy.engine.Engine [cached since 472.6s ago] (UUID('019b8bea-d0b3-7d18-b717-228a2bab0c17'),)
2026-01-14 02:18:44,825 INFO sqlalchemy.engine.Engine SELECT permissions.name 
FROM permissions JOIN role_permissions ON role_permissions.permission_id = permissions.id 
WHERE role_permissions.role_id = $1::UUID
2026-01-14 02:18:44,825 INFO sqlalchemy.engine.Engine [cached since 472.6s ago] (UUID('019b8bea-cc2d-7967-bce5-55008e6e286e'),)
2026-01-14 02:18:44,826 INFO sqlalchemy.engine.Engine SELECT users.id, users.username, users.password, users.email, users.fullname, users.create_day, users.chat_id, users.is_active, users.token_version, users.role_id, users.level_id, users.tenant_id, users.webphone_enabled, users.sip_extension, users.sip_username, users.sip_password, users.sip_domain, users.sip_ws_server, users.sip_port, users.sip_protocol, users.webphone_api_key, users.webphone_process_id, users.webphone_agent_id, users.call_recording_enabled, users.call_log_enabled 
FROM users 
WHERE users.id = $1::UUID
2026-01-14 02:18:44,826 INFO sqlalchemy.engine.Engine [cached since 463.8s ago] ('019b8bea-d0b3-7d18-b717-228a2bab0c17',)
2026-01-14 02:18:44,828 INFO sqlalchemy.engine.Engine SELECT roles.id AS roles_id, roles.name AS roles_name, roles.description AS roles_description, roles.role_order AS roles_role_order, roles.tenant_id AS roles_tenant_id, roles.is_active AS roles_is_active 
FROM roles 
WHERE roles.id IN ($1::UUID)
2026-01-14 02:18:44,828 INFO sqlalchemy.engine.Engine [cached since 479.4s ago] (UUID('019b8bea-cc2d-7967-bce5-55008e6e286e'),)
2026-01-14 02:18:44,829 INFO sqlalchemy.engine.Engine SELECT levels.id AS levels_id, levels.name AS levels_name, levels.description AS levels_description, levels.level_order AS levels_level_order 
FROM levels 
WHERE levels.id IN ($1::UUID)
2026-01-14 02:18:44,829 INFO sqlalchemy.engine.Engine [cached since 479.3s ago] (UUID('019b8bea-cc40-7d2b-997c-2e87c9cf0213'),)
2026-01-14 02:18:44,830 INFO sqlalchemy.engine.Engine SELECT max(levels.level_order) AS max_1 
FROM levels
2026-01-14 02:18:44,830 INFO sqlalchemy.engine.Engine [cached since 463.7s ago] ()
2026-01-14 02:18:44,831 INFO sqlalchemy.engine.Engine SELECT roles.id, roles.name, roles.description, roles.role_order, roles.tenant_id, roles.is_active 
FROM roles 
 LIMIT $1::INTEGER OFFSET $2::INTEGER
2026-01-14 02:18:44,831 INFO sqlalchemy.engine.Engine [cached since 463.7s ago] (30, 0)
2026-01-14 02:18:44,832 INFO sqlalchemy.engine.Engine SELECT users.role_id AS users_role_id, users.id AS users_id, users.username AS users_username, users.password AS users_password, users.email AS users_email, users.fullname AS users_fullname, users.create_day AS users_create_day, users.chat_id AS users_chat_id, users.is_active AS users_is_active, users.token_version AS users_token_version, users.level_id AS users_level_id, users.tenant_id AS users_tenant_id, users.webphone_enabled AS users_webphone_enabled, users.sip_extension AS users_sip_extension, users.sip_username AS users_sip_username, users.sip_password AS users_sip_password, users.sip_domain AS users_sip_domain, users.sip_ws_server AS users_sip_ws_server, users.sip_port AS users_sip_port, users.sip_protocol AS users_sip_protocol, users.webphone_api_key AS users_webphone_api_key, users.webphone_process_id AS users_webphone_process_id, users.webphone_agent_id AS users_webphone_agent_id, users.call_recording_enabled AS users_call_recording_enabled, users.call_log_enabled AS users_call_log_enabled 
FROM users 
WHERE users.role_id IN ($1::UUID, $2::UUID)
2026-01-14 02:18:44,832 INFO sqlalchemy.engine.Engine [cached since 478.4s ago] (UUID('019b8bea-cc2d-7967-bce5-55008e6e286e'), UUID('019b8bea-cc37-756d-a8ab-2a3d2759023a'))
2026-01-14 02:18:44,834 INFO sqlalchemy.engine.Engine SELECT levels.id AS levels_id, levels.name AS levels_name, levels.description AS levels_description, levels.level_order AS levels_level_order 
FROM levels 
WHERE levels.id IN ($1::UUID, $2::UUID, $3::UUID)
2026-01-14 02:18:44,834 INFO sqlalchemy.engine.Engine [cached since 478.4s ago] (UUID('019b8bea-cc40-7d2b-997c-2e87c9cf0213'), UUID('019b8bea-cc51-7cf1-955a-dfe07a837e08'), UUID('019b8bea-cc57-7c07-8302-4ba62612e240'))
2026-01-14 02:18:44,835 INFO sqlalchemy.engine.Engine SELECT count(*) AS count_1 
FROM roles
2026-01-14 02:18:44,835 INFO sqlalchemy.engine.Engine [cached since 463.7s ago] ()
2026-01-14 02:18:44,836 INFO sqlalchemy.engine.Engine ROLLBACK
INFO:     222.252.26.190:41745 - "GET /api/v1/roles?page=1&page_size=30 HTTP/1.1" 200 OK
2026-01-14 02:18:46,490 INFO sqlalchemy.engine.Engine BEGIN (implicit)
2026-01-14 02:18:46,490 INFO sqlalchemy.engine.Engine SELECT users.id AS users_id, users.username AS users_username, users.password AS users_password, users.email AS users_email, users.fullname AS users_fullname, users.create_day AS users_create_day, users.chat_id AS users_chat_id, users.is_active AS users_is_active, users.token_version AS users_token_version, users.role_id AS users_role_id, users.level_id AS users_level_id, users.tenant_id AS users_tenant_id, users.webphone_enabled AS users_webphone_enabled, users.sip_extension AS users_sip_extension, users.sip_username AS users_sip_username, users.sip_password AS users_sip_password, users.sip_domain AS users_sip_domain, users.sip_ws_server AS users_sip_ws_server, users.sip_port AS users_sip_port, users.sip_protocol AS users_sip_protocol, users.webphone_api_key AS users_webphone_api_key, users.webphone_process_id AS users_webphone_process_id, users.webphone_agent_id AS users_webphone_agent_id, users.call_recording_enabled AS users_call_recording_enabled, users.call_log_enabled AS users_call_log_enabled 
FROM users 
WHERE users.id = $1::UUID
2026-01-14 02:18:46,491 INFO sqlalchemy.engine.Engine [cached since 474.3s ago] (UUID('019b8bea-d0b3-7d18-b717-228a2bab0c17'),)
2026-01-14 02:18:46,493 INFO sqlalchemy.engine.Engine SELECT roles.id AS roles_id, roles.name AS roles_name, roles.description AS roles_description, roles.role_order AS roles_role_order, roles.tenant_id AS roles_tenant_id, roles.is_active AS roles_is_active 
FROM roles 
WHERE roles.id IN ($1::UUID)
2026-01-14 02:18:46,493 INFO sqlalchemy.engine.Engine [cached since 481s ago] (UUID('019b8bea-cc2d-7967-bce5-55008e6e286e'),)
2026-01-14 02:18:46,495 INFO sqlalchemy.engine.Engine SELECT levels.id AS levels_id, levels.name AS levels_name, levels.description AS levels_description, levels.level_order AS levels_level_order 
FROM levels 
WHERE levels.id IN ($1::UUID)
2026-01-14 02:18:46,495 INFO sqlalchemy.engine.Engine [cached since 481s ago] (UUID('019b8bea-cc40-7d2b-997c-2e87c9cf0213'),)
2026-01-14 02:18:46,496 INFO sqlalchemy.engine.Engine SELECT users.is_active 
FROM users 
WHERE users.id = $1::UUID
2026-01-14 02:18:46,496 INFO sqlalchemy.engine.Engine [cached since 474.3s ago] (UUID('019b8bea-d0b3-7d18-b717-228a2bab0c17'),)
2026-01-14 02:18:46,497 INFO sqlalchemy.engine.Engine SELECT users.role_id 
FROM users 
WHERE users.id = $1::UUID
2026-01-14 02:18:46,497 INFO sqlalchemy.engine.Engine [cached since 474.3s ago] (UUID('019b8bea-d0b3-7d18-b717-228a2bab0c17'),)
2026-01-14 02:18:46,499 INFO sqlalchemy.engine.Engine SELECT permissions.name 
FROM permissions JOIN role_permissions ON role_permissions.permission_id = permissions.id 
WHERE role_permissions.role_id = $1::UUID
2026-01-14 02:18:46,499 INFO sqlalchemy.engine.Engine [cached since 474.3s ago] (UUID('019b8bea-cc2d-7967-bce5-55008e6e286e'),)
2026-01-14 02:18:46,500 INFO sqlalchemy.engine.Engine SELECT users.id, users.username, users.password, users.email, users.fullname, users.create_day, users.chat_id, users.is_active, users.token_version, users.role_id, users.level_id, users.tenant_id, users.webphone_enabled, users.sip_extension, users.sip_username, users.sip_password, users.sip_domain, users.sip_ws_server, users.sip_port, users.sip_protocol, users.webphone_api_key, users.webphone_process_id, users.webphone_agent_id, users.call_recording_enabled, users.call_log_enabled 
FROM users 
WHERE users.id = $1::UUID
2026-01-14 02:18:46,500 INFO sqlalchemy.engine.Engine [cached since 465.4s ago] ('019b8bea-d0b3-7d18-b717-228a2bab0c17',)
2026-01-14 02:18:46,502 INFO sqlalchemy.engine.Engine SELECT roles.id AS roles_id, roles.name AS roles_name, roles.description AS roles_description, roles.role_order AS roles_role_order, roles.tenant_id AS roles_tenant_id, roles.is_active AS roles_is_active 
FROM roles 
WHERE roles.id IN ($1::UUID)
2026-01-14 02:18:46,502 INFO sqlalchemy.engine.Engine [cached since 481s ago] (UUID('019b8bea-cc2d-7967-bce5-55008e6e286e'),)
2026-01-14 02:18:46,503 INFO sqlalchemy.engine.Engine SELECT levels.id AS levels_id, levels.name AS levels_name, levels.description AS levels_description, levels.level_order AS levels_level_order 
FROM levels 
WHERE levels.id IN ($1::UUID)
2026-01-14 02:18:46,503 INFO sqlalchemy.engine.Engine [cached since 481s ago] (UUID('019b8bea-cc40-7d2b-997c-2e87c9cf0213'),)
2026-01-14 02:18:46,505 INFO sqlalchemy.engine.Engine SELECT max(levels.level_order) AS max_1 
FROM levels
2026-01-14 02:18:46,505 INFO sqlalchemy.engine.Engine [cached since 465.4s ago] ()
2026-01-14 02:18:46,506 INFO sqlalchemy.engine.Engine SELECT roles.id, roles.name, roles.description, roles.role_order, roles.tenant_id, roles.is_active 
FROM roles 
 LIMIT $1::INTEGER OFFSET $2::INTEGER
2026-01-14 02:18:46,506 INFO sqlalchemy.engine.Engine [cached since 465.4s ago] (20, 0)
2026-01-14 02:18:46,507 INFO sqlalchemy.engine.Engine SELECT users.role_id AS users_role_id, users.id AS users_id, users.username AS users_username, users.password AS users_password, users.email AS users_email, users.fullname AS users_fullname, users.create_day AS users_create_day, users.chat_id AS users_chat_id, users.is_active AS users_is_active, users.token_version AS users_token_version, users.level_id AS users_level_id, users.tenant_id AS users_tenant_id, users.webphone_enabled AS users_webphone_enabled, users.sip_extension AS users_sip_extension, users.sip_username AS users_sip_username, users.sip_password AS users_sip_password, users.sip_domain AS users_sip_domain, users.sip_ws_server AS users_sip_ws_server, users.sip_port AS users_sip_port, users.sip_protocol AS users_sip_protocol, users.webphone_api_key AS users_webphone_api_key, users.webphone_process_id AS users_webphone_process_id, users.webphone_agent_id AS users_webphone_agent_id, users.call_recording_enabled AS users_call_recording_enabled, users.call_log_enabled AS users_call_log_enabled 
FROM users 
WHERE users.role_id IN ($1::UUID, $2::UUID)
2026-01-14 02:18:46,507 INFO sqlalchemy.engine.Engine [cached since 480s ago] (UUID('019b8bea-cc2d-7967-bce5-55008e6e286e'), UUID('019b8bea-cc37-756d-a8ab-2a3d2759023a'))
2026-01-14 02:18:46,509 INFO sqlalchemy.engine.Engine SELECT levels.id AS levels_id, levels.name AS levels_name, levels.description AS levels_description, levels.level_order AS levels_level_order 
FROM levels 
WHERE levels.id IN ($1::UUID, $2::UUID, $3::UUID)
2026-01-14 02:18:46,509 INFO sqlalchemy.engine.Engine [cached since 480s ago] (UUID('019b8bea-cc40-7d2b-997c-2e87c9cf0213'), UUID('019b8bea-cc51-7cf1-955a-dfe07a837e08'), UUID('019b8bea-cc57-7c07-8302-4ba62612e240'))
2026-01-14 02:18:46,510 INFO sqlalchemy.engine.Engine SELECT count(*) AS count_1 
FROM roles
2026-01-14 02:18:46,510 INFO sqlalchemy.engine.Engine [cached since 465.4s ago] ()
2026-01-14 02:18:46,511 INFO sqlalchemy.engine.Engine ROLLBACK
INFO:     222.252.26.190:41745 - "GET /api/v1/roles?page=1&page_size=20 HTTP/1.1" 200 OK
INFO:     222.252.26.190:57135 - "OPTIONS /api/v1/roles?page=1&page_size=50 HTTP/1.1" 200 OK
2026-01-14 02:19:07,545 INFO sqlalchemy.engine.Engine BEGIN (implicit)
2026-01-14 02:19:07,546 INFO sqlalchemy.engine.Engine SELECT users.id AS users_id, users.username AS users_username, users.password AS users_password, users.email AS users_email, users.fullname AS users_fullname, users.create_day AS users_create_day, users.chat_id AS users_chat_id, users.is_active AS users_is_active, users.token_version AS users_token_version, users.role_id AS users_role_id, users.level_id AS users_level_id, users.tenant_id AS users_tenant_id, users.webphone_enabled AS users_webphone_enabled, users.sip_extension AS users_sip_extension, users.sip_username AS users_sip_username, users.sip_password AS users_sip_password, users.sip_domain AS users_sip_domain, users.sip_ws_server AS users_sip_ws_server, users.sip_port AS users_sip_port, users.sip_protocol AS users_sip_protocol, users.webphone_api_key AS users_webphone_api_key, users.webphone_process_id AS users_webphone_process_id, users.webphone_agent_id AS users_webphone_agent_id, users.call_recording_enabled AS users_call_recording_enabled, users.call_log_enabled AS users_call_log_enabled 
FROM users 
WHERE users.id = $1::UUID
2026-01-14 02:19:07,546 INFO sqlalchemy.engine.Engine [cached since 495.3s ago] (UUID('019b8bea-d0b3-7d18-b717-228a2bab0c17'),)
2026-01-14 02:19:07,550 INFO sqlalchemy.engine.Engine SELECT roles.id AS roles_id, roles.name AS roles_name, roles.description AS roles_description, roles.role_order AS roles_role_order, roles.tenant_id AS roles_tenant_id, roles.is_active AS roles_is_active 
FROM roles 
WHERE roles.id IN ($1::UUID)
2026-01-14 02:19:07,550 INFO sqlalchemy.engine.Engine [cached since 502.1s ago] (UUID('019b8bea-cc2d-7967-bce5-55008e6e286e'),)
2026-01-14 02:19:07,553 INFO sqlalchemy.engine.Engine SELECT levels.id AS levels_id, levels.name AS levels_name, levels.description AS levels_description, levels.level_order AS levels_level_order 
FROM levels 
WHERE levels.id IN ($1::UUID)
2026-01-14 02:19:07,553 INFO sqlalchemy.engine.Engine [cached since 502.1s ago] (UUID('019b8bea-cc40-7d2b-997c-2e87c9cf0213'),)
2026-01-14 02:19:07,555 INFO sqlalchemy.engine.Engine SELECT users.is_active 
FROM users 
WHERE users.id = $1::UUID
2026-01-14 02:19:07,555 INFO sqlalchemy.engine.Engine [cached since 495.3s ago] (UUID('019b8bea-d0b3-7d18-b717-228a2bab0c17'),)
2026-01-14 02:19:07,557 INFO sqlalchemy.engine.Engine SELECT users.role_id 
FROM users 
WHERE users.id = $1::UUID
2026-01-14 02:19:07,557 INFO sqlalchemy.engine.Engine [cached since 495.3s ago] (UUID('019b8bea-d0b3-7d18-b717-228a2bab0c17'),)
2026-01-14 02:19:07,558 INFO sqlalchemy.engine.Engine SELECT permissions.name 
FROM permissions JOIN role_permissions ON role_permissions.permission_id = permissions.id 
WHERE role_permissions.role_id = $1::UUID
2026-01-14 02:19:07,559 INFO sqlalchemy.engine.Engine [cached since 495.3s ago] (UUID('019b8bea-cc2d-7967-bce5-55008e6e286e'),)
2026-01-14 02:19:07,560 INFO sqlalchemy.engine.Engine SELECT users.id, users.username, users.password, users.email, users.fullname, users.create_day, users.chat_id, users.is_active, users.token_version, users.role_id, users.level_id, users.tenant_id, users.webphone_enabled, users.sip_extension, users.sip_username, users.sip_password, users.sip_domain, users.sip_ws_server, users.sip_port, users.sip_protocol, users.webphone_api_key, users.webphone_process_id, users.webphone_agent_id, users.call_recording_enabled, users.call_log_enabled 
FROM users 
WHERE users.id = $1::UUID
2026-01-14 02:19:07,560 INFO sqlalchemy.engine.Engine [cached since 486.5s ago] ('019b8bea-d0b3-7d18-b717-228a2bab0c17',)
2026-01-14 02:19:07,562 INFO sqlalchemy.engine.Engine SELECT roles.id AS roles_id, roles.name AS roles_name, roles.description AS roles_description, roles.role_order AS roles_role_order, roles.tenant_id AS roles_tenant_id, roles.is_active AS roles_is_active 
FROM roles 
WHERE roles.id IN ($1::UUID)
2026-01-14 02:19:07,562 INFO sqlalchemy.engine.Engine [cached since 502.1s ago] (UUID('019b8bea-cc2d-7967-bce5-55008e6e286e'),)
2026-01-14 02:19:07,563 INFO sqlalchemy.engine.Engine SELECT levels.id AS levels_id, levels.name AS levels_name, levels.description AS levels_description, levels.level_order AS levels_level_order 
FROM levels 
WHERE levels.id IN ($1::UUID)
2026-01-14 02:19:07,563 INFO sqlalchemy.engine.Engine [cached since 502.1s ago] (UUID('019b8bea-cc40-7d2b-997c-2e87c9cf0213'),)
2026-01-14 02:19:07,565 INFO sqlalchemy.engine.Engine SELECT max(levels.level_order) AS max_1 
FROM levels
2026-01-14 02:19:07,565 INFO sqlalchemy.engine.Engine [cached since 486.5s ago] ()
2026-01-14 02:19:07,566 INFO sqlalchemy.engine.Engine SELECT roles.id, roles.name, roles.description, roles.role_order, roles.tenant_id, roles.is_active 
FROM roles 
 LIMIT $1::INTEGER OFFSET $2::INTEGER
2026-01-14 02:19:07,567 INFO sqlalchemy.engine.Engine [cached since 486.5s ago] (50, 0)
2026-01-14 02:19:07,568 INFO sqlalchemy.engine.Engine SELECT users.role_id AS users_role_id, users.id AS users_id, users.username AS users_username, users.password AS users_password, users.email AS users_email, users.fullname AS users_fullname, users.create_day AS users_create_day, users.chat_id AS users_chat_id, users.is_active AS users_is_active, users.token_version AS users_token_version, users.level_id AS users_level_id, users.tenant_id AS users_tenant_id, users.webphone_enabled AS users_webphone_enabled, users.sip_extension AS users_sip_extension, users.sip_username AS users_sip_username, users.sip_password AS users_sip_password, users.sip_domain AS users_sip_domain, users.sip_ws_server AS users_sip_ws_server, users.sip_port AS users_sip_port, users.sip_protocol AS users_sip_protocol, users.webphone_api_key AS users_webphone_api_key, users.webphone_process_id AS users_webphone_process_id, users.webphone_agent_id AS users_webphone_agent_id, users.call_recording_enabled AS users_call_recording_enabled, users.call_log_enabled AS users_call_log_enabled 
FROM users 
WHERE users.role_id IN ($1::UUID, $2::UUID)
2026-01-14 02:19:07,568 INFO sqlalchemy.engine.Engine [cached since 501.1s ago] (UUID('019b8bea-cc2d-7967-bce5-55008e6e286e'), UUID('019b8bea-cc37-756d-a8ab-2a3d2759023a'))
2026-01-14 02:19:07,569 INFO sqlalchemy.engine.Engine SELECT levels.id AS levels_id, levels.name AS levels_name, levels.description AS levels_description, levels.level_order AS levels_level_order 
FROM levels 
WHERE levels.id IN ($1::UUID, $2::UUID, $3::UUID)
2026-01-14 02:19:07,569 INFO sqlalchemy.engine.Engine [cached since 501.1s ago] (UUID('019b8bea-cc40-7d2b-997c-2e87c9cf0213'), UUID('019b8bea-cc51-7cf1-955a-dfe07a837e08'), UUID('019b8bea-cc57-7c07-8302-4ba62612e240'))
2026-01-14 02:19:07,570 INFO sqlalchemy.engine.Engine SELECT count(*) AS count_1 
FROM roles
2026-01-14 02:19:07,570 INFO sqlalchemy.engine.Engine [cached since 486.5s ago] ()
2026-01-14 02:19:07,571 INFO sqlalchemy.engine.Engine ROLLBACK
INFO:     222.252.26.190:57135 - "GET /api/v1/roles?page=1&page_size=50 HTTP/1.1" 200 OK
INFO:     222.252.26.190:52492 - "OPTIONS /api/v1/user/current HTTP/1.1" 200 OK
2026-01-14 02:19:32,616 INFO sqlalchemy.engine.Engine BEGIN (implicit)
2026-01-14 02:19:32,616 INFO sqlalchemy.engine.Engine SELECT users.id AS users_id, users.username AS users_username, users.password AS users_password, users.email AS users_email, users.fullname AS users_fullname, users.create_day AS users_create_day, users.chat_id AS users_chat_id, users.is_active AS users_is_active, users.token_version AS users_token_version, users.role_id AS users_role_id, users.level_id AS users_level_id, users.tenant_id AS users_tenant_id, users.webphone_enabled AS users_webphone_enabled, users.sip_extension AS users_sip_extension, users.sip_username AS users_sip_username, users.sip_password AS users_sip_password, users.sip_domain AS users_sip_domain, users.sip_ws_server AS users_sip_ws_server, users.sip_port AS users_sip_port, users.sip_protocol AS users_sip_protocol, users.webphone_api_key AS users_webphone_api_key, users.webphone_process_id AS users_webphone_process_id, users.webphone_agent_id AS users_webphone_agent_id, users.call_recording_enabled AS users_call_recording_enabled, users.call_log_enabled AS users_call_log_enabled 
FROM users 
WHERE users.id = $1::UUID
2026-01-14 02:19:32,617 INFO sqlalchemy.engine.Engine [cached since 520.4s ago] (UUID('019b8bea-d0b3-7d18-b717-228a2bab0c17'),)
2026-01-14 02:19:32,619 INFO sqlalchemy.engine.Engine SELECT roles.id AS roles_id, roles.name AS roles_name, roles.description AS roles_description, roles.role_order AS roles_role_order, roles.tenant_id AS roles_tenant_id, roles.is_active AS roles_is_active 
FROM roles 
WHERE roles.id IN ($1::UUID)
2026-01-14 02:19:32,619 INFO sqlalchemy.engine.Engine [cached since 527.1s ago] (UUID('019b8bea-cc2d-7967-bce5-55008e6e286e'),)
2026-01-14 02:19:32,621 INFO sqlalchemy.engine.Engine SELECT levels.id AS levels_id, levels.name AS levels_name, levels.description AS levels_description, levels.level_order AS levels_level_order 
FROM levels 
WHERE levels.id IN ($1::UUID)
2026-01-14 02:19:32,621 INFO sqlalchemy.engine.Engine [cached since 527.1s ago] (UUID('019b8bea-cc40-7d2b-997c-2e87c9cf0213'),)
2026-01-14 02:19:32,622 INFO sqlalchemy.engine.Engine SELECT users.is_active 
FROM users 
WHERE users.id = $1::UUID
2026-01-14 02:19:32,622 INFO sqlalchemy.engine.Engine [cached since 520.4s ago] (UUID('019b8bea-d0b3-7d18-b717-228a2bab0c17'),)
2026-01-14 02:19:32,624 INFO sqlalchemy.engine.Engine SELECT users.role_id 
FROM users 
WHERE users.id = $1::UUID
2026-01-14 02:19:32,624 INFO sqlalchemy.engine.Engine [cached since 520.4s ago] (UUID('019b8bea-d0b3-7d18-b717-228a2bab0c17'),)
2026-01-14 02:19:32,625 INFO sqlalchemy.engine.Engine SELECT permissions.name 
FROM permissions JOIN role_permissions ON role_permissions.permission_id = permissions.id 
WHERE role_permissions.role_id = $1::UUID
2026-01-14 02:19:32,625 INFO sqlalchemy.engine.Engine [cached since 520.4s ago] (UUID('019b8bea-cc2d-7967-bce5-55008e6e286e'),)
2026-01-14 02:19:32,627 INFO sqlalchemy.engine.Engine SELECT users.id, users.username, users.password, users.email, users.fullname, users.create_day, users.chat_id, users.is_active, users.token_version, users.role_id, users.level_id, users.tenant_id, users.webphone_enabled, users.sip_extension, users.sip_username, users.sip_password, users.sip_domain, users.sip_ws_server, users.sip_port, users.sip_protocol, users.webphone_api_key, users.webphone_process_id, users.webphone_agent_id, users.call_recording_enabled, users.call_log_enabled, roles_1.id AS id_1, roles_1.name, roles_1.description, roles_1.role_order, roles_1.tenant_id AS tenant_id_1, roles_1.is_active AS is_active_1, levels_1.id AS id_2, levels_1.name AS name_1, levels_1.description AS description_1, levels_1.level_order 
FROM users LEFT OUTER JOIN roles AS roles_1 ON roles_1.id = users.role_id LEFT OUTER JOIN levels AS levels_1 ON levels_1.id = users.level_id 
WHERE users.id = $1::UUID
2026-01-14 02:19:32,627 INFO sqlalchemy.engine.Engine [cached since 520.4s ago] (UUID('019b8bea-d0b3-7d18-b717-228a2bab0c17'),)
2026-01-14 02:19:32,630 INFO sqlalchemy.engine.Engine SELECT permissions.name 
FROM permissions JOIN role_permissions ON permissions.id = role_permissions.permission_id JOIN roles ON role_permissions.role_id = roles.id JOIN users ON users.role_id = roles.id 
WHERE users.id = $1::UUID
2026-01-14 02:19:32,630 INFO sqlalchemy.engine.Engine [cached since 520.4s ago] (UUID('019b8bea-d0b3-7d18-b717-228a2bab0c17'),)
Check result: ['view_users', 'current_user', 'delete_users', 'create_users', 'edit_users', 'view_user_groups', 'edit_roles', 'view_roles', 'delete_roles', 'create_roles', 'view_permissions', 'edit_permissions', 'delete_permissions', 'create_permissions', 'assign_permissions_to_role', 'delete_permission_from_role', 'view_logs', 'view_levels', 'create_level', 'edit_level', 'delete_level', 'view_departments', 'create_department', 'edit_department', 'delete_department', 'view_groups', 'create_group', 'edit_group', 'delete_group', 'assign_user_to_group', 'delete_user_group', 'view_role_permissions_by_role_id', 'view_tags', 'view_tag_by_id', 'create_tag', 'edit_tag', 'delete_tag', 'view_ticket_events', 'create_ticket_event', 'edit_ticket_event', 'delete_ticket_event', 'view_ticket_templates', 'create_ticket_template', 'edit_ticket_template', 'delete_ticket_template', 'view_ticket_contexts', 'create_ticket_context', 'edit_ticket_context', 'delete_ticket_context', 'view_ticket_extensions', 'create_ticket_extension', 'edit_ticket_extension', 'delete_ticket_extension', 'view_tickets', 'create_ticket', 'edit_ticket', 'delete_ticket', 'assign_ticket']
2026-01-14 02:19:32,633 INFO sqlalchemy.engine.Engine ROLLBACK
INFO:     222.252.26.190:52492 - "GET /api/v1/user/current HTTP/1.1" 200 OK
INFO:     222.252.26.190:50013 - "OPTIONS /api/v1/roles HTTP/1.1" 200 OK
INFO:     222.252.26.190:46751 - "OPTIONS /api/v1/levels HTTP/1.1" 200 OK
INFO:     222.252.26.190:45751 - "OPTIONS /api/v1/user/all?page=1&page_size=20 HTTP/1.1" 200 OK
2026-01-14 02:20:44,878 INFO sqlalchemy.engine.Engine BEGIN (implicit)
2026-01-14 02:20:44,879 INFO sqlalchemy.engine.Engine SELECT users.id AS users_id, users.username AS users_username, users.password AS users_password, users.email AS users_email, users.fullname AS users_fullname, users.create_day AS users_create_day, users.chat_id AS users_chat_id, users.is_active AS users_is_active, users.token_version AS users_token_version, users.role_id AS users_role_id, users.level_id AS users_level_id, users.tenant_id AS users_tenant_id, users.webphone_enabled AS users_webphone_enabled, users.sip_extension AS users_sip_extension, users.sip_username AS users_sip_username, users.sip_password AS users_sip_password, users.sip_domain AS users_sip_domain, users.sip_ws_server AS users_sip_ws_server, users.sip_port AS users_sip_port, users.sip_protocol AS users_sip_protocol, users.webphone_api_key AS users_webphone_api_key, users.webphone_process_id AS users_webphone_process_id, users.webphone_agent_id AS users_webphone_agent_id, users.call_recording_enabled AS users_call_recording_enabled, users.call_log_enabled AS users_call_log_enabled 
FROM users 
WHERE users.id = $1::UUID
2026-01-14 02:20:44,879 INFO sqlalchemy.engine.Engine [cached since 592.7s ago] (UUID('019b8bea-d0b3-7d18-b717-228a2bab0c17'),)
2026-01-14 02:20:44,888 INFO sqlalchemy.engine.Engine SELECT roles.id AS roles_id, roles.name AS roles_name, roles.description AS roles_description, roles.role_order AS roles_role_order, roles.tenant_id AS roles_tenant_id, roles.is_active AS roles_is_active 
FROM roles 
WHERE roles.id IN ($1::UUID)
2026-01-14 02:20:44,888 INFO sqlalchemy.engine.Engine [cached since 599.4s ago] (UUID('019b8bea-cc2d-7967-bce5-55008e6e286e'),)
2026-01-14 02:20:44,890 INFO sqlalchemy.engine.Engine SELECT levels.id AS levels_id, levels.name AS levels_name, levels.description AS levels_description, levels.level_order AS levels_level_order 
FROM levels 
WHERE levels.id IN ($1::UUID)
2026-01-14 02:20:44,890 INFO sqlalchemy.engine.Engine [cached since 599.4s ago] (UUID('019b8bea-cc40-7d2b-997c-2e87c9cf0213'),)
2026-01-14 02:20:44,893 INFO sqlalchemy.engine.Engine SELECT users.is_active 
FROM users 
WHERE users.id = $1::UUID
2026-01-14 02:20:44,893 INFO sqlalchemy.engine.Engine [cached since 592.7s ago] (UUID('019b8bea-d0b3-7d18-b717-228a2bab0c17'),)
2026-01-14 02:20:44,895 INFO sqlalchemy.engine.Engine SELECT users.role_id 
FROM users 
WHERE users.id = $1::UUID
2026-01-14 02:20:44,895 INFO sqlalchemy.engine.Engine [cached since 592.7s ago] (UUID('019b8bea-d0b3-7d18-b717-228a2bab0c17'),)
2026-01-14 02:20:44,898 INFO sqlalchemy.engine.Engine SELECT permissions.name 
FROM permissions JOIN role_permissions ON role_permissions.permission_id = permissions.id 
WHERE role_permissions.role_id = $1::UUID
2026-01-14 02:20:44,898 INFO sqlalchemy.engine.Engine [cached since 592.7s ago] (UUID('019b8bea-cc2d-7967-bce5-55008e6e286e'),)
2026-01-14 02:20:44,958 INFO sqlalchemy.engine.Engine SELECT users.id, users.username, users.password, users.email, users.fullname, users.create_day, users.chat_id, users.is_active, users.token_version, users.role_id, users.level_id, users.tenant_id, users.webphone_enabled, users.sip_extension, users.sip_username, users.sip_password, users.sip_domain, users.sip_ws_server, users.sip_port, users.sip_protocol, users.webphone_api_key, users.webphone_process_id, users.webphone_agent_id, users.call_recording_enabled, users.call_log_enabled 
FROM users 
WHERE users.id = $1::UUID
2026-01-14 02:20:44,958 INFO sqlalchemy.engine.Engine [cached since 583.9s ago] ('019b8bea-d0b3-7d18-b717-228a2bab0c17',)
2026-01-14 02:20:44,960 INFO sqlalchemy.engine.Engine SELECT roles.id AS roles_id, roles.name AS roles_name, roles.description AS roles_description, roles.role_order AS roles_role_order, roles.tenant_id AS roles_tenant_id, roles.is_active AS roles_is_active 
FROM roles 
WHERE roles.id IN ($1::UUID)
2026-01-14 02:20:44,960 INFO sqlalchemy.engine.Engine [cached since 599.5s ago] (UUID('019b8bea-cc2d-7967-bce5-55008e6e286e'),)
2026-01-14 02:20:44,961 INFO sqlalchemy.engine.Engine SELECT levels.id AS levels_id, levels.name AS levels_name, levels.description AS levels_description, levels.level_order AS levels_level_order 
FROM levels 
WHERE levels.id IN ($1::UUID)
2026-01-14 02:20:44,961 INFO sqlalchemy.engine.Engine [cached since 599.5s ago] (UUID('019b8bea-cc40-7d2b-997c-2e87c9cf0213'),)
2026-01-14 02:20:44,963 INFO sqlalchemy.engine.Engine SELECT max(levels.level_order) AS max_1 
FROM levels
2026-01-14 02:20:44,963 INFO sqlalchemy.engine.Engine [cached since 583.9s ago] ()
2026-01-14 02:20:44,964 INFO sqlalchemy.engine.Engine SELECT roles.id, roles.name, roles.description, roles.role_order, roles.tenant_id, roles.is_active 
FROM roles 
 LIMIT $1::INTEGER OFFSET $2::INTEGER
2026-01-14 02:20:44,964 INFO sqlalchemy.engine.Engine [cached since 583.9s ago] (10, 0)
2026-01-14 02:20:44,965 INFO sqlalchemy.engine.Engine SELECT users.role_id AS users_role_id, users.id AS users_id, users.username AS users_username, users.password AS users_password, users.email AS users_email, users.fullname AS users_fullname, users.create_day AS users_create_day, users.chat_id AS users_chat_id, users.is_active AS users_is_active, users.token_version AS users_token_version, users.level_id AS users_level_id, users.tenant_id AS users_tenant_id, users.webphone_enabled AS users_webphone_enabled, users.sip_extension AS users_sip_extension, users.sip_username AS users_sip_username, users.sip_password AS users_sip_password, users.sip_domain AS users_sip_domain, users.sip_ws_server AS users_sip_ws_server, users.sip_port AS users_sip_port, users.sip_protocol AS users_sip_protocol, users.webphone_api_key AS users_webphone_api_key, users.webphone_process_id AS users_webphone_process_id, users.webphone_agent_id AS users_webphone_agent_id, users.call_recording_enabled AS users_call_recording_enabled, users.call_log_enabled AS users_call_log_enabled 
FROM users 
WHERE users.role_id IN ($1::UUID, $2::UUID)
2026-01-14 02:20:44,965 INFO sqlalchemy.engine.Engine [cached since 598.5s ago] (UUID('019b8bea-cc2d-7967-bce5-55008e6e286e'), UUID('019b8bea-cc37-756d-a8ab-2a3d2759023a'))
2026-01-14 02:20:44,965 INFO sqlalchemy.engine.Engine BEGIN (implicit)
2026-01-14 02:20:44,966 INFO sqlalchemy.engine.Engine SELECT users.id AS users_id, users.username AS users_username, users.password AS users_password, users.email AS users_email, users.fullname AS users_fullname, users.create_day AS users_create_day, users.chat_id AS users_chat_id, users.is_active AS users_is_active, users.token_version AS users_token_version, users.role_id AS users_role_id, users.level_id AS users_level_id, users.tenant_id AS users_tenant_id, users.webphone_enabled AS users_webphone_enabled, users.sip_extension AS users_sip_extension, users.sip_username AS users_sip_username, users.sip_password AS users_sip_password, users.sip_domain AS users_sip_domain, users.sip_ws_server AS users_sip_ws_server, users.sip_port AS users_sip_port, users.sip_protocol AS users_sip_protocol, users.webphone_api_key AS users_webphone_api_key, users.webphone_process_id AS users_webphone_process_id, users.webphone_agent_id AS users_webphone_agent_id, users.call_recording_enabled AS users_call_recording_enabled, users.call_log_enabled AS users_call_log_enabled 
FROM users 
WHERE users.id = $1::UUID
2026-01-14 02:20:44,966 INFO sqlalchemy.engine.Engine [cached since 592.8s ago] (UUID('019b8bea-d0b3-7d18-b717-228a2bab0c17'),)
2026-01-14 02:20:44,967 INFO sqlalchemy.engine.Engine SELECT levels.id AS levels_id, levels.name AS levels_name, levels.description AS levels_description, levels.level_order AS levels_level_order 
FROM levels 
WHERE levels.id IN ($1::UUID, $2::UUID, $3::UUID)
2026-01-14 02:20:44,967 INFO sqlalchemy.engine.Engine [cached since 598.5s ago] (UUID('019b8bea-cc40-7d2b-997c-2e87c9cf0213'), UUID('019b8bea-cc51-7cf1-955a-dfe07a837e08'), UUID('019b8bea-cc57-7c07-8302-4ba62612e240'))
2026-01-14 02:20:44,968 INFO sqlalchemy.engine.Engine SELECT count(*) AS count_1 
FROM roles
2026-01-14 02:20:44,968 INFO sqlalchemy.engine.Engine [cached since 583.9s ago] ()
2026-01-14 02:20:44,969 INFO sqlalchemy.engine.Engine ROLLBACK
2026-01-14 02:20:44,969 INFO sqlalchemy.engine.Engine BEGIN (implicit)
2026-01-14 02:20:44,970 INFO sqlalchemy.engine.Engine SELECT users.id AS users_id, users.username AS users_username, users.password AS users_password, users.email AS users_email, users.fullname AS users_fullname, users.create_day AS users_create_day, users.chat_id AS users_chat_id, users.is_active AS users_is_active, users.token_version AS users_token_version, users.role_id AS users_role_id, users.level_id AS users_level_id, users.tenant_id AS users_tenant_id, users.webphone_enabled AS users_webphone_enabled, users.sip_extension AS users_sip_extension, users.sip_username AS users_sip_username, users.sip_password AS users_sip_password, users.sip_domain AS users_sip_domain, users.sip_ws_server AS users_sip_ws_server, users.sip_port AS users_sip_port, users.sip_protocol AS users_sip_protocol, users.webphone_api_key AS users_webphone_api_key, users.webphone_process_id AS users_webphone_process_id, users.webphone_agent_id AS users_webphone_agent_id, users.call_recording_enabled AS users_call_recording_enabled, users.call_log_enabled AS users_call_log_enabled 
FROM users 
WHERE users.id = $1::UUID
2026-01-14 02:20:44,970 INFO sqlalchemy.engine.Engine [cached since 592.8s ago] (UUID('019b8bea-d0b3-7d18-b717-228a2bab0c17'),)
INFO:     222.252.26.190:50013 - "GET /api/v1/roles HTTP/1.1" 200 OK
2026-01-14 02:20:44,971 INFO sqlalchemy.engine.Engine SELECT roles.id AS roles_id, roles.name AS roles_name, roles.description AS roles_description, roles.role_order AS roles_role_order, roles.tenant_id AS roles_tenant_id, roles.is_active AS roles_is_active 
FROM roles 
WHERE roles.id IN ($1::UUID)
2026-01-14 02:20:44,971 INFO sqlalchemy.engine.Engine [cached since 599.5s ago] (UUID('019b8bea-cc2d-7967-bce5-55008e6e286e'),)
2026-01-14 02:20:44,973 INFO sqlalchemy.engine.Engine SELECT levels.id AS levels_id, levels.name AS levels_name, levels.description AS levels_description, levels.level_order AS levels_level_order 
FROM levels 
WHERE levels.id IN ($1::UUID)
2026-01-14 02:20:44,973 INFO sqlalchemy.engine.Engine [cached since 599.5s ago] (UUID('019b8bea-cc40-7d2b-997c-2e87c9cf0213'),)
2026-01-14 02:20:44,974 INFO sqlalchemy.engine.Engine SELECT roles.id AS roles_id, roles.name AS roles_name, roles.description AS roles_description, roles.role_order AS roles_role_order, roles.tenant_id AS roles_tenant_id, roles.is_active AS roles_is_active 
FROM roles 
WHERE roles.id IN ($1::UUID)
2026-01-14 02:20:44,974 INFO sqlalchemy.engine.Engine [cached since 599.5s ago] (UUID('019b8bea-cc2d-7967-bce5-55008e6e286e'),)
2026-01-14 02:20:44,975 INFO sqlalchemy.engine.Engine SELECT users.is_active 
FROM users 
WHERE users.id = $1::UUID
2026-01-14 02:20:44,975 INFO sqlalchemy.engine.Engine [cached since 592.8s ago] (UUID('019b8bea-d0b3-7d18-b717-228a2bab0c17'),)
2026-01-14 02:20:44,976 INFO sqlalchemy.engine.Engine SELECT levels.id AS levels_id, levels.name AS levels_name, levels.description AS levels_description, levels.level_order AS levels_level_order 
FROM levels 
WHERE levels.id IN ($1::UUID)
2026-01-14 02:20:44,976 INFO sqlalchemy.engine.Engine [cached since 599.5s ago] (UUID('019b8bea-cc40-7d2b-997c-2e87c9cf0213'),)
2026-01-14 02:20:44,977 INFO sqlalchemy.engine.Engine SELECT users.role_id 
FROM users 
WHERE users.id = $1::UUID
2026-01-14 02:20:44,977 INFO sqlalchemy.engine.Engine [cached since 592.8s ago] (UUID('019b8bea-d0b3-7d18-b717-228a2bab0c17'),)
2026-01-14 02:20:44,978 INFO sqlalchemy.engine.Engine SELECT users.is_active 
FROM users 
WHERE users.id = $1::UUID
2026-01-14 02:20:44,979 INFO sqlalchemy.engine.Engine [cached since 592.8s ago] (UUID('019b8bea-d0b3-7d18-b717-228a2bab0c17'),)
2026-01-14 02:20:44,979 INFO sqlalchemy.engine.Engine SELECT permissions.name 
FROM permissions JOIN role_permissions ON role_permissions.permission_id = permissions.id 
WHERE role_permissions.role_id = $1::UUID
2026-01-14 02:20:44,979 INFO sqlalchemy.engine.Engine [cached since 592.8s ago] (UUID('019b8bea-cc2d-7967-bce5-55008e6e286e'),)
2026-01-14 02:20:44,980 INFO sqlalchemy.engine.Engine SELECT users.role_id 
FROM users 
WHERE users.id = $1::UUID
2026-01-14 02:20:44,980 INFO sqlalchemy.engine.Engine [cached since 592.8s ago] (UUID('019b8bea-d0b3-7d18-b717-228a2bab0c17'),)
2026-01-14 02:20:44,981 INFO sqlalchemy.engine.Engine SELECT permissions.name 
FROM permissions JOIN role_permissions ON role_permissions.permission_id = permissions.id 
WHERE role_permissions.role_id = $1::UUID
2026-01-14 02:20:44,981 INFO sqlalchemy.engine.Engine [cached since 592.8s ago] (UUID('019b8bea-cc2d-7967-bce5-55008e6e286e'),)
2026-01-14 02:20:44,982 INFO sqlalchemy.engine.Engine SELECT users.id, users.username, users.password, users.email, users.fullname, users.create_day, users.chat_id, users.is_active, users.token_version, users.role_id, users.level_id, users.tenant_id, users.webphone_enabled, users.sip_extension, users.sip_username, users.sip_password, users.sip_domain, users.sip_ws_server, users.sip_port, users.sip_protocol, users.webphone_api_key, users.webphone_process_id, users.webphone_agent_id, users.call_recording_enabled, users.call_log_enabled 
FROM users 
WHERE users.id = $1::UUID
2026-01-14 02:20:44,982 INFO sqlalchemy.engine.Engine [cached since 583.9s ago] ('019b8bea-d0b3-7d18-b717-228a2bab0c17',)
2026-01-14 02:20:44,984 INFO sqlalchemy.engine.Engine SELECT roles.id AS roles_id, roles.name AS roles_name, roles.description AS roles_description, roles.role_order AS roles_role_order, roles.tenant_id AS roles_tenant_id, roles.is_active AS roles_is_active 
FROM roles 
WHERE roles.id IN ($1::UUID)
2026-01-14 02:20:44,984 INFO sqlalchemy.engine.Engine [cached since 599.5s ago] (UUID('019b8bea-cc2d-7967-bce5-55008e6e286e'),)
2026-01-14 02:20:44,985 INFO sqlalchemy.engine.Engine SELECT users.id, users.username, users.password, users.email, users.fullname, users.create_day, users.chat_id, users.is_active, users.token_version, users.role_id, users.level_id, users.tenant_id, users.webphone_enabled, users.sip_extension, users.sip_username, users.sip_password, users.sip_domain, users.sip_ws_server, users.sip_port, users.sip_protocol, users.webphone_api_key, users.webphone_process_id, users.webphone_agent_id, users.call_recording_enabled, users.call_log_enabled 
FROM users 
WHERE users.id = $1::UUID
2026-01-14 02:20:44,985 INFO sqlalchemy.engine.Engine [cached since 583.9s ago] ('019b8bea-d0b3-7d18-b717-228a2bab0c17',)
2026-01-14 02:20:44,985 INFO sqlalchemy.engine.Engine SELECT levels.id AS levels_id, levels.name AS levels_name, levels.description AS levels_description, levels.level_order AS levels_level_order 
FROM levels 
WHERE levels.id IN ($1::UUID)
2026-01-14 02:20:44,986 INFO sqlalchemy.engine.Engine [cached since 599.5s ago] (UUID('019b8bea-cc40-7d2b-997c-2e87c9cf0213'),)
2026-01-14 02:20:44,987 INFO sqlalchemy.engine.Engine SELECT max(levels.level_order) AS max_1 
FROM levels
2026-01-14 02:20:44,987 INFO sqlalchemy.engine.Engine [cached since 583.9s ago] ()
2026-01-14 02:20:44,987 INFO sqlalchemy.engine.Engine SELECT roles.id AS roles_id, roles.name AS roles_name, roles.description AS roles_description, roles.role_order AS roles_role_order, roles.tenant_id AS roles_tenant_id, roles.is_active AS roles_is_active 
FROM roles 
WHERE roles.id IN ($1::UUID)
2026-01-14 02:20:44,987 INFO sqlalchemy.engine.Engine [cached since 599.5s ago] (UUID('019b8bea-cc2d-7967-bce5-55008e6e286e'),)
2026-01-14 02:20:44,989 INFO sqlalchemy.engine.Engine SELECT levels.id AS levels_id, levels.name AS levels_name, levels.description AS levels_description, levels.level_order AS levels_level_order 
FROM levels 
WHERE levels.id IN ($1::UUID)
2026-01-14 02:20:44,990 INFO sqlalchemy.engine.Engine [cached since 599.5s ago] (UUID('019b8bea-cc40-7d2b-997c-2e87c9cf0213'),)
2026-01-14 02:20:44,990 INFO sqlalchemy.engine.Engine SELECT levels.level_order 
FROM levels 
WHERE levels.id = $1::UUID
2026-01-14 02:20:44,990 INFO sqlalchemy.engine.Engine [generated in 0.00014s] (UUID('019b8bea-cc40-7d2b-997c-2e87c9cf0213'),)
2026-01-14 02:20:44,991 INFO sqlalchemy.engine.Engine SELECT max(levels.level_order) AS max_1 
FROM levels
2026-01-14 02:20:44,991 INFO sqlalchemy.engine.Engine [cached since 583.9s ago] ()
2026-01-14 02:20:44,994 INFO sqlalchemy.engine.Engine SELECT users.id, users.username, users.password, users.email, users.fullname, users.create_day, users.chat_id, users.is_active, users.token_version, users.role_id, users.level_id, users.tenant_id, users.webphone_enabled, users.sip_extension, users.sip_username, users.sip_password, users.sip_domain, users.sip_ws_server, users.sip_port, users.sip_protocol, users.webphone_api_key, users.webphone_process_id, users.webphone_agent_id, users.call_recording_enabled, users.call_log_enabled, roles_1.id AS id_1, roles_1.name, roles_1.description, roles_1.role_order, roles_1.tenant_id AS tenant_id_1, roles_1.is_active AS is_active_1, levels_1.id AS id_2, levels_1.name AS name_1, levels_1.description AS description_1, levels_1.level_order 
FROM users LEFT OUTER JOIN roles AS roles_1 ON roles_1.id = users.role_id LEFT OUTER JOIN levels AS levels_1 ON levels_1.id = users.level_id 
WHERE users.id != $1::UUID 
 LIMIT $2::INTEGER OFFSET $3::INTEGER
2026-01-14 02:20:44,995 INFO sqlalchemy.engine.Engine [generated in 0.00019s] (UUID('019b8bea-d0b3-7d18-b717-228a2bab0c17'), 20, 0)
2026-01-14 02:20:44,995 INFO sqlalchemy.engine.Engine SELECT levels.level_order 
FROM levels 
WHERE levels.id = $1::UUID
2026-01-14 02:20:44,996 INFO sqlalchemy.engine.Engine [cached since 0.00518s ago] (UUID('019b8bea-cc40-7d2b-997c-2e87c9cf0213'),)
2026-01-14 02:20:44,997 INFO sqlalchemy.engine.Engine SELECT levels.id, levels.name, levels.description, levels.level_order 
FROM levels 
 LIMIT $1::INTEGER OFFSET $2::INTEGER
2026-01-14 02:20:44,997 INFO sqlalchemy.engine.Engine [generated in 0.00014s] (10, 0)
2026-01-14 02:20:44,998 INFO sqlalchemy.engine.Engine SELECT count(*) AS count_1 
FROM users 
WHERE users.id != $1::UUID
2026-01-14 02:20:44,998 INFO sqlalchemy.engine.Engine [generated in 0.00013s] (UUID('019b8bea-d0b3-7d18-b717-228a2bab0c17'),)
2026-01-14 02:20:45,000 INFO sqlalchemy.engine.Engine SELECT users.level_id AS users_level_id, users.id AS users_id, users.username AS users_username, users.password AS users_password, users.email AS users_email, users.fullname AS users_fullname, users.create_day AS users_create_day, users.chat_id AS users_chat_id, users.is_active AS users_is_active, users.token_version AS users_token_version, users.role_id AS users_role_id, users.tenant_id AS users_tenant_id, users.webphone_enabled AS users_webphone_enabled, users.sip_extension AS users_sip_extension, users.sip_username AS users_sip_username, users.sip_password AS users_sip_password, users.sip_domain AS users_sip_domain, users.sip_ws_server AS users_sip_ws_server, users.sip_port AS users_sip_port, users.sip_protocol AS users_sip_protocol, users.webphone_api_key AS users_webphone_api_key, users.webphone_process_id AS users_webphone_process_id, users.webphone_agent_id AS users_webphone_agent_id, users.call_recording_enabled AS users_call_recording_enabled, users.call_log_enabled AS users_call_log_enabled 
FROM users 
WHERE users.level_id IN ($1::UUID, $2::UUID, $3::UUID, $4::UUID)
2026-01-14 02:20:45,000 INFO sqlalchemy.engine.Engine [generated in 0.00039s] (UUID('019b8bea-cc40-7d2b-997c-2e87c9cf0213'), UUID('019b8bea-cc4a-72c1-b278-b3155e384d2c'), UUID('019b8bea-cc51-7cf1-955a-dfe07a837e08'), UUID('019b8bea-cc57-7c07-8302-4ba62612e240'))
2026-01-14 02:20:45,002 INFO sqlalchemy.engine.Engine SELECT permissions.name 
FROM permissions JOIN role_permissions ON permissions.id = role_permissions.permission_id JOIN roles ON role_permissions.role_id = roles.id JOIN users ON users.role_id = roles.id 
WHERE users.id = $1::UUID
2026-01-14 02:20:45,002 INFO sqlalchemy.engine.Engine [cached since 592.8s ago] (UUID('019bb5b4-7045-788b-9131-501538a3368f'),)
2026-01-14 02:20:45,003 INFO sqlalchemy.engine.Engine SELECT roles.id AS roles_id, roles.name AS roles_name, roles.description AS roles_description, roles.role_order AS roles_role_order, roles.tenant_id AS roles_tenant_id, roles.is_active AS roles_is_active 
FROM roles 
WHERE roles.id IN ($1::UUID, $2::UUID)
2026-01-14 02:20:45,003 INFO sqlalchemy.engine.Engine [generated in 0.00017s] (UUID('019b8bea-cc2d-7967-bce5-55008e6e286e'), UUID('019b8bea-cc37-756d-a8ab-2a3d2759023a'))
2026-01-14 02:20:45,005 INFO sqlalchemy.engine.Engine SELECT count(*) AS count_1 
FROM levels
2026-01-14 02:20:45,005 INFO sqlalchemy.engine.Engine [generated in 0.00013s] ()
Check result: ['view_users', 'current_user', 'delete_users', 'create_users', 'edit_users', 'view_user_groups', 'edit_roles', 'view_roles', 'delete_roles', 'create_roles', 'view_permissions', 'edit_permissions', 'delete_permissions', 'create_permissions', 'assign_permissions_to_role', 'delete_permission_from_role', 'view_logs', 'view_levels', 'create_level', 'edit_level', 'delete_level', 'view_departments', 'create_department', 'edit_department', 'delete_department', 'view_groups', 'create_group', 'edit_group', 'delete_group', 'assign_user_to_group', 'delete_user_group', 'view_role_permissions_by_role_id', 'view_tags', 'view_tag_by_id', 'create_tag', 'edit_tag', 'delete_tag', 'view_ticket_events', 'create_ticket_event', 'edit_ticket_event', 'delete_ticket_event', 'view_ticket_templates', 'create_ticket_template', 'edit_ticket_template', 'delete_ticket_template', 'view_ticket_contexts', 'create_ticket_context', 'edit_ticket_context', 'delete_ticket_context', 'view_ticket_extensions', 'create_ticket_extension', 'edit_ticket_extension', 'delete_ticket_extension', 'view_tickets', 'create_ticket', 'edit_ticket', 'delete_ticket', 'assign_ticket']
2026-01-14 02:20:45,006 INFO sqlalchemy.engine.Engine SELECT permissions.name 
FROM permissions JOIN role_permissions ON permissions.id = role_permissions.permission_id JOIN roles ON role_permissions.role_id = roles.id JOIN users ON users.role_id = roles.id 
WHERE users.id = $1::UUID
2026-01-14 02:20:45,006 INFO sqlalchemy.engine.Engine [cached since 592.8s ago] (UUID('019bb690-0eb3-7d23-927c-68fa0110febb'),)
2026-01-14 02:20:45,007 INFO sqlalchemy.engine.Engine ROLLBACK
Check result: ['view_users', 'current_user', 'delete_users', 'create_users', 'edit_users', 'view_user_groups', 'view_roles', 'view_levels', 'view_departments', 'create_department', 'edit_department', 'delete_department', 'view_groups', 'create_group', 'edit_group', 'delete_group', 'view_tags', 'view_ticket_events', 'view_ticket_templates', 'view_ticket_contexts', 'view_ticket_extensions', 'create_tag', 'edit_tag', 'view_tickets', 'create_ticket', 'edit_ticket', 'assign_ticket', 'create_ticket_event', 'create_ticket_context', 'create_ticket_extension']
2026-01-14 02:20:45,008 INFO sqlalchemy.engine.Engine SELECT permissions.name 
FROM permissions JOIN role_permissions ON permissions.id = role_permissions.permission_id JOIN roles ON role_permissions.role_id = roles.id JOIN users ON users.role_id = roles.id 
WHERE users.id = $1::UUID
2026-01-14 02:20:45,008 INFO sqlalchemy.engine.Engine [cached since 592.8s ago] (UUID('019b8bea-d4a7-7e73-8800-5a606bfb8bc4'),)
INFO:     222.252.26.190:46751 - "GET /api/v1/levels HTTP/1.1" 200 OK
Check result: ['view_users', 'current_user', 'delete_users', 'create_users', 'edit_users', 'view_user_groups', 'view_roles', 'view_levels', 'view_departments', 'create_department', 'edit_department', 'delete_department', 'view_groups', 'create_group', 'edit_group', 'delete_group', 'view_tags', 'view_ticket_events', 'view_ticket_templates', 'view_ticket_contexts', 'view_ticket_extensions', 'create_tag', 'edit_tag', 'view_tickets', 'create_ticket', 'edit_ticket', 'assign_ticket', 'create_ticket_event', 'create_ticket_context', 'create_ticket_extension']
2026-01-14 02:20:45,010 INFO sqlalchemy.engine.Engine ROLLBACK
INFO:     222.252.26.190:45751 - "GET /api/v1/user/all?page=1&page_size=20 HTTP/1.1" 200 OK
INFO:     222.252.26.190:45751 - "OPTIONS /api/v1/user/all?page=1&page_size=10 HTTP/1.1" 200 OK
2026-01-14 02:20:45,202 INFO sqlalchemy.engine.Engine BEGIN (implicit)
2026-01-14 02:20:45,202 INFO sqlalchemy.engine.Engine SELECT users.id AS users_id, users.username AS users_username, users.password AS users_password, users.email AS users_email, users.fullname AS users_fullname, users.create_day AS users_create_day, users.chat_id AS users_chat_id, users.is_active AS users_is_active, users.token_version AS users_token_version, users.role_id AS users_role_id, users.level_id AS users_level_id, users.tenant_id AS users_tenant_id, users.webphone_enabled AS users_webphone_enabled, users.sip_extension AS users_sip_extension, users.sip_username AS users_sip_username, users.sip_password AS users_sip_password, users.sip_domain AS users_sip_domain, users.sip_ws_server AS users_sip_ws_server, users.sip_port AS users_sip_port, users.sip_protocol AS users_sip_protocol, users.webphone_api_key AS users_webphone_api_key, users.webphone_process_id AS users_webphone_process_id, users.webphone_agent_id AS users_webphone_agent_id, users.call_recording_enabled AS users_call_recording_enabled, users.call_log_enabled AS users_call_log_enabled 
FROM users 
WHERE users.id = $1::UUID
2026-01-14 02:20:45,203 INFO sqlalchemy.engine.Engine [cached since 593s ago] (UUID('019b8bea-d0b3-7d18-b717-228a2bab0c17'),)
2026-01-14 02:20:45,206 INFO sqlalchemy.engine.Engine SELECT roles.id AS roles_id, roles.name AS roles_name, roles.description AS roles_description, roles.role_order AS roles_role_order, roles.tenant_id AS roles_tenant_id, roles.is_active AS roles_is_active 
FROM roles 
WHERE roles.id IN ($1::UUID)
2026-01-14 02:20:45,207 INFO sqlalchemy.engine.Engine [cached since 599.7s ago] (UUID('019b8bea-cc2d-7967-bce5-55008e6e286e'),)
2026-01-14 02:20:45,209 INFO sqlalchemy.engine.Engine SELECT levels.id AS levels_id, levels.name AS levels_name, levels.description AS levels_description, levels.level_order AS levels_level_order 
FROM levels 
WHERE levels.id IN ($1::UUID)
2026-01-14 02:20:45,210 INFO sqlalchemy.engine.Engine [cached since 599.7s ago] (UUID('019b8bea-cc40-7d2b-997c-2e87c9cf0213'),)
2026-01-14 02:20:45,212 INFO sqlalchemy.engine.Engine SELECT users.is_active 
FROM users 
WHERE users.id = $1::UUID
2026-01-14 02:20:45,213 INFO sqlalchemy.engine.Engine [cached since 593s ago] (UUID('019b8bea-d0b3-7d18-b717-228a2bab0c17'),)
2026-01-14 02:20:45,214 INFO sqlalchemy.engine.Engine SELECT users.role_id 
FROM users 
WHERE users.id = $1::UUID
2026-01-14 02:20:45,214 INFO sqlalchemy.engine.Engine [cached since 593s ago] (UUID('019b8bea-d0b3-7d18-b717-228a2bab0c17'),)
2026-01-14 02:20:45,215 INFO sqlalchemy.engine.Engine SELECT permissions.name 
FROM permissions JOIN role_permissions ON role_permissions.permission_id = permissions.id 
WHERE role_permissions.role_id = $1::UUID
2026-01-14 02:20:45,215 INFO sqlalchemy.engine.Engine [cached since 593s ago] (UUID('019b8bea-cc2d-7967-bce5-55008e6e286e'),)
2026-01-14 02:20:45,217 INFO sqlalchemy.engine.Engine SELECT users.id, users.username, users.password, users.email, users.fullname, users.create_day, users.chat_id, users.is_active, users.token_version, users.role_id, users.level_id, users.tenant_id, users.webphone_enabled, users.sip_extension, users.sip_username, users.sip_password, users.sip_domain, users.sip_ws_server, users.sip_port, users.sip_protocol, users.webphone_api_key, users.webphone_process_id, users.webphone_agent_id, users.call_recording_enabled, users.call_log_enabled 
FROM users 
WHERE users.id = $1::UUID
2026-01-14 02:20:45,217 INFO sqlalchemy.engine.Engine [cached since 584.1s ago] ('019b8bea-d0b3-7d18-b717-228a2bab0c17',)
2026-01-14 02:20:45,219 INFO sqlalchemy.engine.Engine SELECT roles.id AS roles_id, roles.name AS roles_name, roles.description AS roles_description, roles.role_order AS roles_role_order, roles.tenant_id AS roles_tenant_id, roles.is_active AS roles_is_active 
FROM roles 
WHERE roles.id IN ($1::UUID)
2026-01-14 02:20:45,219 INFO sqlalchemy.engine.Engine [cached since 599.7s ago] (UUID('019b8bea-cc2d-7967-bce5-55008e6e286e'),)
2026-01-14 02:20:45,220 INFO sqlalchemy.engine.Engine SELECT levels.id AS levels_id, levels.name AS levels_name, levels.description AS levels_description, levels.level_order AS levels_level_order 
FROM levels 
WHERE levels.id IN ($1::UUID)
2026-01-14 02:20:45,221 INFO sqlalchemy.engine.Engine [cached since 599.7s ago] (UUID('019b8bea-cc40-7d2b-997c-2e87c9cf0213'),)
2026-01-14 02:20:45,222 INFO sqlalchemy.engine.Engine SELECT max(levels.level_order) AS max_1 
FROM levels
2026-01-14 02:20:45,222 INFO sqlalchemy.engine.Engine [cached since 584.1s ago] ()
2026-01-14 02:20:45,224 INFO sqlalchemy.engine.Engine SELECT levels.level_order 
FROM levels 
WHERE levels.id = $1::UUID
2026-01-14 02:20:45,224 INFO sqlalchemy.engine.Engine [cached since 0.2335s ago] (UUID('019b8bea-cc40-7d2b-997c-2e87c9cf0213'),)
2026-01-14 02:20:45,226 INFO sqlalchemy.engine.Engine SELECT users.id, users.username, users.password, users.email, users.fullname, users.create_day, users.chat_id, users.is_active, users.token_version, users.role_id, users.level_id, users.tenant_id, users.webphone_enabled, users.sip_extension, users.sip_username, users.sip_password, users.sip_domain, users.sip_ws_server, users.sip_port, users.sip_protocol, users.webphone_api_key, users.webphone_process_id, users.webphone_agent_id, users.call_recording_enabled, users.call_log_enabled, roles_1.id AS id_1, roles_1.name, roles_1.description, roles_1.role_order, roles_1.tenant_id AS tenant_id_1, roles_1.is_active AS is_active_1, levels_1.id AS id_2, levels_1.name AS name_1, levels_1.description AS description_1, levels_1.level_order 
FROM users LEFT OUTER JOIN roles AS roles_1 ON roles_1.id = users.role_id LEFT OUTER JOIN levels AS levels_1 ON levels_1.id = users.level_id 
WHERE users.id != $1::UUID 
 LIMIT $2::INTEGER OFFSET $3::INTEGER
2026-01-14 02:20:45,226 INFO sqlalchemy.engine.Engine [cached since 0.2313s ago] (UUID('019b8bea-d0b3-7d18-b717-228a2bab0c17'), 10, 0)
2026-01-14 02:20:45,229 INFO sqlalchemy.engine.Engine SELECT count(*) AS count_1 
FROM users 
WHERE users.id != $1::UUID
2026-01-14 02:20:45,230 INFO sqlalchemy.engine.Engine [cached since 0.2314s ago] (UUID('019b8bea-d0b3-7d18-b717-228a2bab0c17'),)
2026-01-14 02:20:45,232 INFO sqlalchemy.engine.Engine SELECT permissions.name 
FROM permissions JOIN role_permissions ON permissions.id = role_permissions.permission_id JOIN roles ON role_permissions.role_id = roles.id JOIN users ON users.role_id = roles.id 
WHERE users.id = $1::UUID
2026-01-14 02:20:45,232 INFO sqlalchemy.engine.Engine [cached since 593s ago] (UUID('019bb5b4-7045-788b-9131-501538a3368f'),)
Check result: ['view_users', 'current_user', 'delete_users', 'create_users', 'edit_users', 'view_user_groups', 'edit_roles', 'view_roles', 'delete_roles', 'create_roles', 'view_permissions', 'edit_permissions', 'delete_permissions', 'create_permissions', 'assign_permissions_to_role', 'delete_permission_from_role', 'view_logs', 'view_levels', 'create_level', 'edit_level', 'delete_level', 'view_departments', 'create_department', 'edit_department', 'delete_department', 'view_groups', 'create_group', 'edit_group', 'delete_group', 'assign_user_to_group', 'delete_user_group', 'view_role_permissions_by_role_id', 'view_tags', 'view_tag_by_id', 'create_tag', 'edit_tag', 'delete_tag', 'view_ticket_events', 'create_ticket_event', 'edit_ticket_event', 'delete_ticket_event', 'view_ticket_templates', 'create_ticket_template', 'edit_ticket_template', 'delete_ticket_template', 'view_ticket_contexts', 'create_ticket_context', 'edit_ticket_context', 'delete_ticket_context', 'view_ticket_extensions', 'create_ticket_extension', 'edit_ticket_extension', 'delete_ticket_extension', 'view_tickets', 'create_ticket', 'edit_ticket', 'delete_ticket', 'assign_ticket']
2026-01-14 02:20:45,234 INFO sqlalchemy.engine.Engine SELECT permissions.name 
FROM permissions JOIN role_permissions ON permissions.id = role_permissions.permission_id JOIN roles ON role_permissions.role_id = roles.id JOIN users ON users.role_id = roles.id 
WHERE users.id = $1::UUID
2026-01-14 02:20:45,234 INFO sqlalchemy.engine.Engine [cached since 593s ago] (UUID('019bb690-0eb3-7d23-927c-68fa0110febb'),)
Check result: ['view_users', 'current_user', 'delete_users', 'create_users', 'edit_users', 'view_user_groups', 'view_roles', 'view_levels', 'view_departments', 'create_department', 'edit_department', 'delete_department', 'view_groups', 'create_group', 'edit_group', 'delete_group', 'view_tags', 'view_ticket_events', 'view_ticket_templates', 'view_ticket_contexts', 'view_ticket_extensions', 'create_tag', 'edit_tag', 'view_tickets', 'create_ticket', 'edit_ticket', 'assign_ticket', 'create_ticket_event', 'create_ticket_context', 'create_ticket_extension']
2026-01-14 02:20:45,236 INFO sqlalchemy.engine.Engine SELECT permissions.name 
FROM permissions JOIN role_permissions ON permissions.id = role_permissions.permission_id JOIN roles ON role_permissions.role_id = roles.id JOIN users ON users.role_id = roles.id 
WHERE users.id = $1::UUID
2026-01-14 02:20:45,236 INFO sqlalchemy.engine.Engine [cached since 593s ago] (UUID('019b8bea-d4a7-7e73-8800-5a606bfb8bc4'),)
Check result: ['view_users', 'current_user', 'delete_users', 'create_users', 'edit_users', 'view_user_groups', 'view_roles', 'view_levels', 'view_departments', 'create_department', 'edit_department', 'delete_department', 'view_groups', 'create_group', 'edit_group', 'delete_group', 'view_tags', 'view_ticket_events', 'view_ticket_templates', 'view_ticket_contexts', 'view_ticket_extensions', 'create_tag', 'edit_tag', 'view_tickets', 'create_ticket', 'edit_ticket', 'assign_ticket', 'create_ticket_event', 'create_ticket_context', 'create_ticket_extension']
2026-01-14 02:20:45,239 INFO sqlalchemy.engine.Engine ROLLBACK
INFO:     222.252.26.190:45751 - "GET /api/v1/user/all?page=1&page_size=10 HTTP/1.1" 200 OK
2026-01-14 02:22:03,817 INFO sqlalchemy.engine.Engine BEGIN (implicit)
2026-01-14 02:22:03,818 INFO sqlalchemy.engine.Engine SELECT users.id AS users_id, users.username AS users_username, users.password AS users_password, users.email AS users_email, users.fullname AS users_fullname, users.create_day AS users_create_day, users.chat_id AS users_chat_id, users.is_active AS users_is_active, users.token_version AS users_token_version, users.role_id AS users_role_id, users.level_id AS users_level_id, users.tenant_id AS users_tenant_id, users.webphone_enabled AS users_webphone_enabled, users.sip_extension AS users_sip_extension, users.sip_username AS users_sip_username, users.sip_password AS users_sip_password, users.sip_domain AS users_sip_domain, users.sip_ws_server AS users_sip_ws_server, users.sip_port AS users_sip_port, users.sip_protocol AS users_sip_protocol, users.webphone_api_key AS users_webphone_api_key, users.webphone_process_id AS users_webphone_process_id, users.webphone_agent_id AS users_webphone_agent_id, users.call_recording_enabled AS users_call_recording_enabled, users.call_log_enabled AS users_call_log_enabled 
FROM users 
WHERE users.id = $1::UUID
2026-01-14 02:22:03,818 INFO sqlalchemy.engine.Engine [cached since 671.6s ago] (UUID('019b8bea-d0b3-7d18-b717-228a2bab0c17'),)
2026-01-14 02:22:03,822 INFO sqlalchemy.engine.Engine SELECT roles.id AS roles_id, roles.name AS roles_name, roles.description AS roles_description, roles.role_order AS roles_role_order, roles.tenant_id AS roles_tenant_id, roles.is_active AS roles_is_active 
FROM roles 
WHERE roles.id IN ($1::UUID)
2026-01-14 02:22:03,823 INFO sqlalchemy.engine.Engine [cached since 678.3s ago] (UUID('019b8bea-cc2d-7967-bce5-55008e6e286e'),)
2026-01-14 02:22:03,825 INFO sqlalchemy.engine.Engine SELECT levels.id AS levels_id, levels.name AS levels_name, levels.description AS levels_description, levels.level_order AS levels_level_order 
FROM levels 
WHERE levels.id IN ($1::UUID)
2026-01-14 02:22:03,825 INFO sqlalchemy.engine.Engine [cached since 678.3s ago] (UUID('019b8bea-cc40-7d2b-997c-2e87c9cf0213'),)
2026-01-14 02:22:03,827 INFO sqlalchemy.engine.Engine SELECT users.is_active 
FROM users 
WHERE users.id = $1::UUID
2026-01-14 02:22:03,827 INFO sqlalchemy.engine.Engine [cached since 671.6s ago] (UUID('019b8bea-d0b3-7d18-b717-228a2bab0c17'),)
2026-01-14 02:22:03,829 INFO sqlalchemy.engine.Engine SELECT users.role_id 
FROM users 
WHERE users.id = $1::UUID
2026-01-14 02:22:03,829 INFO sqlalchemy.engine.Engine [cached since 671.6s ago] (UUID('019b8bea-d0b3-7d18-b717-228a2bab0c17'),)
2026-01-14 02:22:03,831 INFO sqlalchemy.engine.Engine SELECT permissions.name 
FROM permissions JOIN role_permissions ON role_permissions.permission_id = permissions.id 
WHERE role_permissions.role_id = $1::UUID
2026-01-14 02:22:03,831 INFO sqlalchemy.engine.Engine [cached since 671.6s ago] (UUID('019b8bea-cc2d-7967-bce5-55008e6e286e'),)
2026-01-14 02:22:03,833 INFO sqlalchemy.engine.Engine SELECT users.id, users.username, users.password, users.email, users.fullname, users.create_day, users.chat_id, users.is_active, users.token_version, users.role_id, users.level_id, users.tenant_id, users.webphone_enabled, users.sip_extension, users.sip_username, users.sip_password, users.sip_domain, users.sip_ws_server, users.sip_port, users.sip_protocol, users.webphone_api_key, users.webphone_process_id, users.webphone_agent_id, users.call_recording_enabled, users.call_log_enabled 
FROM users 
WHERE users.id = $1::UUID
2026-01-14 02:22:03,833 INFO sqlalchemy.engine.Engine [cached since 662.8s ago] ('019b8bea-d0b3-7d18-b717-228a2bab0c17',)
2026-01-14 02:22:03,835 INFO sqlalchemy.engine.Engine SELECT roles.id AS roles_id, roles.name AS roles_name, roles.description AS roles_description, roles.role_order AS roles_role_order, roles.tenant_id AS roles_tenant_id, roles.is_active AS roles_is_active 
FROM roles 
WHERE roles.id IN ($1::UUID)
2026-01-14 02:22:03,835 INFO sqlalchemy.engine.Engine [cached since 678.4s ago] (UUID('019b8bea-cc2d-7967-bce5-55008e6e286e'),)
2026-01-14 02:22:03,836 INFO sqlalchemy.engine.Engine SELECT levels.id AS levels_id, levels.name AS levels_name, levels.description AS levels_description, levels.level_order AS levels_level_order 
FROM levels 
WHERE levels.id IN ($1::UUID)
2026-01-14 02:22:03,836 INFO sqlalchemy.engine.Engine [cached since 678.4s ago] (UUID('019b8bea-cc40-7d2b-997c-2e87c9cf0213'),)
2026-01-14 02:22:03,838 INFO sqlalchemy.engine.Engine SELECT max(levels.level_order) AS max_1 
FROM levels
2026-01-14 02:22:03,838 INFO sqlalchemy.engine.Engine [cached since 662.8s ago] ()
2026-01-14 02:22:03,839 INFO sqlalchemy.engine.Engine SELECT levels.level_order 
FROM levels 
WHERE levels.id = $1::UUID
2026-01-14 02:22:03,839 INFO sqlalchemy.engine.Engine [cached since 78.85s ago] (UUID('019b8bea-cc40-7d2b-997c-2e87c9cf0213'),)
2026-01-14 02:22:03,840 INFO sqlalchemy.engine.Engine SELECT users.id, users.username, users.password, users.email, users.fullname, users.create_day, users.chat_id, users.is_active, users.token_version, users.role_id, users.level_id, users.tenant_id, users.webphone_enabled, users.sip_extension, users.sip_username, users.sip_password, users.sip_domain, users.sip_ws_server, users.sip_port, users.sip_protocol, users.webphone_api_key, users.webphone_process_id, users.webphone_agent_id, users.call_recording_enabled, users.call_log_enabled, roles_1.id AS id_1, roles_1.name, roles_1.description, roles_1.role_order, roles_1.tenant_id AS tenant_id_1, roles_1.is_active AS is_active_1, levels_1.id AS id_2, levels_1.name AS name_1, levels_1.description AS description_1, levels_1.level_order 
FROM users LEFT OUTER JOIN roles AS roles_1 ON roles_1.id = users.role_id LEFT OUTER JOIN levels AS levels_1 ON levels_1.id = users.level_id 
WHERE users.id != $1::UUID 
 LIMIT $2::INTEGER OFFSET $3::INTEGER
2026-01-14 02:22:03,840 INFO sqlalchemy.engine.Engine [cached since 78.85s ago] (UUID('019b8bea-d0b3-7d18-b717-228a2bab0c17'), 10, 0)
2026-01-14 02:22:03,844 INFO sqlalchemy.engine.Engine SELECT count(*) AS count_1 
FROM users 
WHERE users.id != $1::UUID
2026-01-14 02:22:03,844 INFO sqlalchemy.engine.Engine [cached since 78.85s ago] (UUID('019b8bea-d0b3-7d18-b717-228a2bab0c17'),)
2026-01-14 02:22:03,846 INFO sqlalchemy.engine.Engine SELECT permissions.name 
FROM permissions JOIN role_permissions ON permissions.id = role_permissions.permission_id JOIN roles ON role_permissions.role_id = roles.id JOIN users ON users.role_id = roles.id 
WHERE users.id = $1::UUID
2026-01-14 02:22:03,846 INFO sqlalchemy.engine.Engine [cached since 671.6s ago] (UUID('019bb5b4-7045-788b-9131-501538a3368f'),)
Check result: ['view_users', 'current_user', 'delete_users', 'create_users', 'edit_users', 'view_user_groups', 'edit_roles', 'view_roles', 'delete_roles', 'create_roles', 'view_permissions', 'edit_permissions', 'delete_permissions', 'create_permissions', 'assign_permissions_to_role', 'delete_permission_from_role', 'view_logs', 'view_levels', 'create_level', 'edit_level', 'delete_level', 'view_departments', 'create_department', 'edit_department', 'delete_department', 'view_groups', 'create_group', 'edit_group', 'delete_group', 'assign_user_to_group', 'delete_user_group', 'view_role_permissions_by_role_id', 'view_tags', 'view_tag_by_id', 'create_tag', 'edit_tag', 'delete_tag', 'view_ticket_events', 'create_ticket_event', 'edit_ticket_event', 'delete_ticket_event', 'view_ticket_templates', 'create_ticket_template', 'edit_ticket_template', 'delete_ticket_template', 'view_ticket_contexts', 'create_ticket_context', 'edit_ticket_context', 'delete_ticket_context', 'view_ticket_extensions', 'create_ticket_extension', 'edit_ticket_extension', 'delete_ticket_extension', 'view_tickets', 'create_ticket', 'edit_ticket', 'delete_ticket', 'assign_ticket']
2026-01-14 02:22:03,849 INFO sqlalchemy.engine.Engine SELECT permissions.name 
FROM permissions JOIN role_permissions ON permissions.id = role_permissions.permission_id JOIN roles ON role_permissions.role_id = roles.id JOIN users ON users.role_id = roles.id 
WHERE users.id = $1::UUID
2026-01-14 02:22:03,850 INFO sqlalchemy.engine.Engine [cached since 671.6s ago] (UUID('019bb690-0eb3-7d23-927c-68fa0110febb'),)
Check result: ['view_users', 'current_user', 'delete_users', 'create_users', 'edit_users', 'view_user_groups', 'view_roles', 'view_levels', 'view_departments', 'create_department', 'edit_department', 'delete_department', 'view_groups', 'create_group', 'edit_group', 'delete_group', 'view_tags', 'view_ticket_events', 'view_ticket_templates', 'view_ticket_contexts', 'view_ticket_extensions', 'create_tag', 'edit_tag', 'view_tickets', 'create_ticket', 'edit_ticket', 'assign_ticket', 'create_ticket_event', 'create_ticket_context', 'create_ticket_extension']
2026-01-14 02:22:03,852 INFO sqlalchemy.engine.Engine SELECT permissions.name 
FROM permissions JOIN role_permissions ON permissions.id = role_permissions.permission_id JOIN roles ON role_permissions.role_id = roles.id JOIN users ON users.role_id = roles.id 
WHERE users.id = $1::UUID
2026-01-14 02:22:03,852 INFO sqlalchemy.engine.Engine [cached since 671.6s ago] (UUID('019b8bea-d4a7-7e73-8800-5a606bfb8bc4'),)
Check result: ['view_users', 'current_user', 'delete_users', 'create_users', 'edit_users', 'view_user_groups', 'view_roles', 'view_levels', 'view_departments', 'create_department', 'edit_department', 'delete_department', 'view_groups', 'create_group', 'edit_group', 'delete_group', 'view_tags', 'view_ticket_events', 'view_ticket_templates', 'view_ticket_contexts', 'view_ticket_extensions', 'create_tag', 'edit_tag', 'view_tickets', 'create_ticket', 'edit_ticket', 'assign_ticket', 'create_ticket_event', 'create_ticket_context', 'create_ticket_extension']
2026-01-14 02:22:03,854 INFO sqlalchemy.engine.Engine ROLLBACK
INFO:     222.252.26.190:47673 - "GET /api/v1/user/all?page=1&page_size=10 HTTP/1.1" 200 OK
2026-01-14 02:27:15,999 INFO sqlalchemy.engine.Engine BEGIN (implicit)
2026-01-14 02:27:16,000 INFO sqlalchemy.engine.Engine SELECT users.id AS users_id, users.username AS users_username, users.password AS users_password, users.email AS users_email, users.fullname AS users_fullname, users.create_day AS users_create_day, users.chat_id AS users_chat_id, users.is_active AS users_is_active, users.token_version AS users_token_version, users.role_id AS users_role_id, users.level_id AS users_level_id, users.tenant_id AS users_tenant_id, users.webphone_enabled AS users_webphone_enabled, users.sip_extension AS users_sip_extension, users.sip_username AS users_sip_username, users.sip_password AS users_sip_password, users.sip_domain AS users_sip_domain, users.sip_ws_server AS users_sip_ws_server, users.sip_port AS users_sip_port, users.sip_protocol AS users_sip_protocol, users.webphone_api_key AS users_webphone_api_key, users.webphone_process_id AS users_webphone_process_id, users.webphone_agent_id AS users_webphone_agent_id, users.call_recording_enabled AS users_call_recording_enabled, users.call_log_enabled AS users_call_log_enabled 
FROM users 
WHERE users.id = $1::UUID
2026-01-14 02:27:16,001 INFO sqlalchemy.engine.Engine [cached since 983.8s ago] (UUID('019b8bea-d0b3-7d18-b717-228a2bab0c17'),)
2026-01-14 02:27:16,005 INFO sqlalchemy.engine.Engine SELECT roles.id AS roles_id, roles.name AS roles_name, roles.description AS roles_description, roles.role_order AS roles_role_order, roles.tenant_id AS roles_tenant_id, roles.is_active AS roles_is_active 
FROM roles 
WHERE roles.id IN ($1::UUID)
2026-01-14 02:27:16,006 INFO sqlalchemy.engine.Engine [cached since 990.5s ago] (UUID('019b8bea-cc2d-7967-bce5-55008e6e286e'),)
2026-01-14 02:27:16,008 INFO sqlalchemy.engine.Engine SELECT levels.id AS levels_id, levels.name AS levels_name, levels.description AS levels_description, levels.level_order AS levels_level_order 
FROM levels 
WHERE levels.id IN ($1::UUID)
2026-01-14 02:27:16,009 INFO sqlalchemy.engine.Engine [cached since 990.5s ago] (UUID('019b8bea-cc40-7d2b-997c-2e87c9cf0213'),)
2026-01-14 02:27:16,011 INFO sqlalchemy.engine.Engine SELECT users.is_active 
FROM users 
WHERE users.id = $1::UUID
2026-01-14 02:27:16,011 INFO sqlalchemy.engine.Engine [cached since 983.8s ago] (UUID('019b8bea-d0b3-7d18-b717-228a2bab0c17'),)
2026-01-14 02:27:16,013 INFO sqlalchemy.engine.Engine SELECT users.role_id 
FROM users 
WHERE users.id = $1::UUID
2026-01-14 02:27:16,013 INFO sqlalchemy.engine.Engine [cached since 983.8s ago] (UUID('019b8bea-d0b3-7d18-b717-228a2bab0c17'),)
2026-01-14 02:27:16,015 INFO sqlalchemy.engine.Engine SELECT permissions.name 
FROM permissions JOIN role_permissions ON role_permissions.permission_id = permissions.id 
WHERE role_permissions.role_id = $1::UUID
2026-01-14 02:27:16,015 INFO sqlalchemy.engine.Engine [cached since 983.8s ago] (UUID('019b8bea-cc2d-7967-bce5-55008e6e286e'),)
2026-01-14 02:27:16,017 INFO sqlalchemy.engine.Engine SELECT users.id, users.username, users.password, users.email, users.fullname, users.create_day, users.chat_id, users.is_active, users.token_version, users.role_id, users.level_id, users.tenant_id, users.webphone_enabled, users.sip_extension, users.sip_username, users.sip_password, users.sip_domain, users.sip_ws_server, users.sip_port, users.sip_protocol, users.webphone_api_key, users.webphone_process_id, users.webphone_agent_id, users.call_recording_enabled, users.call_log_enabled, roles_1.id AS id_1, roles_1.name, roles_1.description, roles_1.role_order, roles_1.tenant_id AS tenant_id_1, roles_1.is_active AS is_active_1, levels_1.id AS id_2, levels_1.name AS name_1, levels_1.description AS description_1, levels_1.level_order 
FROM users LEFT OUTER JOIN roles AS roles_1 ON roles_1.id = users.role_id LEFT OUTER JOIN levels AS levels_1 ON levels_1.id = users.level_id 
WHERE users.id = $1::UUID
2026-01-14 02:27:16,017 INFO sqlalchemy.engine.Engine [cached since 983.8s ago] (UUID('019b8bea-d0b3-7d18-b717-228a2bab0c17'),)
2026-01-14 02:27:16,020 INFO sqlalchemy.engine.Engine SELECT permissions.name 
FROM permissions JOIN role_permissions ON permissions.id = role_permissions.permission_id JOIN roles ON role_permissions.role_id = roles.id JOIN users ON users.role_id = roles.id 
WHERE users.id = $1::UUID
2026-01-14 02:27:16,020 INFO sqlalchemy.engine.Engine [cached since 983.8s ago] (UUID('019b8bea-d0b3-7d18-b717-228a2bab0c17'),)
Check result: ['view_users', 'current_user', 'delete_users', 'create_users', 'edit_users', 'view_user_groups', 'edit_roles', 'view_roles', 'delete_roles', 'create_roles', 'view_permissions', 'edit_permissions', 'delete_permissions', 'create_permissions', 'assign_permissions_to_role', 'delete_permission_from_role', 'view_logs', 'view_levels', 'create_level', 'edit_level', 'delete_level', 'view_departments', 'create_department', 'edit_department', 'delete_department', 'view_groups', 'create_group', 'edit_group', 'delete_group', 'assign_user_to_group', 'delete_user_group', 'view_role_permissions_by_role_id', 'view_tags', 'view_tag_by_id', 'create_tag', 'edit_tag', 'delete_tag', 'view_ticket_events', 'create_ticket_event', 'edit_ticket_event', 'delete_ticket_event', 'view_ticket_templates', 'create_ticket_template', 'edit_ticket_template', 'delete_ticket_template', 'view_ticket_contexts', 'create_ticket_context', 'edit_ticket_context', 'delete_ticket_context', 'view_ticket_extensions', 'create_ticket_extension', 'edit_ticket_extension', 'delete_ticket_extension', 'view_tickets', 'create_ticket', 'edit_ticket', 'delete_ticket', 'assign_ticket']
2026-01-14 02:27:16,023 INFO sqlalchemy.engine.Engine ROLLBACK
INFO:     222.252.26.190:43813 - "GET /api/v1/user/current HTTP/1.1" 200 OK
INFO:     222.252.26.190:57778 - "OPTIONS /api/v1/user/current HTTP/1.1" 200 OK
INFO:     222.252.26.190:46498 - "OPTIONS /api/v1/roles?page=1&page_size=40 HTTP/1.1" 200 OK
2026-01-14 02:28:14,570 INFO sqlalchemy.engine.Engine BEGIN (implicit)
2026-01-14 02:28:14,571 INFO sqlalchemy.engine.Engine SELECT users.id AS users_id, users.username AS users_username, users.password AS users_password, users.email AS users_email, users.fullname AS users_fullname, users.create_day AS users_create_day, users.chat_id AS users_chat_id, users.is_active AS users_is_active, users.token_version AS users_token_version, users.role_id AS users_role_id, users.level_id AS users_level_id, users.tenant_id AS users_tenant_id, users.webphone_enabled AS users_webphone_enabled, users.sip_extension AS users_sip_extension, users.sip_username AS users_sip_username, users.sip_password AS users_sip_password, users.sip_domain AS users_sip_domain, users.sip_ws_server AS users_sip_ws_server, users.sip_port AS users_sip_port, users.sip_protocol AS users_sip_protocol, users.webphone_api_key AS users_webphone_api_key, users.webphone_process_id AS users_webphone_process_id, users.webphone_agent_id AS users_webphone_agent_id, users.call_recording_enabled AS users_call_recording_enabled, users.call_log_enabled AS users_call_log_enabled 
FROM users 
WHERE users.id = $1::UUID
2026-01-14 02:28:14,571 INFO sqlalchemy.engine.Engine [cached since 1042s ago] (UUID('019b8bea-d0b3-7d18-b717-228a2bab0c17'),)
2026-01-14 02:28:14,575 INFO sqlalchemy.engine.Engine BEGIN (implicit)
2026-01-14 02:28:14,576 INFO sqlalchemy.engine.Engine SELECT users.id AS users_id, users.username AS users_username, users.password AS users_password, users.email AS users_email, users.fullname AS users_fullname, users.create_day AS users_create_day, users.chat_id AS users_chat_id, users.is_active AS users_is_active, users.token_version AS users_token_version, users.role_id AS users_role_id, users.level_id AS users_level_id, users.tenant_id AS users_tenant_id, users.webphone_enabled AS users_webphone_enabled, users.sip_extension AS users_sip_extension, users.sip_username AS users_sip_username, users.sip_password AS users_sip_password, users.sip_domain AS users_sip_domain, users.sip_ws_server AS users_sip_ws_server, users.sip_port AS users_sip_port, users.sip_protocol AS users_sip_protocol, users.webphone_api_key AS users_webphone_api_key, users.webphone_process_id AS users_webphone_process_id, users.webphone_agent_id AS users_webphone_agent_id, users.call_recording_enabled AS users_call_recording_enabled, users.call_log_enabled AS users_call_log_enabled 
FROM users 
WHERE users.id = $1::UUID
2026-01-14 02:28:14,576 INFO sqlalchemy.engine.Engine [cached since 1042s ago] (UUID('019b8bea-d0b3-7d18-b717-228a2bab0c17'),)
2026-01-14 02:28:14,578 INFO sqlalchemy.engine.Engine SELECT roles.id AS roles_id, roles.name AS roles_name, roles.description AS roles_description, roles.role_order AS roles_role_order, roles.tenant_id AS roles_tenant_id, roles.is_active AS roles_is_active 
FROM roles 
WHERE roles.id IN ($1::UUID)
2026-01-14 02:28:14,578 INFO sqlalchemy.engine.Engine [cached since 1049s ago] (UUID('019b8bea-cc2d-7967-bce5-55008e6e286e'),)
2026-01-14 02:28:14,580 INFO sqlalchemy.engine.Engine SELECT levels.id AS levels_id, levels.name AS levels_name, levels.description AS levels_description, levels.level_order AS levels_level_order 
FROM levels 
WHERE levels.id IN ($1::UUID)
2026-01-14 02:28:14,581 INFO sqlalchemy.engine.Engine [cached since 1049s ago] (UUID('019b8bea-cc40-7d2b-997c-2e87c9cf0213'),)
2026-01-14 02:28:14,582 INFO sqlalchemy.engine.Engine SELECT roles.id AS roles_id, roles.name AS roles_name, roles.description AS roles_description, roles.role_order AS roles_role_order, roles.tenant_id AS roles_tenant_id, roles.is_active AS roles_is_active 
FROM roles 
WHERE roles.id IN ($1::UUID)
2026-01-14 02:28:14,583 INFO sqlalchemy.engine.Engine [cached since 1049s ago] (UUID('019b8bea-cc2d-7967-bce5-55008e6e286e'),)
2026-01-14 02:28:14,583 INFO sqlalchemy.engine.Engine SELECT users.is_active 
FROM users 
WHERE users.id = $1::UUID
2026-01-14 02:28:14,583 INFO sqlalchemy.engine.Engine [cached since 1042s ago] (UUID('019b8bea-d0b3-7d18-b717-228a2bab0c17'),)
2026-01-14 02:28:14,584 INFO sqlalchemy.engine.Engine SELECT levels.id AS levels_id, levels.name AS levels_name, levels.description AS levels_description, levels.level_order AS levels_level_order 
FROM levels 
WHERE levels.id IN ($1::UUID)
2026-01-14 02:28:14,584 INFO sqlalchemy.engine.Engine [cached since 1049s ago] (UUID('019b8bea-cc40-7d2b-997c-2e87c9cf0213'),)
2026-01-14 02:28:14,585 INFO sqlalchemy.engine.Engine SELECT users.role_id 
FROM users 
WHERE users.id = $1::UUID
2026-01-14 02:28:14,585 INFO sqlalchemy.engine.Engine [cached since 1042s ago] (UUID('019b8bea-d0b3-7d18-b717-228a2bab0c17'),)
2026-01-14 02:28:14,586 INFO sqlalchemy.engine.Engine SELECT users.is_active 
FROM users 
WHERE users.id = $1::UUID
2026-01-14 02:28:14,586 INFO sqlalchemy.engine.Engine [cached since 1042s ago] (UUID('019b8bea-d0b3-7d18-b717-228a2bab0c17'),)
2026-01-14 02:28:14,587 INFO sqlalchemy.engine.Engine SELECT permissions.name 
FROM permissions JOIN role_permissions ON role_permissions.permission_id = permissions.id 
WHERE role_permissions.role_id = $1::UUID
2026-01-14 02:28:14,587 INFO sqlalchemy.engine.Engine [cached since 1042s ago] (UUID('019b8bea-cc2d-7967-bce5-55008e6e286e'),)
2026-01-14 02:28:14,587 INFO sqlalchemy.engine.Engine SELECT users.role_id 
FROM users 
WHERE users.id = $1::UUID
2026-01-14 02:28:14,587 INFO sqlalchemy.engine.Engine [cached since 1042s ago] (UUID('019b8bea-d0b3-7d18-b717-228a2bab0c17'),)
2026-01-14 02:28:14,588 INFO sqlalchemy.engine.Engine SELECT users.id, users.username, users.password, users.email, users.fullname, users.create_day, users.chat_id, users.is_active, users.token_version, users.role_id, users.level_id, users.tenant_id, users.webphone_enabled, users.sip_extension, users.sip_username, users.sip_password, users.sip_domain, users.sip_ws_server, users.sip_port, users.sip_protocol, users.webphone_api_key, users.webphone_process_id, users.webphone_agent_id, users.call_recording_enabled, users.call_log_enabled 
FROM users 
WHERE users.id = $1::UUID
2026-01-14 02:28:14,588 INFO sqlalchemy.engine.Engine [cached since 1034s ago] ('019b8bea-d0b3-7d18-b717-228a2bab0c17',)
2026-01-14 02:28:14,589 INFO sqlalchemy.engine.Engine SELECT permissions.name 
FROM permissions JOIN role_permissions ON role_permissions.permission_id = permissions.id 
WHERE role_permissions.role_id = $1::UUID
2026-01-14 02:28:14,589 INFO sqlalchemy.engine.Engine [cached since 1042s ago] (UUID('019b8bea-cc2d-7967-bce5-55008e6e286e'),)
2026-01-14 02:28:14,590 INFO sqlalchemy.engine.Engine SELECT roles.id AS roles_id, roles.name AS roles_name, roles.description AS roles_description, roles.role_order AS roles_role_order, roles.tenant_id AS roles_tenant_id, roles.is_active AS roles_is_active 
FROM roles 
WHERE roles.id IN ($1::UUID)
2026-01-14 02:28:14,590 INFO sqlalchemy.engine.Engine [cached since 1049s ago] (UUID('019b8bea-cc2d-7967-bce5-55008e6e286e'),)
2026-01-14 02:28:14,591 INFO sqlalchemy.engine.Engine SELECT users.id, users.username, users.password, users.email, users.fullname, users.create_day, users.chat_id, users.is_active, users.token_version, users.role_id, users.level_id, users.tenant_id, users.webphone_enabled, users.sip_extension, users.sip_username, users.sip_password, users.sip_domain, users.sip_ws_server, users.sip_port, users.sip_protocol, users.webphone_api_key, users.webphone_process_id, users.webphone_agent_id, users.call_recording_enabled, users.call_log_enabled, roles_1.id AS id_1, roles_1.name, roles_1.description, roles_1.role_order, roles_1.tenant_id AS tenant_id_1, roles_1.is_active AS is_active_1, levels_1.id AS id_2, levels_1.name AS name_1, levels_1.description AS description_1, levels_1.level_order 
FROM users LEFT OUTER JOIN roles AS roles_1 ON roles_1.id = users.role_id LEFT OUTER JOIN levels AS levels_1 ON levels_1.id = users.level_id 
WHERE users.id = $1::UUID
2026-01-14 02:28:14,591 INFO sqlalchemy.engine.Engine [cached since 1042s ago] (UUID('019b8bea-d0b3-7d18-b717-228a2bab0c17'),)
2026-01-14 02:28:14,592 INFO sqlalchemy.engine.Engine SELECT levels.id AS levels_id, levels.name AS levels_name, levels.description AS levels_description, levels.level_order AS levels_level_order 
FROM levels 
WHERE levels.id IN ($1::UUID)
2026-01-14 02:28:14,592 INFO sqlalchemy.engine.Engine [cached since 1049s ago] (UUID('019b8bea-cc40-7d2b-997c-2e87c9cf0213'),)
2026-01-14 02:28:14,594 INFO sqlalchemy.engine.Engine SELECT max(levels.level_order) AS max_1 
FROM levels
2026-01-14 02:28:14,594 INFO sqlalchemy.engine.Engine [cached since 1034s ago] ()
2026-01-14 02:28:14,594 INFO sqlalchemy.engine.Engine SELECT permissions.name 
FROM permissions JOIN role_permissions ON permissions.id = role_permissions.permission_id JOIN roles ON role_permissions.role_id = roles.id JOIN users ON users.role_id = roles.id 
WHERE users.id = $1::UUID
2026-01-14 02:28:14,595 INFO sqlalchemy.engine.Engine [cached since 1042s ago] (UUID('019b8bea-d0b3-7d18-b717-228a2bab0c17'),)
2026-01-14 02:28:14,595 INFO sqlalchemy.engine.Engine SELECT roles.id, roles.name, roles.description, roles.role_order, roles.tenant_id, roles.is_active 
FROM roles 
 LIMIT $1::INTEGER OFFSET $2::INTEGER
2026-01-14 02:28:14,595 INFO sqlalchemy.engine.Engine [cached since 1034s ago] (40, 0)
2026-01-14 02:28:14,596 INFO sqlalchemy.engine.Engine SELECT users.role_id AS users_role_id, users.id AS users_id, users.username AS users_username, users.password AS users_password, users.email AS users_email, users.fullname AS users_fullname, users.create_day AS users_create_day, users.chat_id AS users_chat_id, users.is_active AS users_is_active, users.token_version AS users_token_version, users.level_id AS users_level_id, users.tenant_id AS users_tenant_id, users.webphone_enabled AS users_webphone_enabled, users.sip_extension AS users_sip_extension, users.sip_username AS users_sip_username, users.sip_password AS users_sip_password, users.sip_domain AS users_sip_domain, users.sip_ws_server AS users_sip_ws_server, users.sip_port AS users_sip_port, users.sip_protocol AS users_sip_protocol, users.webphone_api_key AS users_webphone_api_key, users.webphone_process_id AS users_webphone_process_id, users.webphone_agent_id AS users_webphone_agent_id, users.call_recording_enabled AS users_call_recording_enabled, users.call_log_enabled AS users_call_log_enabled 
FROM users 
WHERE users.role_id IN ($1::UUID, $2::UUID)
2026-01-14 02:28:14,597 INFO sqlalchemy.engine.Engine [cached since 1048s ago] (UUID('019b8bea-cc2d-7967-bce5-55008e6e286e'), UUID('019b8bea-cc37-756d-a8ab-2a3d2759023a'))
Check result: ['view_users', 'current_user', 'delete_users', 'create_users', 'edit_users', 'view_user_groups', 'edit_roles', 'view_roles', 'delete_roles', 'create_roles', 'view_permissions', 'edit_permissions', 'delete_permissions', 'create_permissions', 'assign_permissions_to_role', 'delete_permission_from_role', 'view_logs', 'view_levels', 'create_level', 'edit_level', 'delete_level', 'view_departments', 'create_department', 'edit_department', 'delete_department', 'view_groups', 'create_group', 'edit_group', 'delete_group', 'assign_user_to_group', 'delete_user_group', 'view_role_permissions_by_role_id', 'view_tags', 'view_tag_by_id', 'create_tag', 'edit_tag', 'delete_tag', 'view_ticket_events', 'create_ticket_event', 'edit_ticket_event', 'delete_ticket_event', 'view_ticket_templates', 'create_ticket_template', 'edit_ticket_template', 'delete_ticket_template', 'view_ticket_contexts', 'create_ticket_context', 'edit_ticket_context', 'delete_ticket_context', 'view_ticket_extensions', 'create_ticket_extension', 'edit_ticket_extension', 'delete_ticket_extension', 'view_tickets', 'create_ticket', 'edit_ticket', 'delete_ticket', 'assign_ticket']
2026-01-14 02:28:14,597 INFO sqlalchemy.engine.Engine ROLLBACK
2026-01-14 02:28:14,598 INFO sqlalchemy.engine.Engine SELECT levels.id AS levels_id, levels.name AS levels_name, levels.description AS levels_description, levels.level_order AS levels_level_order 
FROM levels 
WHERE levels.id IN ($1::UUID, $2::UUID, $3::UUID)
2026-01-14 02:28:14,598 INFO sqlalchemy.engine.Engine [cached since 1048s ago] (UUID('019b8bea-cc40-7d2b-997c-2e87c9cf0213'), UUID('019b8bea-cc51-7cf1-955a-dfe07a837e08'), UUID('019b8bea-cc57-7c07-8302-4ba62612e240'))
2026-01-14 02:28:14,600 INFO sqlalchemy.engine.Engine SELECT count(*) AS count_1 
FROM roles
2026-01-14 02:28:14,600 INFO sqlalchemy.engine.Engine [cached since 1034s ago] ()
INFO:     222.252.26.190:46498 - "GET /api/v1/user/current HTTP/1.1" 200 OK
2026-01-14 02:28:14,601 INFO sqlalchemy.engine.Engine ROLLBACK
INFO:     222.252.26.190:57778 - "GET /api/v1/roles?page=1&page_size=40 HTTP/1.1" 200 OK
WARNING:  WatchFiles detected changes in 'app/schemas/requests/role.py'. Reloading...
INFO:     Shutting down
INFO:     Waiting for application shutdown.
INFO:     Application shutdown complete.
INFO:     Finished server process [352143]
Server initialized for asgi.
INFO:     Started server process [353553]
INFO:     Waiting for application startup.
INFO:     Application startup complete.
INFO:     222.252.26.190:53965 - "OPTIONS /api/v1/roles?page=1&page_size=40 HTTP/1.1" 200 OK
INFO:     222.252.26.190:42390 - "OPTIONS /api/v1/user/current HTTP/1.1" 200 OK
2026-01-14 02:31:35,339 INFO sqlalchemy.engine.Engine select pg_catalog.version()
2026-01-14 02:31:35,340 INFO sqlalchemy.engine.Engine [raw sql] ()
2026-01-14 02:31:35,342 INFO sqlalchemy.engine.Engine select current_schema()
2026-01-14 02:31:35,343 INFO sqlalchemy.engine.Engine [raw sql] ()
2026-01-14 02:31:35,344 INFO sqlalchemy.engine.Engine show standard_conforming_strings
2026-01-14 02:31:35,344 INFO sqlalchemy.engine.Engine [raw sql] ()
2026-01-14 02:31:35,346 INFO sqlalchemy.engine.Engine BEGIN (implicit)
2026-01-14 02:31:35,399 INFO sqlalchemy.engine.Engine SELECT users.id AS users_id, users.username AS users_username, users.password AS users_password, users.email AS users_email, users.fullname AS users_fullname, users.create_day AS users_create_day, users.chat_id AS users_chat_id, users.is_active AS users_is_active, users.token_version AS users_token_version, users.role_id AS users_role_id, users.level_id AS users_level_id, users.tenant_id AS users_tenant_id, users.webphone_enabled AS users_webphone_enabled, users.sip_extension AS users_sip_extension, users.sip_username AS users_sip_username, users.sip_password AS users_sip_password, users.sip_domain AS users_sip_domain, users.sip_ws_server AS users_sip_ws_server, users.sip_port AS users_sip_port, users.sip_protocol AS users_sip_protocol, users.webphone_api_key AS users_webphone_api_key, users.webphone_process_id AS users_webphone_process_id, users.webphone_agent_id AS users_webphone_agent_id, users.call_recording_enabled AS users_call_recording_enabled, users.call_log_enabled AS users_call_log_enabled 
FROM users 
WHERE users.id = $1::UUID
2026-01-14 02:31:35,399 INFO sqlalchemy.engine.Engine [generated in 0.00034s] (UUID('019b8bea-d0b3-7d18-b717-228a2bab0c17'),)
2026-01-14 02:31:35,404 INFO sqlalchemy.engine.Engine BEGIN (implicit)
2026-01-14 02:31:35,404 INFO sqlalchemy.engine.Engine SELECT users.id AS users_id, users.username AS users_username, users.password AS users_password, users.email AS users_email, users.fullname AS users_fullname, users.create_day AS users_create_day, users.chat_id AS users_chat_id, users.is_active AS users_is_active, users.token_version AS users_token_version, users.role_id AS users_role_id, users.level_id AS users_level_id, users.tenant_id AS users_tenant_id, users.webphone_enabled AS users_webphone_enabled, users.sip_extension AS users_sip_extension, users.sip_username AS users_sip_username, users.sip_password AS users_sip_password, users.sip_domain AS users_sip_domain, users.sip_ws_server AS users_sip_ws_server, users.sip_port AS users_sip_port, users.sip_protocol AS users_sip_protocol, users.webphone_api_key AS users_webphone_api_key, users.webphone_process_id AS users_webphone_process_id, users.webphone_agent_id AS users_webphone_agent_id, users.call_recording_enabled AS users_call_recording_enabled, users.call_log_enabled AS users_call_log_enabled 
FROM users 
WHERE users.id = $1::UUID
2026-01-14 02:31:35,404 INFO sqlalchemy.engine.Engine [cached since 0.005605s ago] (UUID('019b8bea-d0b3-7d18-b717-228a2bab0c17'),)
2026-01-14 02:31:35,407 INFO sqlalchemy.engine.Engine SELECT roles.id AS roles_id, roles.name AS roles_name, roles.description AS roles_description, roles.role_order AS roles_role_order, roles.tenant_id AS roles_tenant_id, roles.is_active AS roles_is_active 
FROM roles 
WHERE roles.id IN ($1::UUID)
2026-01-14 02:31:35,407 INFO sqlalchemy.engine.Engine [generated in 0.00025s] (UUID('019b8bea-cc2d-7967-bce5-55008e6e286e'),)
2026-01-14 02:31:35,412 INFO sqlalchemy.engine.Engine SELECT levels.id AS levels_id, levels.name AS levels_name, levels.description AS levels_description, levels.level_order AS levels_level_order 
FROM levels 
WHERE levels.id IN ($1::UUID)
2026-01-14 02:31:35,412 INFO sqlalchemy.engine.Engine [generated in 0.00030s] (UUID('019b8bea-cc40-7d2b-997c-2e87c9cf0213'),)
2026-01-14 02:31:35,413 INFO sqlalchemy.engine.Engine SELECT roles.id AS roles_id, roles.name AS roles_name, roles.description AS roles_description, roles.role_order AS roles_role_order, roles.tenant_id AS roles_tenant_id, roles.is_active AS roles_is_active 
FROM roles 
WHERE roles.id IN ($1::UUID)
2026-01-14 02:31:35,413 INFO sqlalchemy.engine.Engine [cached since 0.005977s ago] (UUID('019b8bea-cc2d-7967-bce5-55008e6e286e'),)
2026-01-14 02:31:35,415 INFO sqlalchemy.engine.Engine SELECT users.is_active 
FROM users 
WHERE users.id = $1::UUID
2026-01-14 02:31:35,415 INFO sqlalchemy.engine.Engine [generated in 0.00019s] (UUID('019b8bea-d0b3-7d18-b717-228a2bab0c17'),)
2026-01-14 02:31:35,416 INFO sqlalchemy.engine.Engine SELECT levels.id AS levels_id, levels.name AS levels_name, levels.description AS levels_description, levels.level_order AS levels_level_order 
FROM levels 
WHERE levels.id IN ($1::UUID)
2026-01-14 02:31:35,416 INFO sqlalchemy.engine.Engine [cached since 0.004388s ago] (UUID('019b8bea-cc40-7d2b-997c-2e87c9cf0213'),)
2026-01-14 02:31:35,417 INFO sqlalchemy.engine.Engine SELECT users.role_id 
FROM users 
WHERE users.id = $1::UUID
2026-01-14 02:31:35,417 INFO sqlalchemy.engine.Engine [generated in 0.00018s] (UUID('019b8bea-d0b3-7d18-b717-228a2bab0c17'),)
2026-01-14 02:31:35,419 INFO sqlalchemy.engine.Engine SELECT users.is_active 
FROM users 
WHERE users.id = $1::UUID
2026-01-14 02:31:35,419 INFO sqlalchemy.engine.Engine [cached since 0.004015s ago] (UUID('019b8bea-d0b3-7d18-b717-228a2bab0c17'),)
2026-01-14 02:31:35,421 INFO sqlalchemy.engine.Engine SELECT permissions.name 
FROM permissions JOIN role_permissions ON role_permissions.permission_id = permissions.id 
WHERE role_permissions.role_id = $1::UUID
2026-01-14 02:31:35,421 INFO sqlalchemy.engine.Engine [generated in 0.00025s] (UUID('019b8bea-cc2d-7967-bce5-55008e6e286e'),)
2026-01-14 02:31:35,422 INFO sqlalchemy.engine.Engine SELECT users.role_id 
FROM users 
WHERE users.id = $1::UUID
2026-01-14 02:31:35,422 INFO sqlalchemy.engine.Engine [cached since 0.004582s ago] (UUID('019b8bea-d0b3-7d18-b717-228a2bab0c17'),)
2026-01-14 02:31:35,423 INFO sqlalchemy.engine.Engine SELECT permissions.name 
FROM permissions JOIN role_permissions ON role_permissions.permission_id = permissions.id 
WHERE role_permissions.role_id = $1::UUID
2026-01-14 02:31:35,423 INFO sqlalchemy.engine.Engine [cached since 0.002936s ago] (UUID('019b8bea-cc2d-7967-bce5-55008e6e286e'),)
2026-01-14 02:31:35,428 INFO sqlalchemy.engine.Engine SELECT users.id, users.username, users.password, users.email, users.fullname, users.create_day, users.chat_id, users.is_active, users.token_version, users.role_id, users.level_id, users.tenant_id, users.webphone_enabled, users.sip_extension, users.sip_username, users.sip_password, users.sip_domain, users.sip_ws_server, users.sip_port, users.sip_protocol, users.webphone_api_key, users.webphone_process_id, users.webphone_agent_id, users.call_recording_enabled, users.call_log_enabled, roles_1.id AS id_1, roles_1.name, roles_1.description, roles_1.role_order, roles_1.tenant_id AS tenant_id_1, roles_1.is_active AS is_active_1, levels_1.id AS id_2, levels_1.name AS name_1, levels_1.description AS description_1, levels_1.level_order 
FROM users LEFT OUTER JOIN roles AS roles_1 ON roles_1.id = users.role_id LEFT OUTER JOIN levels AS levels_1 ON levels_1.id = users.level_id 
WHERE users.id = $1::UUID
2026-01-14 02:31:35,428 INFO sqlalchemy.engine.Engine [generated in 0.00020s] (UUID('019b8bea-d0b3-7d18-b717-228a2bab0c17'),)
2026-01-14 02:31:35,431 INFO sqlalchemy.engine.Engine SELECT permissions.name 
FROM permissions JOIN role_permissions ON permissions.id = role_permissions.permission_id JOIN roles ON role_permissions.role_id = roles.id JOIN users ON users.role_id = roles.id 
WHERE users.id = $1::UUID
2026-01-14 02:31:35,432 INFO sqlalchemy.engine.Engine [generated in 0.00022s] (UUID('019b8bea-d0b3-7d18-b717-228a2bab0c17'),)
2026-01-14 02:31:35,433 INFO sqlalchemy.engine.Engine SELECT users.id, users.username, users.password, users.email, users.fullname, users.create_day, users.chat_id, users.is_active, users.token_version, users.role_id, users.level_id, users.tenant_id, users.webphone_enabled, users.sip_extension, users.sip_username, users.sip_password, users.sip_domain, users.sip_ws_server, users.sip_port, users.sip_protocol, users.webphone_api_key, users.webphone_process_id, users.webphone_agent_id, users.call_recording_enabled, users.call_log_enabled 
FROM users 
WHERE users.id = $1::UUID
2026-01-14 02:31:35,433 INFO sqlalchemy.engine.Engine [generated in 0.00018s] ('019b8bea-d0b3-7d18-b717-228a2bab0c17',)
2026-01-14 02:31:35,435 INFO sqlalchemy.engine.Engine SELECT roles.id AS roles_id, roles.name AS roles_name, roles.description AS roles_description, roles.role_order AS roles_role_order, roles.tenant_id AS roles_tenant_id, roles.is_active AS roles_is_active 
FROM roles 
WHERE roles.id IN ($1::UUID)
2026-01-14 02:31:35,435 INFO sqlalchemy.engine.Engine [cached since 0.02856s ago] (UUID('019b8bea-cc2d-7967-bce5-55008e6e286e'),)
Check result: ['view_users', 'current_user', 'delete_users', 'create_users', 'edit_users', 'view_user_groups', 'edit_roles', 'view_roles', 'delete_roles', 'create_roles', 'view_permissions', 'edit_permissions', 'delete_permissions', 'create_permissions', 'assign_permissions_to_role', 'delete_permission_from_role', 'view_logs', 'view_levels', 'create_level', 'edit_level', 'delete_level', 'view_departments', 'create_department', 'edit_department', 'delete_department', 'view_groups', 'create_group', 'edit_group', 'delete_group', 'assign_user_to_group', 'delete_user_group', 'view_role_permissions_by_role_id', 'view_tags', 'view_tag_by_id', 'create_tag', 'edit_tag', 'delete_tag', 'view_ticket_events', 'create_ticket_event', 'edit_ticket_event', 'delete_ticket_event', 'view_ticket_templates', 'create_ticket_template', 'edit_ticket_template', 'delete_ticket_template', 'view_ticket_contexts', 'create_ticket_context', 'edit_ticket_context', 'delete_ticket_context', 'view_ticket_extensions', 'create_ticket_extension', 'edit_ticket_extension', 'delete_ticket_extension', 'view_tickets', 'create_ticket', 'edit_ticket', 'delete_ticket', 'assign_ticket']
2026-01-14 02:31:35,443 INFO sqlalchemy.engine.Engine ROLLBACK
2026-01-14 02:31:35,443 INFO sqlalchemy.engine.Engine SELECT levels.id AS levels_id, levels.name AS levels_name, levels.description AS levels_description, levels.level_order AS levels_level_order 
FROM levels 
WHERE levels.id IN ($1::UUID)
2026-01-14 02:31:35,444 INFO sqlalchemy.engine.Engine [cached since 0.03194s ago] (UUID('019b8bea-cc40-7d2b-997c-2e87c9cf0213'),)
2026-01-14 02:31:35,446 INFO sqlalchemy.engine.Engine SELECT max(levels.level_order) AS max_1 
FROM levels
2026-01-14 02:31:35,446 INFO sqlalchemy.engine.Engine [generated in 0.00017s] ()
INFO:     222.252.26.190:53965 - "GET /api/v1/user/current HTTP/1.1" 200 OK
2026-01-14 02:31:35,448 INFO sqlalchemy.engine.Engine SELECT roles.id, roles.name, roles.description, roles.role_order, roles.tenant_id, roles.is_active 
FROM roles 
 LIMIT $1::INTEGER OFFSET $2::INTEGER
2026-01-14 02:31:35,448 INFO sqlalchemy.engine.Engine [generated in 0.00022s] (40, 0)
2026-01-14 02:31:35,453 INFO sqlalchemy.engine.Engine SELECT users.role_id AS users_role_id, users.id AS users_id, users.username AS users_username, users.password AS users_password, users.email AS users_email, users.fullname AS users_fullname, users.create_day AS users_create_day, users.chat_id AS users_chat_id, users.is_active AS users_is_active, users.token_version AS users_token_version, users.level_id AS users_level_id, users.tenant_id AS users_tenant_id, users.webphone_enabled AS users_webphone_enabled, users.sip_extension AS users_sip_extension, users.sip_username AS users_sip_username, users.sip_password AS users_sip_password, users.sip_domain AS users_sip_domain, users.sip_ws_server AS users_sip_ws_server, users.sip_port AS users_sip_port, users.sip_protocol AS users_sip_protocol, users.webphone_api_key AS users_webphone_api_key, users.webphone_process_id AS users_webphone_process_id, users.webphone_agent_id AS users_webphone_agent_id, users.call_recording_enabled AS users_call_recording_enabled, users.call_log_enabled AS users_call_log_enabled 
FROM users 
WHERE users.role_id IN ($1::UUID, $2::UUID)
2026-01-14 02:31:35,453 INFO sqlalchemy.engine.Engine [generated in 0.00030s] (UUID('019b8bea-cc2d-7967-bce5-55008e6e286e'), UUID('019b8bea-cc37-756d-a8ab-2a3d2759023a'))
2026-01-14 02:31:35,456 INFO sqlalchemy.engine.Engine SELECT levels.id AS levels_id, levels.name AS levels_name, levels.description AS levels_description, levels.level_order AS levels_level_order 
FROM levels 
WHERE levels.id IN ($1::UUID, $2::UUID, $3::UUID)
2026-01-14 02:31:35,456 INFO sqlalchemy.engine.Engine [generated in 0.00023s] (UUID('019b8bea-cc40-7d2b-997c-2e87c9cf0213'), UUID('019b8bea-cc51-7cf1-955a-dfe07a837e08'), UUID('019b8bea-cc57-7c07-8302-4ba62612e240'))
2026-01-14 02:31:35,459 INFO sqlalchemy.engine.Engine SELECT count(*) AS count_1 
FROM roles
2026-01-14 02:31:35,459 INFO sqlalchemy.engine.Engine [generated in 0.00017s] ()
2026-01-14 02:31:35,462 INFO sqlalchemy.engine.Engine ROLLBACK
INFO:     222.252.26.190:42390 - "GET /api/v1/roles?page=1&page_size=40 HTTP/1.1" 200 OK
WARNING:  Invalid HTTP request received.
INFO:     195.184.76.10:41325 - "GET / HTTP/1.1" 200 OK
INFO:     91.230.168.237:44021 - "GET /favicon.ico HTTP/1.1" 404 Not Found
INFO:     222.252.26.190:53027 - "OPTIONS /api/v1/user/current HTTP/1.1" 200 OK
2026-01-14 02:42:59,361 INFO sqlalchemy.engine.Engine BEGIN (implicit)
2026-01-14 02:42:59,362 INFO sqlalchemy.engine.Engine SELECT users.id AS users_id, users.username AS users_username, users.password AS users_password, users.email AS users_email, users.fullname AS users_fullname, users.create_day AS users_create_day, users.chat_id AS users_chat_id, users.is_active AS users_is_active, users.token_version AS users_token_version, users.role_id AS users_role_id, users.level_id AS users_level_id, users.tenant_id AS users_tenant_id, users.webphone_enabled AS users_webphone_enabled, users.sip_extension AS users_sip_extension, users.sip_username AS users_sip_username, users.sip_password AS users_sip_password, users.sip_domain AS users_sip_domain, users.sip_ws_server AS users_sip_ws_server, users.sip_port AS users_sip_port, users.sip_protocol AS users_sip_protocol, users.webphone_api_key AS users_webphone_api_key, users.webphone_process_id AS users_webphone_process_id, users.webphone_agent_id AS users_webphone_agent_id, users.call_recording_enabled AS users_call_recording_enabled, users.call_log_enabled AS users_call_log_enabled 
FROM users 
WHERE users.id = $1::UUID
2026-01-14 02:42:59,362 INFO sqlalchemy.engine.Engine [cached since 684s ago] (UUID('019b8bea-d0b3-7d18-b717-228a2bab0c17'),)
2026-01-14 02:42:59,367 INFO sqlalchemy.engine.Engine SELECT roles.id AS roles_id, roles.name AS roles_name, roles.description AS roles_description, roles.role_order AS roles_role_order, roles.tenant_id AS roles_tenant_id, roles.is_active AS roles_is_active 
FROM roles 
WHERE roles.id IN ($1::UUID)
2026-01-14 02:42:59,367 INFO sqlalchemy.engine.Engine [cached since 684s ago] (UUID('019b8bea-cc2d-7967-bce5-55008e6e286e'),)
2026-01-14 02:42:59,370 INFO sqlalchemy.engine.Engine SELECT levels.id AS levels_id, levels.name AS levels_name, levels.description AS levels_description, levels.level_order AS levels_level_order 
FROM levels 
WHERE levels.id IN ($1::UUID)
2026-01-14 02:42:59,370 INFO sqlalchemy.engine.Engine [cached since 684s ago] (UUID('019b8bea-cc40-7d2b-997c-2e87c9cf0213'),)
2026-01-14 02:42:59,372 INFO sqlalchemy.engine.Engine SELECT users.is_active 
FROM users 
WHERE users.id = $1::UUID
2026-01-14 02:42:59,372 INFO sqlalchemy.engine.Engine [cached since 684s ago] (UUID('019b8bea-d0b3-7d18-b717-228a2bab0c17'),)
2026-01-14 02:42:59,373 INFO sqlalchemy.engine.Engine SELECT users.role_id 
FROM users 
WHERE users.id = $1::UUID
2026-01-14 02:42:59,374 INFO sqlalchemy.engine.Engine [cached since 684s ago] (UUID('019b8bea-d0b3-7d18-b717-228a2bab0c17'),)
2026-01-14 02:42:59,375 INFO sqlalchemy.engine.Engine SELECT permissions.name 
FROM permissions JOIN role_permissions ON role_permissions.permission_id = permissions.id 
WHERE role_permissions.role_id = $1::UUID
2026-01-14 02:42:59,375 INFO sqlalchemy.engine.Engine [cached since 684s ago] (UUID('019b8bea-cc2d-7967-bce5-55008e6e286e'),)
2026-01-14 02:42:59,378 INFO sqlalchemy.engine.Engine SELECT users.id, users.username, users.password, users.email, users.fullname, users.create_day, users.chat_id, users.is_active, users.token_version, users.role_id, users.level_id, users.tenant_id, users.webphone_enabled, users.sip_extension, users.sip_username, users.sip_password, users.sip_domain, users.sip_ws_server, users.sip_port, users.sip_protocol, users.webphone_api_key, users.webphone_process_id, users.webphone_agent_id, users.call_recording_enabled, users.call_log_enabled, roles_1.id AS id_1, roles_1.name, roles_1.description, roles_1.role_order, roles_1.tenant_id AS tenant_id_1, roles_1.is_active AS is_active_1, levels_1.id AS id_2, levels_1.name AS name_1, levels_1.description AS description_1, levels_1.level_order 
FROM users LEFT OUTER JOIN roles AS roles_1 ON roles_1.id = users.role_id LEFT OUTER JOIN levels AS levels_1 ON levels_1.id = users.level_id 
WHERE users.id = $1::UUID
2026-01-14 02:42:59,378 INFO sqlalchemy.engine.Engine [cached since 684s ago] (UUID('019b8bea-d0b3-7d18-b717-228a2bab0c17'),)
2026-01-14 02:42:59,380 INFO sqlalchemy.engine.Engine SELECT permissions.name 
FROM permissions JOIN role_permissions ON permissions.id = role_permissions.permission_id JOIN roles ON role_permissions.role_id = roles.id JOIN users ON users.role_id = roles.id 
WHERE users.id = $1::UUID
2026-01-14 02:42:59,380 INFO sqlalchemy.engine.Engine [cached since 683.9s ago] (UUID('019b8bea-d0b3-7d18-b717-228a2bab0c17'),)
Check result: ['view_users', 'current_user', 'delete_users', 'create_users', 'edit_users', 'view_user_groups', 'edit_roles', 'view_roles', 'delete_roles', 'create_roles', 'view_permissions', 'edit_permissions', 'delete_permissions', 'create_permissions', 'assign_permissions_to_role', 'delete_permission_from_role', 'view_logs', 'view_levels', 'create_level', 'edit_level', 'delete_level', 'view_departments', 'create_department', 'edit_department', 'delete_department', 'view_groups', 'create_group', 'edit_group', 'delete_group', 'assign_user_to_group', 'delete_user_group', 'view_role_permissions_by_role_id', 'view_tags', 'view_tag_by_id', 'create_tag', 'edit_tag', 'delete_tag', 'view_ticket_events', 'create_ticket_event', 'edit_ticket_event', 'delete_ticket_event', 'view_ticket_templates', 'create_ticket_template', 'edit_ticket_template', 'delete_ticket_template', 'view_ticket_contexts', 'create_ticket_context', 'edit_ticket_context', 'delete_ticket_context', 'view_ticket_extensions', 'create_ticket_extension', 'edit_ticket_extension', 'delete_ticket_extension', 'view_tickets', 'create_ticket', 'edit_ticket', 'delete_ticket', 'assign_ticket']
2026-01-14 02:42:59,383 INFO sqlalchemy.engine.Engine ROLLBACK
INFO:     222.252.26.190:53027 - "GET /api/v1/user/current HTTP/1.1" 200 OK
INFO:     222.252.26.190:47109 - "OPTIONS /api/v1/roles?page=1&page_size=40 HTTP/1.1" 200 OK
2026-01-14 02:47:18,592 INFO sqlalchemy.engine.Engine BEGIN (implicit)
2026-01-14 02:47:18,593 INFO sqlalchemy.engine.Engine SELECT users.id AS users_id, users.username AS users_username, users.password AS users_password, users.email AS users_email, users.fullname AS users_fullname, users.create_day AS users_create_day, users.chat_id AS users_chat_id, users.is_active AS users_is_active, users.token_version AS users_token_version, users.role_id AS users_role_id, users.level_id AS users_level_id, users.tenant_id AS users_tenant_id, users.webphone_enabled AS users_webphone_enabled, users.sip_extension AS users_sip_extension, users.sip_username AS users_sip_username, users.sip_password AS users_sip_password, users.sip_domain AS users_sip_domain, users.sip_ws_server AS users_sip_ws_server, users.sip_port AS users_sip_port, users.sip_protocol AS users_sip_protocol, users.webphone_api_key AS users_webphone_api_key, users.webphone_process_id AS users_webphone_process_id, users.webphone_agent_id AS users_webphone_agent_id, users.call_recording_enabled AS users_call_recording_enabled, users.call_log_enabled AS users_call_log_enabled 
FROM users 
WHERE users.id = $1::UUID
2026-01-14 02:47:18,593 INFO sqlalchemy.engine.Engine [cached since 943.2s ago] (UUID('019b8bea-d0b3-7d18-b717-228a2bab0c17'),)
2026-01-14 02:47:18,597 INFO sqlalchemy.engine.Engine SELECT roles.id AS roles_id, roles.name AS roles_name, roles.description AS roles_description, roles.role_order AS roles_role_order, roles.tenant_id AS roles_tenant_id, roles.is_active AS roles_is_active 
FROM roles 
WHERE roles.id IN ($1::UUID)
2026-01-14 02:47:18,597 INFO sqlalchemy.engine.Engine [cached since 943.2s ago] (UUID('019b8bea-cc2d-7967-bce5-55008e6e286e'),)
2026-01-14 02:47:18,600 INFO sqlalchemy.engine.Engine SELECT levels.id AS levels_id, levels.name AS levels_name, levels.description AS levels_description, levels.level_order AS levels_level_order 
FROM levels 
WHERE levels.id IN ($1::UUID)
2026-01-14 02:47:18,600 INFO sqlalchemy.engine.Engine [cached since 943.2s ago] (UUID('019b8bea-cc40-7d2b-997c-2e87c9cf0213'),)
2026-01-14 02:47:18,602 INFO sqlalchemy.engine.Engine SELECT users.is_active 
FROM users 
WHERE users.id = $1::UUID
2026-01-14 02:47:18,602 INFO sqlalchemy.engine.Engine [cached since 943.2s ago] (UUID('019b8bea-d0b3-7d18-b717-228a2bab0c17'),)
2026-01-14 02:47:18,603 INFO sqlalchemy.engine.Engine SELECT users.role_id 
FROM users 
WHERE users.id = $1::UUID
2026-01-14 02:47:18,603 INFO sqlalchemy.engine.Engine [cached since 943.2s ago] (UUID('019b8bea-d0b3-7d18-b717-228a2bab0c17'),)
2026-01-14 02:47:18,604 INFO sqlalchemy.engine.Engine SELECT permissions.name 
FROM permissions JOIN role_permissions ON role_permissions.permission_id = permissions.id 
WHERE role_permissions.role_id = $1::UUID
2026-01-14 02:47:18,604 INFO sqlalchemy.engine.Engine [cached since 943.2s ago] (UUID('019b8bea-cc2d-7967-bce5-55008e6e286e'),)
2026-01-14 02:47:18,606 INFO sqlalchemy.engine.Engine SELECT users.id, users.username, users.password, users.email, users.fullname, users.create_day, users.chat_id, users.is_active, users.token_version, users.role_id, users.level_id, users.tenant_id, users.webphone_enabled, users.sip_extension, users.sip_username, users.sip_password, users.sip_domain, users.sip_ws_server, users.sip_port, users.sip_protocol, users.webphone_api_key, users.webphone_process_id, users.webphone_agent_id, users.call_recording_enabled, users.call_log_enabled 
FROM users 
WHERE users.id = $1::UUID
2026-01-14 02:47:18,607 INFO sqlalchemy.engine.Engine [cached since 943.2s ago] ('019b8bea-d0b3-7d18-b717-228a2bab0c17',)
2026-01-14 02:47:18,608 INFO sqlalchemy.engine.Engine SELECT roles.id AS roles_id, roles.name AS roles_name, roles.description AS roles_description, roles.role_order AS roles_role_order, roles.tenant_id AS roles_tenant_id, roles.is_active AS roles_is_active 
FROM roles 
WHERE roles.id IN ($1::UUID)
2026-01-14 02:47:18,608 INFO sqlalchemy.engine.Engine [cached since 943.2s ago] (UUID('019b8bea-cc2d-7967-bce5-55008e6e286e'),)
2026-01-14 02:47:18,609 INFO sqlalchemy.engine.Engine SELECT levels.id AS levels_id, levels.name AS levels_name, levels.description AS levels_description, levels.level_order AS levels_level_order 
FROM levels 
WHERE levels.id IN ($1::UUID)
2026-01-14 02:47:18,609 INFO sqlalchemy.engine.Engine [cached since 943.2s ago] (UUID('019b8bea-cc40-7d2b-997c-2e87c9cf0213'),)
2026-01-14 02:47:18,611 INFO sqlalchemy.engine.Engine SELECT max(levels.level_order) AS max_1 
FROM levels
2026-01-14 02:47:18,611 INFO sqlalchemy.engine.Engine [cached since 943.2s ago] ()
2026-01-14 02:47:18,612 INFO sqlalchemy.engine.Engine SELECT roles.id, roles.name, roles.description, roles.role_order, roles.tenant_id, roles.is_active 
FROM roles 
 LIMIT $1::INTEGER OFFSET $2::INTEGER
2026-01-14 02:47:18,612 INFO sqlalchemy.engine.Engine [cached since 943.2s ago] (40, 0)
2026-01-14 02:47:18,613 INFO sqlalchemy.engine.Engine SELECT users.role_id AS users_role_id, users.id AS users_id, users.username AS users_username, users.password AS users_password, users.email AS users_email, users.fullname AS users_fullname, users.create_day AS users_create_day, users.chat_id AS users_chat_id, users.is_active AS users_is_active, users.token_version AS users_token_version, users.level_id AS users_level_id, users.tenant_id AS users_tenant_id, users.webphone_enabled AS users_webphone_enabled, users.sip_extension AS users_sip_extension, users.sip_username AS users_sip_username, users.sip_password AS users_sip_password, users.sip_domain AS users_sip_domain, users.sip_ws_server AS users_sip_ws_server, users.sip_port AS users_sip_port, users.sip_protocol AS users_sip_protocol, users.webphone_api_key AS users_webphone_api_key, users.webphone_process_id AS users_webphone_process_id, users.webphone_agent_id AS users_webphone_agent_id, users.call_recording_enabled AS users_call_recording_enabled, users.call_log_enabled AS users_call_log_enabled 
FROM users 
WHERE users.role_id IN ($1::UUID, $2::UUID)
2026-01-14 02:47:18,613 INFO sqlalchemy.engine.Engine [cached since 943.2s ago] (UUID('019b8bea-cc2d-7967-bce5-55008e6e286e'), UUID('019b8bea-cc37-756d-a8ab-2a3d2759023a'))
2026-01-14 02:47:18,614 INFO sqlalchemy.engine.Engine SELECT levels.id AS levels_id, levels.name AS levels_name, levels.description AS levels_description, levels.level_order AS levels_level_order 
FROM levels 
WHERE levels.id IN ($1::UUID, $2::UUID, $3::UUID)
2026-01-14 02:47:18,614 INFO sqlalchemy.engine.Engine [cached since 943.2s ago] (UUID('019b8bea-cc40-7d2b-997c-2e87c9cf0213'), UUID('019b8bea-cc51-7cf1-955a-dfe07a837e08'), UUID('019b8bea-cc57-7c07-8302-4ba62612e240'))
2026-01-14 02:47:18,615 INFO sqlalchemy.engine.Engine SELECT count(*) AS count_1 
FROM roles
2026-01-14 02:47:18,615 INFO sqlalchemy.engine.Engine [cached since 943.2s ago] ()
2026-01-14 02:47:18,616 INFO sqlalchemy.engine.Engine ROLLBACK
INFO:     222.252.26.190:47109 - "GET /api/v1/roles?page=1&page_size=40 HTTP/1.1" 200 OK
INFO:     222.252.26.190:47627 - "OPTIONS /api/v1/levels HTTP/1.1" 200 OK
INFO:     222.252.26.190:50931 - "OPTIONS /api/v1/user/current HTTP/1.1" 200 OK
INFO:     222.252.26.190:46076 - "OPTIONS /api/v1/roles HTTP/1.1" 200 OK
INFO:     222.252.26.190:46436 - "OPTIONS /api/v1/user/all?page=1&page_size=40 HTTP/1.1" 200 OK
2026-01-14 02:54:35,482 INFO sqlalchemy.engine.Engine BEGIN (implicit)
2026-01-14 02:54:35,483 INFO sqlalchemy.engine.Engine SELECT users.id AS users_id, users.username AS users_username, users.password AS users_password, users.email AS users_email, users.fullname AS users_fullname, users.create_day AS users_create_day, users.chat_id AS users_chat_id, users.is_active AS users_is_active, users.token_version AS users_token_version, users.role_id AS users_role_id, users.level_id AS users_level_id, users.tenant_id AS users_tenant_id, users.webphone_enabled AS users_webphone_enabled, users.sip_extension AS users_sip_extension, users.sip_username AS users_sip_username, users.sip_password AS users_sip_password, users.sip_domain AS users_sip_domain, users.sip_ws_server AS users_sip_ws_server, users.sip_port AS users_sip_port, users.sip_protocol AS users_sip_protocol, users.webphone_api_key AS users_webphone_api_key, users.webphone_process_id AS users_webphone_process_id, users.webphone_agent_id AS users_webphone_agent_id, users.call_recording_enabled AS users_call_recording_enabled, users.call_log_enabled AS users_call_log_enabled 
FROM users 
WHERE users.id = $1::UUID
2026-01-14 02:54:35,483 INFO sqlalchemy.engine.Engine [cached since 1380s ago] (UUID('019b8bea-d0b3-7d18-b717-228a2bab0c17'),)
2026-01-14 02:54:35,488 INFO sqlalchemy.engine.Engine SELECT roles.id AS roles_id, roles.name AS roles_name, roles.description AS roles_description, roles.role_order AS roles_role_order, roles.tenant_id AS roles_tenant_id, roles.is_active AS roles_is_active 
FROM roles 
WHERE roles.id IN ($1::UUID)
2026-01-14 02:54:35,488 INFO sqlalchemy.engine.Engine [cached since 1380s ago] (UUID('019b8bea-cc2d-7967-bce5-55008e6e286e'),)
2026-01-14 02:54:35,490 INFO sqlalchemy.engine.Engine BEGIN (implicit)
2026-01-14 02:54:35,490 INFO sqlalchemy.engine.Engine SELECT users.id AS users_id, users.username AS users_username, users.password AS users_password, users.email AS users_email, users.fullname AS users_fullname, users.create_day AS users_create_day, users.chat_id AS users_chat_id, users.is_active AS users_is_active, users.token_version AS users_token_version, users.role_id AS users_role_id, users.level_id AS users_level_id, users.tenant_id AS users_tenant_id, users.webphone_enabled AS users_webphone_enabled, users.sip_extension AS users_sip_extension, users.sip_username AS users_sip_username, users.sip_password AS users_sip_password, users.sip_domain AS users_sip_domain, users.sip_ws_server AS users_sip_ws_server, users.sip_port AS users_sip_port, users.sip_protocol AS users_sip_protocol, users.webphone_api_key AS users_webphone_api_key, users.webphone_process_id AS users_webphone_process_id, users.webphone_agent_id AS users_webphone_agent_id, users.call_recording_enabled AS users_call_recording_enabled, users.call_log_enabled AS users_call_log_enabled 
FROM users 
WHERE users.id = $1::UUID
2026-01-14 02:54:35,490 INFO sqlalchemy.engine.Engine [cached since 1380s ago] (UUID('019b8bea-d0b3-7d18-b717-228a2bab0c17'),)
2026-01-14 02:54:35,493 INFO sqlalchemy.engine.Engine SELECT levels.id AS levels_id, levels.name AS levels_name, levels.description AS levels_description, levels.level_order AS levels_level_order 
FROM levels 
WHERE levels.id IN ($1::UUID)
2026-01-14 02:54:35,493 INFO sqlalchemy.engine.Engine [cached since 1380s ago] (UUID('019b8bea-cc40-7d2b-997c-2e87c9cf0213'),)
2026-01-14 02:54:35,499 INFO sqlalchemy.engine.Engine SELECT users.is_active 
FROM users 
WHERE users.id = $1::UUID
2026-01-14 02:54:35,500 INFO sqlalchemy.engine.Engine [cached since 1380s ago] (UUID('019b8bea-d0b3-7d18-b717-228a2bab0c17'),)
2026-01-14 02:54:35,501 INFO sqlalchemy.engine.Engine SELECT users.role_id 
FROM users 
WHERE users.id = $1::UUID
2026-01-14 02:54:35,501 INFO sqlalchemy.engine.Engine [cached since 1380s ago] (UUID('019b8bea-d0b3-7d18-b717-228a2bab0c17'),)
2026-01-14 02:54:35,502 INFO sqlalchemy.engine.Engine SELECT roles.id AS roles_id, roles.name AS roles_name, roles.description AS roles_description, roles.role_order AS roles_role_order, roles.tenant_id AS roles_tenant_id, roles.is_active AS roles_is_active 
FROM roles 
WHERE roles.id IN ($1::UUID)
2026-01-14 02:54:35,502 INFO sqlalchemy.engine.Engine [cached since 1380s ago] (UUID('019b8bea-cc2d-7967-bce5-55008e6e286e'),)
2026-01-14 02:54:35,503 INFO sqlalchemy.engine.Engine SELECT permissions.name 
FROM permissions JOIN role_permissions ON role_permissions.permission_id = permissions.id 
WHERE role_permissions.role_id = $1::UUID
2026-01-14 02:54:35,503 INFO sqlalchemy.engine.Engine [cached since 1380s ago] (UUID('019b8bea-cc2d-7967-bce5-55008e6e286e'),)
2026-01-14 02:54:35,504 INFO sqlalchemy.engine.Engine SELECT users.id, users.username, users.password, users.email, users.fullname, users.create_day, users.chat_id, users.is_active, users.token_version, users.role_id, users.level_id, users.tenant_id, users.webphone_enabled, users.sip_extension, users.sip_username, users.sip_password, users.sip_domain, users.sip_ws_server, users.sip_port, users.sip_protocol, users.webphone_api_key, users.webphone_process_id, users.webphone_agent_id, users.call_recording_enabled, users.call_log_enabled 
FROM users 
WHERE users.id = $1::UUID
2026-01-14 02:54:35,505 INFO sqlalchemy.engine.Engine [cached since 1380s ago] ('019b8bea-d0b3-7d18-b717-228a2bab0c17',)
2026-01-14 02:54:35,505 INFO sqlalchemy.engine.Engine SELECT levels.id AS levels_id, levels.name AS levels_name, levels.description AS levels_description, levels.level_order AS levels_level_order 
FROM levels 
WHERE levels.id IN ($1::UUID)
2026-01-14 02:54:35,505 INFO sqlalchemy.engine.Engine [cached since 1380s ago] (UUID('019b8bea-cc40-7d2b-997c-2e87c9cf0213'),)
2026-01-14 02:54:35,571 INFO sqlalchemy.engine.Engine SELECT roles.id AS roles_id, roles.name AS roles_name, roles.description AS roles_description, roles.role_order AS roles_role_order, roles.tenant_id AS roles_tenant_id, roles.is_active AS roles_is_active 
FROM roles 
WHERE roles.id IN ($1::UUID)
2026-01-14 02:54:35,571 INFO sqlalchemy.engine.Engine [cached since 1380s ago] (UUID('019b8bea-cc2d-7967-bce5-55008e6e286e'),)
2026-01-14 02:54:35,573 INFO sqlalchemy.engine.Engine SELECT users.is_active 
FROM users 
WHERE users.id = $1::UUID
2026-01-14 02:54:35,573 INFO sqlalchemy.engine.Engine [cached since 1380s ago] (UUID('019b8bea-d0b3-7d18-b717-228a2bab0c17'),)
2026-01-14 02:54:35,575 INFO sqlalchemy.engine.Engine SELECT levels.id AS levels_id, levels.name AS levels_name, levels.description AS levels_description, levels.level_order AS levels_level_order 
FROM levels 
WHERE levels.id IN ($1::UUID)
2026-01-14 02:54:35,575 INFO sqlalchemy.engine.Engine [cached since 1380s ago] (UUID('019b8bea-cc40-7d2b-997c-2e87c9cf0213'),)
2026-01-14 02:54:35,631 INFO sqlalchemy.engine.Engine SELECT max(levels.level_order) AS max_1 
FROM levels
2026-01-14 02:54:35,631 INFO sqlalchemy.engine.Engine [cached since 1380s ago] ()
2026-01-14 02:54:35,632 INFO sqlalchemy.engine.Engine SELECT users.role_id 
FROM users 
WHERE users.id = $1::UUID
2026-01-14 02:54:35,632 INFO sqlalchemy.engine.Engine [cached since 1380s ago] (UUID('019b8bea-d0b3-7d18-b717-228a2bab0c17'),)
2026-01-14 02:54:35,635 INFO sqlalchemy.engine.Engine SELECT levels.level_order 
FROM levels 
WHERE levels.id = $1::UUID
2026-01-14 02:54:35,635 INFO sqlalchemy.engine.Engine [generated in 0.00036s] (UUID('019b8bea-cc40-7d2b-997c-2e87c9cf0213'),)
2026-01-14 02:54:35,636 INFO sqlalchemy.engine.Engine SELECT permissions.name 
FROM permissions JOIN role_permissions ON role_permissions.permission_id = permissions.id 
WHERE role_permissions.role_id = $1::UUID
2026-01-14 02:54:35,636 INFO sqlalchemy.engine.Engine [cached since 1380s ago] (UUID('019b8bea-cc2d-7967-bce5-55008e6e286e'),)
2026-01-14 02:54:35,637 INFO sqlalchemy.engine.Engine SELECT levels.id, levels.name, levels.description, levels.level_order 
FROM levels 
 LIMIT $1::INTEGER OFFSET $2::INTEGER
2026-01-14 02:54:35,637 INFO sqlalchemy.engine.Engine [generated in 0.00027s] (10, 0)
2026-01-14 02:54:35,639 INFO sqlalchemy.engine.Engine SELECT users.id, users.username, users.password, users.email, users.fullname, users.create_day, users.chat_id, users.is_active, users.token_version, users.role_id, users.level_id, users.tenant_id, users.webphone_enabled, users.sip_extension, users.sip_username, users.sip_password, users.sip_domain, users.sip_ws_server, users.sip_port, users.sip_protocol, users.webphone_api_key, users.webphone_process_id, users.webphone_agent_id, users.call_recording_enabled, users.call_log_enabled 
FROM users 
WHERE users.id = $1::UUID
2026-01-14 02:54:35,639 INFO sqlalchemy.engine.Engine [cached since 1380s ago] ('019b8bea-d0b3-7d18-b717-228a2bab0c17',)
2026-01-14 02:54:35,641 INFO sqlalchemy.engine.Engine SELECT users.level_id AS users_level_id, users.id AS users_id, users.username AS users_username, users.password AS users_password, users.email AS users_email, users.fullname AS users_fullname, users.create_day AS users_create_day, users.chat_id AS users_chat_id, users.is_active AS users_is_active, users.token_version AS users_token_version, users.role_id AS users_role_id, users.tenant_id AS users_tenant_id, users.webphone_enabled AS users_webphone_enabled, users.sip_extension AS users_sip_extension, users.sip_username AS users_sip_username, users.sip_password AS users_sip_password, users.sip_domain AS users_sip_domain, users.sip_ws_server AS users_sip_ws_server, users.sip_port AS users_sip_port, users.sip_protocol AS users_sip_protocol, users.webphone_api_key AS users_webphone_api_key, users.webphone_process_id AS users_webphone_process_id, users.webphone_agent_id AS users_webphone_agent_id, users.call_recording_enabled AS users_call_recording_enabled, users.call_log_enabled AS users_call_log_enabled 
FROM users 
WHERE users.level_id IN ($1::UUID, $2::UUID, $3::UUID, $4::UUID)
2026-01-14 02:54:35,641 INFO sqlalchemy.engine.Engine [generated in 0.00026s] (UUID('019b8bea-cc40-7d2b-997c-2e87c9cf0213'), UUID('019b8bea-cc4a-72c1-b278-b3155e384d2c'), UUID('019b8bea-cc51-7cf1-955a-dfe07a837e08'), UUID('019b8bea-cc57-7c07-8302-4ba62612e240'))
2026-01-14 02:54:35,643 INFO sqlalchemy.engine.Engine SELECT roles.id AS roles_id, roles.name AS roles_name, roles.description AS roles_description, roles.role_order AS roles_role_order, roles.tenant_id AS roles_tenant_id, roles.is_active AS roles_is_active 
FROM roles 
WHERE roles.id IN ($1::UUID)
2026-01-14 02:54:35,643 INFO sqlalchemy.engine.Engine [cached since 1380s ago] (UUID('019b8bea-cc2d-7967-bce5-55008e6e286e'),)
2026-01-14 02:54:35,645 INFO sqlalchemy.engine.Engine SELECT roles.id AS roles_id, roles.name AS roles_name, roles.description AS roles_description, roles.role_order AS roles_role_order, roles.tenant_id AS roles_tenant_id, roles.is_active AS roles_is_active 
FROM roles 
WHERE roles.id IN ($1::UUID, $2::UUID)
2026-01-14 02:54:35,645 INFO sqlalchemy.engine.Engine [generated in 0.00023s] (UUID('019b8bea-cc2d-7967-bce5-55008e6e286e'), UUID('019b8bea-cc37-756d-a8ab-2a3d2759023a'))
2026-01-14 02:54:35,646 INFO sqlalchemy.engine.Engine SELECT levels.id AS levels_id, levels.name AS levels_name, levels.description AS levels_description, levels.level_order AS levels_level_order 
FROM levels 
WHERE levels.id IN ($1::UUID)
2026-01-14 02:54:35,646 INFO sqlalchemy.engine.Engine [cached since 1380s ago] (UUID('019b8bea-cc40-7d2b-997c-2e87c9cf0213'),)
2026-01-14 02:54:35,648 INFO sqlalchemy.engine.Engine SELECT count(*) AS count_1 
FROM levels
2026-01-14 02:54:35,648 INFO sqlalchemy.engine.Engine [generated in 0.00014s] ()
2026-01-14 02:54:35,648 INFO sqlalchemy.engine.Engine BEGIN (implicit)
2026-01-14 02:54:35,648 INFO sqlalchemy.engine.Engine SELECT users.id AS users_id, users.username AS users_username, users.password AS users_password, users.email AS users_email, users.fullname AS users_fullname, users.create_day AS users_create_day, users.chat_id AS users_chat_id, users.is_active AS users_is_active, users.token_version AS users_token_version, users.role_id AS users_role_id, users.level_id AS users_level_id, users.tenant_id AS users_tenant_id, users.webphone_enabled AS users_webphone_enabled, users.sip_extension AS users_sip_extension, users.sip_username AS users_sip_username, users.sip_password AS users_sip_password, users.sip_domain AS users_sip_domain, users.sip_ws_server AS users_sip_ws_server, users.sip_port AS users_sip_port, users.sip_protocol AS users_sip_protocol, users.webphone_api_key AS users_webphone_api_key, users.webphone_process_id AS users_webphone_process_id, users.webphone_agent_id AS users_webphone_agent_id, users.call_recording_enabled AS users_call_recording_enabled, users.call_log_enabled AS users_call_log_enabled 
FROM users 
WHERE users.id = $1::UUID
2026-01-14 02:54:35,649 INFO sqlalchemy.engine.Engine [cached since 1380s ago] (UUID('019b8bea-d0b3-7d18-b717-228a2bab0c17'),)
2026-01-14 02:54:35,650 INFO sqlalchemy.engine.Engine SELECT max(levels.level_order) AS max_1 
FROM levels
2026-01-14 02:54:35,650 INFO sqlalchemy.engine.Engine [cached since 1380s ago] ()
2026-01-14 02:54:35,651 INFO sqlalchemy.engine.Engine ROLLBACK
2026-01-14 02:54:35,652 INFO sqlalchemy.engine.Engine SELECT roles.id, roles.name, roles.description, roles.role_order, roles.tenant_id, roles.is_active 
FROM roles 
 LIMIT $1::INTEGER OFFSET $2::INTEGER
2026-01-14 02:54:35,652 INFO sqlalchemy.engine.Engine [cached since 1380s ago] (10, 0)
2026-01-14 02:54:35,653 INFO sqlalchemy.engine.Engine BEGIN (implicit)
2026-01-14 02:54:35,653 INFO sqlalchemy.engine.Engine SELECT users.id AS users_id, users.username AS users_username, users.password AS users_password, users.email AS users_email, users.fullname AS users_fullname, users.create_day AS users_create_day, users.chat_id AS users_chat_id, users.is_active AS users_is_active, users.token_version AS users_token_version, users.role_id AS users_role_id, users.level_id AS users_level_id, users.tenant_id AS users_tenant_id, users.webphone_enabled AS users_webphone_enabled, users.sip_extension AS users_sip_extension, users.sip_username AS users_sip_username, users.sip_password AS users_sip_password, users.sip_domain AS users_sip_domain, users.sip_ws_server AS users_sip_ws_server, users.sip_port AS users_sip_port, users.sip_protocol AS users_sip_protocol, users.webphone_api_key AS users_webphone_api_key, users.webphone_process_id AS users_webphone_process_id, users.webphone_agent_id AS users_webphone_agent_id, users.call_recording_enabled AS users_call_recording_enabled, users.call_log_enabled AS users_call_log_enabled 
FROM users 
WHERE users.id = $1::UUID
2026-01-14 02:54:35,653 INFO sqlalchemy.engine.Engine [cached since 1380s ago] (UUID('019b8bea-d0b3-7d18-b717-228a2bab0c17'),)
2026-01-14 02:54:35,654 INFO sqlalchemy.engine.Engine SELECT users.role_id AS users_role_id, users.id AS users_id, users.username AS users_username, users.password AS users_password, users.email AS users_email, users.fullname AS users_fullname, users.create_day AS users_create_day, users.chat_id AS users_chat_id, users.is_active AS users_is_active, users.token_version AS users_token_version, users.level_id AS users_level_id, users.tenant_id AS users_tenant_id, users.webphone_enabled AS users_webphone_enabled, users.sip_extension AS users_sip_extension, users.sip_username AS users_sip_username, users.sip_password AS users_sip_password, users.sip_domain AS users_sip_domain, users.sip_ws_server AS users_sip_ws_server, users.sip_port AS users_sip_port, users.sip_protocol AS users_sip_protocol, users.webphone_api_key AS users_webphone_api_key, users.webphone_process_id AS users_webphone_process_id, users.webphone_agent_id AS users_webphone_agent_id, users.call_recording_enabled AS users_call_recording_enabled, users.call_log_enabled AS users_call_log_enabled 
FROM users 
WHERE users.role_id IN ($1::UUID, $2::UUID)
2026-01-14 02:54:35,654 INFO sqlalchemy.engine.Engine [cached since 1380s ago] (UUID('019b8bea-cc2d-7967-bce5-55008e6e286e'), UUID('019b8bea-cc37-756d-a8ab-2a3d2759023a'))
INFO:     222.252.26.190:46076 - "GET /api/v1/levels HTTP/1.1" 200 OK
2026-01-14 02:54:35,656 INFO sqlalchemy.engine.Engine SELECT levels.id AS levels_id, levels.name AS levels_name, levels.description AS levels_description, levels.level_order AS levels_level_order 
FROM levels 
WHERE levels.id IN ($1::UUID, $2::UUID, $3::UUID)
2026-01-14 02:54:35,656 INFO sqlalchemy.engine.Engine [cached since 1380s ago] (UUID('019b8bea-cc40-7d2b-997c-2e87c9cf0213'), UUID('019b8bea-cc51-7cf1-955a-dfe07a837e08'), UUID('019b8bea-cc57-7c07-8302-4ba62612e240'))
2026-01-14 02:54:35,656 INFO sqlalchemy.engine.Engine SELECT roles.id AS roles_id, roles.name AS roles_name, roles.description AS roles_description, roles.role_order AS roles_role_order, roles.tenant_id AS roles_tenant_id, roles.is_active AS roles_is_active 
FROM roles 
WHERE roles.id IN ($1::UUID)
2026-01-14 02:54:35,656 INFO sqlalchemy.engine.Engine [cached since 1380s ago] (UUID('019b8bea-cc2d-7967-bce5-55008e6e286e'),)
2026-01-14 02:54:35,658 INFO sqlalchemy.engine.Engine SELECT count(*) AS count_1 
FROM roles
2026-01-14 02:54:35,658 INFO sqlalchemy.engine.Engine [cached since 1380s ago] ()
2026-01-14 02:54:35,659 INFO sqlalchemy.engine.Engine ROLLBACK
2026-01-14 02:54:35,660 INFO sqlalchemy.engine.Engine SELECT levels.id AS levels_id, levels.name AS levels_name, levels.description AS levels_description, levels.level_order AS levels_level_order 
FROM levels 
WHERE levels.id IN ($1::UUID)
2026-01-14 02:54:35,660 INFO sqlalchemy.engine.Engine [cached since 1380s ago] (UUID('019b8bea-cc40-7d2b-997c-2e87c9cf0213'),)
2026-01-14 02:54:35,661 INFO sqlalchemy.engine.Engine SELECT roles.id AS roles_id, roles.name AS roles_name, roles.description AS roles_description, roles.role_order AS roles_role_order, roles.tenant_id AS roles_tenant_id, roles.is_active AS roles_is_active 
FROM roles 
WHERE roles.id IN ($1::UUID)
2026-01-14 02:54:35,661 INFO sqlalchemy.engine.Engine [cached since 1380s ago] (UUID('019b8bea-cc2d-7967-bce5-55008e6e286e'),)
INFO:     222.252.26.190:50931 - "GET /api/v1/roles HTTP/1.1" 200 OK
2026-01-14 02:54:35,663 INFO sqlalchemy.engine.Engine SELECT users.is_active 
FROM users 
WHERE users.id = $1::UUID
2026-01-14 02:54:35,663 INFO sqlalchemy.engine.Engine [cached since 1380s ago] (UUID('019b8bea-d0b3-7d18-b717-228a2bab0c17'),)
2026-01-14 02:54:35,664 INFO sqlalchemy.engine.Engine SELECT levels.id AS levels_id, levels.name AS levels_name, levels.description AS levels_description, levels.level_order AS levels_level_order 
FROM levels 
WHERE levels.id IN ($1::UUID)
2026-01-14 02:54:35,664 INFO sqlalchemy.engine.Engine [cached since 1380s ago] (UUID('019b8bea-cc40-7d2b-997c-2e87c9cf0213'),)
2026-01-14 02:54:35,666 INFO sqlalchemy.engine.Engine SELECT users.is_active 
FROM users 
WHERE users.id = $1::UUID
2026-01-14 02:54:35,666 INFO sqlalchemy.engine.Engine [cached since 1380s ago] (UUID('019b8bea-d0b3-7d18-b717-228a2bab0c17'),)
2026-01-14 02:54:35,666 INFO sqlalchemy.engine.Engine SELECT users.role_id 
FROM users 
WHERE users.id = $1::UUID
2026-01-14 02:54:35,667 INFO sqlalchemy.engine.Engine [cached since 1380s ago] (UUID('019b8bea-d0b3-7d18-b717-228a2bab0c17'),)
2026-01-14 02:54:35,668 INFO sqlalchemy.engine.Engine SELECT permissions.name 
FROM permissions JOIN role_permissions ON role_permissions.permission_id = permissions.id 
WHERE role_permissions.role_id = $1::UUID
2026-01-14 02:54:35,668 INFO sqlalchemy.engine.Engine [cached since 1380s ago] (UUID('019b8bea-cc2d-7967-bce5-55008e6e286e'),)
2026-01-14 02:54:35,669 INFO sqlalchemy.engine.Engine SELECT users.role_id 
FROM users 
WHERE users.id = $1::UUID
2026-01-14 02:54:35,669 INFO sqlalchemy.engine.Engine [cached since 1380s ago] (UUID('019b8bea-d0b3-7d18-b717-228a2bab0c17'),)
2026-01-14 02:54:35,670 INFO sqlalchemy.engine.Engine SELECT permissions.name 
FROM permissions JOIN role_permissions ON role_permissions.permission_id = permissions.id 
WHERE role_permissions.role_id = $1::UUID
2026-01-14 02:54:35,670 INFO sqlalchemy.engine.Engine [cached since 1380s ago] (UUID('019b8bea-cc2d-7967-bce5-55008e6e286e'),)
2026-01-14 02:54:35,672 INFO sqlalchemy.engine.Engine SELECT users.id, users.username, users.password, users.email, users.fullname, users.create_day, users.chat_id, users.is_active, users.token_version, users.role_id, users.level_id, users.tenant_id, users.webphone_enabled, users.sip_extension, users.sip_username, users.sip_password, users.sip_domain, users.sip_ws_server, users.sip_port, users.sip_protocol, users.webphone_api_key, users.webphone_process_id, users.webphone_agent_id, users.call_recording_enabled, users.call_log_enabled 
FROM users 
WHERE users.id = $1::UUID
2026-01-14 02:54:35,672 INFO sqlalchemy.engine.Engine [cached since 1380s ago] ('019b8bea-d0b3-7d18-b717-228a2bab0c17',)
2026-01-14 02:54:35,673 INFO sqlalchemy.engine.Engine SELECT users.id, users.username, users.password, users.email, users.fullname, users.create_day, users.chat_id, users.is_active, users.token_version, users.role_id, users.level_id, users.tenant_id, users.webphone_enabled, users.sip_extension, users.sip_username, users.sip_password, users.sip_domain, users.sip_ws_server, users.sip_port, users.sip_protocol, users.webphone_api_key, users.webphone_process_id, users.webphone_agent_id, users.call_recording_enabled, users.call_log_enabled, roles_1.id AS id_1, roles_1.name, roles_1.description, roles_1.role_order, roles_1.tenant_id AS tenant_id_1, roles_1.is_active AS is_active_1, levels_1.id AS id_2, levels_1.name AS name_1, levels_1.description AS description_1, levels_1.level_order 
FROM users LEFT OUTER JOIN roles AS roles_1 ON roles_1.id = users.role_id LEFT OUTER JOIN levels AS levels_1 ON levels_1.id = users.level_id 
WHERE users.id = $1::UUID
2026-01-14 02:54:35,673 INFO sqlalchemy.engine.Engine [cached since 1380s ago] (UUID('019b8bea-d0b3-7d18-b717-228a2bab0c17'),)
2026-01-14 02:54:35,674 INFO sqlalchemy.engine.Engine SELECT roles.id AS roles_id, roles.name AS roles_name, roles.description AS roles_description, roles.role_order AS roles_role_order, roles.tenant_id AS roles_tenant_id, roles.is_active AS roles_is_active 
FROM roles 
WHERE roles.id IN ($1::UUID)
2026-01-14 02:54:35,675 INFO sqlalchemy.engine.Engine [cached since 1380s ago] (UUID('019b8bea-cc2d-7967-bce5-55008e6e286e'),)
2026-01-14 02:54:35,676 INFO sqlalchemy.engine.Engine SELECT permissions.name 
FROM permissions JOIN role_permissions ON permissions.id = role_permissions.permission_id JOIN roles ON role_permissions.role_id = roles.id JOIN users ON users.role_id = roles.id 
WHERE users.id = $1::UUID
2026-01-14 02:54:35,676 INFO sqlalchemy.engine.Engine [cached since 1380s ago] (UUID('019b8bea-d0b3-7d18-b717-228a2bab0c17'),)
2026-01-14 02:54:35,677 INFO sqlalchemy.engine.Engine SELECT levels.id AS levels_id, levels.name AS levels_name, levels.description AS levels_description, levels.level_order AS levels_level_order 
FROM levels 
WHERE levels.id IN ($1::UUID)
2026-01-14 02:54:35,677 INFO sqlalchemy.engine.Engine [cached since 1380s ago] (UUID('019b8bea-cc40-7d2b-997c-2e87c9cf0213'),)
2026-01-14 02:54:35,678 INFO sqlalchemy.engine.Engine SELECT max(levels.level_order) AS max_1 
FROM levels
2026-01-14 02:54:35,678 INFO sqlalchemy.engine.Engine [cached since 1380s ago] ()
Check result: ['view_users', 'current_user', 'delete_users', 'create_users', 'edit_users', 'view_user_groups', 'edit_roles', 'view_roles', 'delete_roles', 'create_roles', 'view_permissions', 'edit_permissions', 'delete_permissions', 'create_permissions', 'assign_permissions_to_role', 'delete_permission_from_role', 'view_logs', 'view_levels', 'create_level', 'edit_level', 'delete_level', 'view_departments', 'create_department', 'edit_department', 'delete_department', 'view_groups', 'create_group', 'edit_group', 'delete_group', 'assign_user_to_group', 'delete_user_group', 'view_role_permissions_by_role_id', 'view_tags', 'view_tag_by_id', 'create_tag', 'edit_tag', 'delete_tag', 'view_ticket_events', 'create_ticket_event', 'edit_ticket_event', 'delete_ticket_event', 'view_ticket_templates', 'create_ticket_template', 'edit_ticket_template', 'delete_ticket_template', 'view_ticket_contexts', 'create_ticket_context', 'edit_ticket_context', 'delete_ticket_context', 'view_ticket_extensions', 'create_ticket_extension', 'edit_ticket_extension', 'delete_ticket_extension', 'view_tickets', 'create_ticket', 'edit_ticket', 'delete_ticket', 'assign_ticket']
2026-01-14 02:54:35,679 INFO sqlalchemy.engine.Engine ROLLBACK
2026-01-14 02:54:35,680 INFO sqlalchemy.engine.Engine SELECT levels.level_order 
FROM levels 
WHERE levels.id = $1::UUID
2026-01-14 02:54:35,680 INFO sqlalchemy.engine.Engine [cached since 0.0458s ago] (UUID('019b8bea-cc40-7d2b-997c-2e87c9cf0213'),)
INFO:     222.252.26.190:46436 - "GET /api/v1/user/current HTTP/1.1" 200 OK
2026-01-14 02:54:35,684 INFO sqlalchemy.engine.Engine SELECT users.id, users.username, users.password, users.email, users.fullname, users.create_day, users.chat_id, users.is_active, users.token_version, users.role_id, users.level_id, users.tenant_id, users.webphone_enabled, users.sip_extension, users.sip_username, users.sip_password, users.sip_domain, users.sip_ws_server, users.sip_port, users.sip_protocol, users.webphone_api_key, users.webphone_process_id, users.webphone_agent_id, users.call_recording_enabled, users.call_log_enabled, roles_1.id AS id_1, roles_1.name, roles_1.description, roles_1.role_order, roles_1.tenant_id AS tenant_id_1, roles_1.is_active AS is_active_1, levels_1.id AS id_2, levels_1.name AS name_1, levels_1.description AS description_1, levels_1.level_order 
FROM users LEFT OUTER JOIN roles AS roles_1 ON roles_1.id = users.role_id LEFT OUTER JOIN levels AS levels_1 ON levels_1.id = users.level_id 
WHERE users.id != $1::UUID 
 LIMIT $2::INTEGER OFFSET $3::INTEGER
2026-01-14 02:54:35,684 INFO sqlalchemy.engine.Engine [generated in 0.00021s] (UUID('019b8bea-d0b3-7d18-b717-228a2bab0c17'), 40, 0)
2026-01-14 02:54:35,688 INFO sqlalchemy.engine.Engine SELECT count(*) AS count_1 
FROM users 
WHERE users.id != $1::UUID
2026-01-14 02:54:35,688 INFO sqlalchemy.engine.Engine [generated in 0.00015s] (UUID('019b8bea-d0b3-7d18-b717-228a2bab0c17'),)
2026-01-14 02:54:35,689 INFO sqlalchemy.engine.Engine SELECT permissions.name 
FROM permissions JOIN role_permissions ON permissions.id = role_permissions.permission_id JOIN roles ON role_permissions.role_id = roles.id JOIN users ON users.role_id = roles.id 
WHERE users.id = $1::UUID
2026-01-14 02:54:35,690 INFO sqlalchemy.engine.Engine [cached since 1380s ago] (UUID('019bb5b4-7045-788b-9131-501538a3368f'),)
Check result: ['view_users', 'current_user', 'delete_users', 'create_users', 'edit_users', 'view_user_groups', 'edit_roles', 'view_roles', 'delete_roles', 'create_roles', 'view_permissions', 'edit_permissions', 'delete_permissions', 'create_permissions', 'assign_permissions_to_role', 'delete_permission_from_role', 'view_logs', 'view_levels', 'create_level', 'edit_level', 'delete_level', 'view_departments', 'create_department', 'edit_department', 'delete_department', 'view_groups', 'create_group', 'edit_group', 'delete_group', 'assign_user_to_group', 'delete_user_group', 'view_role_permissions_by_role_id', 'view_tags', 'view_tag_by_id', 'create_tag', 'edit_tag', 'delete_tag', 'view_ticket_events', 'create_ticket_event', 'edit_ticket_event', 'delete_ticket_event', 'view_ticket_templates', 'create_ticket_template', 'edit_ticket_template', 'delete_ticket_template', 'view_ticket_contexts', 'create_ticket_context', 'edit_ticket_context', 'delete_ticket_context', 'view_ticket_extensions', 'create_ticket_extension', 'edit_ticket_extension', 'delete_ticket_extension', 'view_tickets', 'create_ticket', 'edit_ticket', 'delete_ticket', 'assign_ticket']
2026-01-14 02:54:35,692 INFO sqlalchemy.engine.Engine SELECT permissions.name 
FROM permissions JOIN role_permissions ON permissions.id = role_permissions.permission_id JOIN roles ON role_permissions.role_id = roles.id JOIN users ON users.role_id = roles.id 
WHERE users.id = $1::UUID
2026-01-14 02:54:35,692 INFO sqlalchemy.engine.Engine [cached since 1380s ago] (UUID('019bb690-0eb3-7d23-927c-68fa0110febb'),)
Check result: ['view_users', 'current_user', 'delete_users', 'create_users', 'edit_users', 'view_user_groups', 'view_roles', 'view_levels', 'view_departments', 'create_department', 'edit_department', 'delete_department', 'view_groups', 'create_group', 'edit_group', 'delete_group', 'view_tags', 'view_ticket_events', 'view_ticket_templates', 'view_ticket_contexts', 'view_ticket_extensions', 'create_tag', 'edit_tag', 'view_tickets', 'create_ticket', 'edit_ticket', 'assign_ticket', 'create_ticket_event', 'create_ticket_context', 'create_ticket_extension']
2026-01-14 02:54:35,693 INFO sqlalchemy.engine.Engine SELECT permissions.name 
FROM permissions JOIN role_permissions ON permissions.id = role_permissions.permission_id JOIN roles ON role_permissions.role_id = roles.id JOIN users ON users.role_id = roles.id 
WHERE users.id = $1::UUID
2026-01-14 02:54:35,694 INFO sqlalchemy.engine.Engine [cached since 1380s ago] (UUID('019b8bea-d4a7-7e73-8800-5a606bfb8bc4'),)
Check result: ['view_users', 'current_user', 'delete_users', 'create_users', 'edit_users', 'view_user_groups', 'view_roles', 'view_levels', 'view_departments', 'create_department', 'edit_department', 'delete_department', 'view_groups', 'create_group', 'edit_group', 'delete_group', 'view_tags', 'view_ticket_events', 'view_ticket_templates', 'view_ticket_contexts', 'view_ticket_extensions', 'create_tag', 'edit_tag', 'view_tickets', 'create_ticket', 'edit_ticket', 'assign_ticket', 'create_ticket_event', 'create_ticket_context', 'create_ticket_extension']
2026-01-14 02:54:35,695 INFO sqlalchemy.engine.Engine ROLLBACK
INFO:     222.252.26.190:47627 - "GET /api/v1/user/all?page=1&page_size=40 HTTP/1.1" 200 OK
INFO:     222.252.26.190:47627 - "OPTIONS /api/v1/user/all?page=1&page_size=10 HTTP/1.1" 200 OK
2026-01-14 02:54:35,809 INFO sqlalchemy.engine.Engine BEGIN (implicit)
2026-01-14 02:54:35,810 INFO sqlalchemy.engine.Engine SELECT users.id AS users_id, users.username AS users_username, users.password AS users_password, users.email AS users_email, users.fullname AS users_fullname, users.create_day AS users_create_day, users.chat_id AS users_chat_id, users.is_active AS users_is_active, users.token_version AS users_token_version, users.role_id AS users_role_id, users.level_id AS users_level_id, users.tenant_id AS users_tenant_id, users.webphone_enabled AS users_webphone_enabled, users.sip_extension AS users_sip_extension, users.sip_username AS users_sip_username, users.sip_password AS users_sip_password, users.sip_domain AS users_sip_domain, users.sip_ws_server AS users_sip_ws_server, users.sip_port AS users_sip_port, users.sip_protocol AS users_sip_protocol, users.webphone_api_key AS users_webphone_api_key, users.webphone_process_id AS users_webphone_process_id, users.webphone_agent_id AS users_webphone_agent_id, users.call_recording_enabled AS users_call_recording_enabled, users.call_log_enabled AS users_call_log_enabled 
FROM users 
WHERE users.id = $1::UUID
2026-01-14 02:54:35,810 INFO sqlalchemy.engine.Engine [cached since 1380s ago] (UUID('019b8bea-d0b3-7d18-b717-228a2bab0c17'),)
2026-01-14 02:54:35,814 INFO sqlalchemy.engine.Engine SELECT roles.id AS roles_id, roles.name AS roles_name, roles.description AS roles_description, roles.role_order AS roles_role_order, roles.tenant_id AS roles_tenant_id, roles.is_active AS roles_is_active 
FROM roles 
WHERE roles.id IN ($1::UUID)
2026-01-14 02:54:35,814 INFO sqlalchemy.engine.Engine [cached since 1380s ago] (UUID('019b8bea-cc2d-7967-bce5-55008e6e286e'),)
2026-01-14 02:54:35,817 INFO sqlalchemy.engine.Engine SELECT levels.id AS levels_id, levels.name AS levels_name, levels.description AS levels_description, levels.level_order AS levels_level_order 
FROM levels 
WHERE levels.id IN ($1::UUID)
2026-01-14 02:54:35,817 INFO sqlalchemy.engine.Engine [cached since 1380s ago] (UUID('019b8bea-cc40-7d2b-997c-2e87c9cf0213'),)
2026-01-14 02:54:35,819 INFO sqlalchemy.engine.Engine SELECT users.is_active 
FROM users 
WHERE users.id = $1::UUID
2026-01-14 02:54:35,820 INFO sqlalchemy.engine.Engine [cached since 1380s ago] (UUID('019b8bea-d0b3-7d18-b717-228a2bab0c17'),)
2026-01-14 02:54:35,821 INFO sqlalchemy.engine.Engine SELECT users.role_id 
FROM users 
WHERE users.id = $1::UUID
2026-01-14 02:54:35,821 INFO sqlalchemy.engine.Engine [cached since 1380s ago] (UUID('019b8bea-d0b3-7d18-b717-228a2bab0c17'),)
2026-01-14 02:54:35,823 INFO sqlalchemy.engine.Engine SELECT permissions.name 
FROM permissions JOIN role_permissions ON role_permissions.permission_id = permissions.id 
WHERE role_permissions.role_id = $1::UUID
2026-01-14 02:54:35,823 INFO sqlalchemy.engine.Engine [cached since 1380s ago] (UUID('019b8bea-cc2d-7967-bce5-55008e6e286e'),)
2026-01-14 02:54:35,825 INFO sqlalchemy.engine.Engine SELECT users.id, users.username, users.password, users.email, users.fullname, users.create_day, users.chat_id, users.is_active, users.token_version, users.role_id, users.level_id, users.tenant_id, users.webphone_enabled, users.sip_extension, users.sip_username, users.sip_password, users.sip_domain, users.sip_ws_server, users.sip_port, users.sip_protocol, users.webphone_api_key, users.webphone_process_id, users.webphone_agent_id, users.call_recording_enabled, users.call_log_enabled 
FROM users 
WHERE users.id = $1::UUID
2026-01-14 02:54:35,825 INFO sqlalchemy.engine.Engine [cached since 1380s ago] ('019b8bea-d0b3-7d18-b717-228a2bab0c17',)
2026-01-14 02:54:35,827 INFO sqlalchemy.engine.Engine SELECT roles.id AS roles_id, roles.name AS roles_name, roles.description AS roles_description, roles.role_order AS roles_role_order, roles.tenant_id AS roles_tenant_id, roles.is_active AS roles_is_active 
FROM roles 
WHERE roles.id IN ($1::UUID)
2026-01-14 02:54:35,827 INFO sqlalchemy.engine.Engine [cached since 1380s ago] (UUID('019b8bea-cc2d-7967-bce5-55008e6e286e'),)
2026-01-14 02:54:35,829 INFO sqlalchemy.engine.Engine SELECT levels.id AS levels_id, levels.name AS levels_name, levels.description AS levels_description, levels.level_order AS levels_level_order 
FROM levels 
WHERE levels.id IN ($1::UUID)
2026-01-14 02:54:35,829 INFO sqlalchemy.engine.Engine [cached since 1380s ago] (UUID('019b8bea-cc40-7d2b-997c-2e87c9cf0213'),)
2026-01-14 02:54:35,831 INFO sqlalchemy.engine.Engine SELECT max(levels.level_order) AS max_1 
FROM levels
2026-01-14 02:54:35,831 INFO sqlalchemy.engine.Engine [cached since 1380s ago] ()
2026-01-14 02:54:35,832 INFO sqlalchemy.engine.Engine SELECT levels.level_order 
FROM levels 
WHERE levels.id = $1::UUID
2026-01-14 02:54:35,832 INFO sqlalchemy.engine.Engine [cached since 0.1974s ago] (UUID('019b8bea-cc40-7d2b-997c-2e87c9cf0213'),)
2026-01-14 02:54:35,833 INFO sqlalchemy.engine.Engine SELECT users.id, users.username, users.password, users.email, users.fullname, users.create_day, users.chat_id, users.is_active, users.token_version, users.role_id, users.level_id, users.tenant_id, users.webphone_enabled, users.sip_extension, users.sip_username, users.sip_password, users.sip_domain, users.sip_ws_server, users.sip_port, users.sip_protocol, users.webphone_api_key, users.webphone_process_id, users.webphone_agent_id, users.call_recording_enabled, users.call_log_enabled, roles_1.id AS id_1, roles_1.name, roles_1.description, roles_1.role_order, roles_1.tenant_id AS tenant_id_1, roles_1.is_active AS is_active_1, levels_1.id AS id_2, levels_1.name AS name_1, levels_1.description AS description_1, levels_1.level_order 
FROM users LEFT OUTER JOIN roles AS roles_1 ON roles_1.id = users.role_id LEFT OUTER JOIN levels AS levels_1 ON levels_1.id = users.level_id 
WHERE users.id != $1::UUID 
 LIMIT $2::INTEGER OFFSET $3::INTEGER
2026-01-14 02:54:35,833 INFO sqlalchemy.engine.Engine [cached since 0.1491s ago] (UUID('019b8bea-d0b3-7d18-b717-228a2bab0c17'), 10, 0)
2026-01-14 02:54:35,837 INFO sqlalchemy.engine.Engine SELECT count(*) AS count_1 
FROM users 
WHERE users.id != $1::UUID
2026-01-14 02:54:35,837 INFO sqlalchemy.engine.Engine [cached since 0.149s ago] (UUID('019b8bea-d0b3-7d18-b717-228a2bab0c17'),)
2026-01-14 02:54:35,839 INFO sqlalchemy.engine.Engine SELECT permissions.name 
FROM permissions JOIN role_permissions ON permissions.id = role_permissions.permission_id JOIN roles ON role_permissions.role_id = roles.id JOIN users ON users.role_id = roles.id 
WHERE users.id = $1::UUID
2026-01-14 02:54:35,839 INFO sqlalchemy.engine.Engine [cached since 1380s ago] (UUID('019bb5b4-7045-788b-9131-501538a3368f'),)
Check result: ['view_users', 'current_user', 'delete_users', 'create_users', 'edit_users', 'view_user_groups', 'edit_roles', 'view_roles', 'delete_roles', 'create_roles', 'view_permissions', 'edit_permissions', 'delete_permissions', 'create_permissions', 'assign_permissions_to_role', 'delete_permission_from_role', 'view_logs', 'view_levels', 'create_level', 'edit_level', 'delete_level', 'view_departments', 'create_department', 'edit_department', 'delete_department', 'view_groups', 'create_group', 'edit_group', 'delete_group', 'assign_user_to_group', 'delete_user_group', 'view_role_permissions_by_role_id', 'view_tags', 'view_tag_by_id', 'create_tag', 'edit_tag', 'delete_tag', 'view_ticket_events', 'create_ticket_event', 'edit_ticket_event', 'delete_ticket_event', 'view_ticket_templates', 'create_ticket_template', 'edit_ticket_template', 'delete_ticket_template', 'view_ticket_contexts', 'create_ticket_context', 'edit_ticket_context', 'delete_ticket_context', 'view_ticket_extensions', 'create_ticket_extension', 'edit_ticket_extension', 'delete_ticket_extension', 'view_tickets', 'create_ticket', 'edit_ticket', 'delete_ticket', 'assign_ticket']
2026-01-14 02:54:35,841 INFO sqlalchemy.engine.Engine SELECT permissions.name 
FROM permissions JOIN role_permissions ON permissions.id = role_permissions.permission_id JOIN roles ON role_permissions.role_id = roles.id JOIN users ON users.role_id = roles.id 
WHERE users.id = $1::UUID
2026-01-14 02:54:35,841 INFO sqlalchemy.engine.Engine [cached since 1380s ago] (UUID('019bb690-0eb3-7d23-927c-68fa0110febb'),)
Check result: ['view_users', 'current_user', 'delete_users', 'create_users', 'edit_users', 'view_user_groups', 'view_roles', 'view_levels', 'view_departments', 'create_department', 'edit_department', 'delete_department', 'view_groups', 'create_group', 'edit_group', 'delete_group', 'view_tags', 'view_ticket_events', 'view_ticket_templates', 'view_ticket_contexts', 'view_ticket_extensions', 'create_tag', 'edit_tag', 'view_tickets', 'create_ticket', 'edit_ticket', 'assign_ticket', 'create_ticket_event', 'create_ticket_context', 'create_ticket_extension']
2026-01-14 02:54:35,842 INFO sqlalchemy.engine.Engine SELECT permissions.name 
FROM permissions JOIN role_permissions ON permissions.id = role_permissions.permission_id JOIN roles ON role_permissions.role_id = roles.id JOIN users ON users.role_id = roles.id 
WHERE users.id = $1::UUID
2026-01-14 02:54:35,842 INFO sqlalchemy.engine.Engine [cached since 1380s ago] (UUID('019b8bea-d4a7-7e73-8800-5a606bfb8bc4'),)
Check result: ['view_users', 'current_user', 'delete_users', 'create_users', 'edit_users', 'view_user_groups', 'view_roles', 'view_levels', 'view_departments', 'create_department', 'edit_department', 'delete_department', 'view_groups', 'create_group', 'edit_group', 'delete_group', 'view_tags', 'view_ticket_events', 'view_ticket_templates', 'view_ticket_contexts', 'view_ticket_extensions', 'create_tag', 'edit_tag', 'view_tickets', 'create_ticket', 'edit_ticket', 'assign_ticket', 'create_ticket_event', 'create_ticket_context', 'create_ticket_extension']
2026-01-14 02:54:35,844 INFO sqlalchemy.engine.Engine ROLLBACK
INFO:     222.252.26.190:47627 - "GET /api/v1/user/all?page=1&page_size=10 HTTP/1.1" 200 OK
2026-01-14 02:55:15,907 INFO sqlalchemy.engine.Engine BEGIN (implicit)
2026-01-14 02:55:15,908 INFO sqlalchemy.engine.Engine SELECT users.id AS users_id, users.username AS users_username, users.password AS users_password, users.email AS users_email, users.fullname AS users_fullname, users.create_day AS users_create_day, users.chat_id AS users_chat_id, users.is_active AS users_is_active, users.token_version AS users_token_version, users.role_id AS users_role_id, users.level_id AS users_level_id, users.tenant_id AS users_tenant_id, users.webphone_enabled AS users_webphone_enabled, users.sip_extension AS users_sip_extension, users.sip_username AS users_sip_username, users.sip_password AS users_sip_password, users.sip_domain AS users_sip_domain, users.sip_ws_server AS users_sip_ws_server, users.sip_port AS users_sip_port, users.sip_protocol AS users_sip_protocol, users.webphone_api_key AS users_webphone_api_key, users.webphone_process_id AS users_webphone_process_id, users.webphone_agent_id AS users_webphone_agent_id, users.call_recording_enabled AS users_call_recording_enabled, users.call_log_enabled AS users_call_log_enabled 
FROM users 
WHERE users.id = $1::UUID
2026-01-14 02:55:15,908 INFO sqlalchemy.engine.Engine [cached since 1421s ago] (UUID('019b8bea-d0b3-7d18-b717-228a2bab0c17'),)
2026-01-14 02:55:15,912 INFO sqlalchemy.engine.Engine SELECT roles.id AS roles_id, roles.name AS roles_name, roles.description AS roles_description, roles.role_order AS roles_role_order, roles.tenant_id AS roles_tenant_id, roles.is_active AS roles_is_active 
FROM roles 
WHERE roles.id IN ($1::UUID)
2026-01-14 02:55:15,912 INFO sqlalchemy.engine.Engine [cached since 1421s ago] (UUID('019b8bea-cc2d-7967-bce5-55008e6e286e'),)
2026-01-14 02:55:15,914 INFO sqlalchemy.engine.Engine SELECT levels.id AS levels_id, levels.name AS levels_name, levels.description AS levels_description, levels.level_order AS levels_level_order 
FROM levels 
WHERE levels.id IN ($1::UUID)
2026-01-14 02:55:15,914 INFO sqlalchemy.engine.Engine [cached since 1421s ago] (UUID('019b8bea-cc40-7d2b-997c-2e87c9cf0213'),)
2026-01-14 02:55:15,915 INFO sqlalchemy.engine.Engine SELECT users.is_active 
FROM users 
WHERE users.id = $1::UUID
2026-01-14 02:55:15,915 INFO sqlalchemy.engine.Engine [cached since 1421s ago] (UUID('019b8bea-d0b3-7d18-b717-228a2bab0c17'),)
2026-01-14 02:55:15,917 INFO sqlalchemy.engine.Engine SELECT users.role_id 
FROM users 
WHERE users.id = $1::UUID
2026-01-14 02:55:15,917 INFO sqlalchemy.engine.Engine [cached since 1420s ago] (UUID('019b8bea-d0b3-7d18-b717-228a2bab0c17'),)
2026-01-14 02:55:15,918 INFO sqlalchemy.engine.Engine SELECT permissions.name 
FROM permissions JOIN role_permissions ON role_permissions.permission_id = permissions.id 
WHERE role_permissions.role_id = $1::UUID
2026-01-14 02:55:15,919 INFO sqlalchemy.engine.Engine [cached since 1420s ago] (UUID('019b8bea-cc2d-7967-bce5-55008e6e286e'),)
2026-01-14 02:55:15,921 INFO sqlalchemy.engine.Engine SELECT users.id, users.username, users.password, users.email, users.fullname, users.create_day, users.chat_id, users.is_active, users.token_version, users.role_id, users.level_id, users.tenant_id, users.webphone_enabled, users.sip_extension, users.sip_username, users.sip_password, users.sip_domain, users.sip_ws_server, users.sip_port, users.sip_protocol, users.webphone_api_key, users.webphone_process_id, users.webphone_agent_id, users.call_recording_enabled, users.call_log_enabled 
FROM users 
WHERE users.id = $1::UUID
2026-01-14 02:55:15,921 INFO sqlalchemy.engine.Engine [cached since 1420s ago] ('019b8bea-d0b3-7d18-b717-228a2bab0c17',)
2026-01-14 02:55:15,922 INFO sqlalchemy.engine.Engine SELECT roles.id AS roles_id, roles.name AS roles_name, roles.description AS roles_description, roles.role_order AS roles_role_order, roles.tenant_id AS roles_tenant_id, roles.is_active AS roles_is_active 
FROM roles 
WHERE roles.id IN ($1::UUID)
2026-01-14 02:55:15,922 INFO sqlalchemy.engine.Engine [cached since 1421s ago] (UUID('019b8bea-cc2d-7967-bce5-55008e6e286e'),)
2026-01-14 02:55:15,923 INFO sqlalchemy.engine.Engine SELECT levels.id AS levels_id, levels.name AS levels_name, levels.description AS levels_description, levels.level_order AS levels_level_order 
FROM levels 
WHERE levels.id IN ($1::UUID)
2026-01-14 02:55:15,923 INFO sqlalchemy.engine.Engine [cached since 1421s ago] (UUID('019b8bea-cc40-7d2b-997c-2e87c9cf0213'),)
2026-01-14 02:55:15,924 INFO sqlalchemy.engine.Engine SELECT max(levels.level_order) AS max_1 
FROM levels
2026-01-14 02:55:15,924 INFO sqlalchemy.engine.Engine [cached since 1420s ago] ()
2026-01-14 02:55:15,925 INFO sqlalchemy.engine.Engine SELECT levels.level_order 
FROM levels 
WHERE levels.id = $1::UUID
2026-01-14 02:55:15,925 INFO sqlalchemy.engine.Engine [cached since 40.29s ago] (UUID('019b8bea-cc40-7d2b-997c-2e87c9cf0213'),)
2026-01-14 02:55:15,926 INFO sqlalchemy.engine.Engine SELECT users.id, users.username, users.password, users.email, users.fullname, users.create_day, users.chat_id, users.is_active, users.token_version, users.role_id, users.level_id, users.tenant_id, users.webphone_enabled, users.sip_extension, users.sip_username, users.sip_password, users.sip_domain, users.sip_ws_server, users.sip_port, users.sip_protocol, users.webphone_api_key, users.webphone_process_id, users.webphone_agent_id, users.call_recording_enabled, users.call_log_enabled, roles_1.id AS id_1, roles_1.name, roles_1.description, roles_1.role_order, roles_1.tenant_id AS tenant_id_1, roles_1.is_active AS is_active_1, levels_1.id AS id_2, levels_1.name AS name_1, levels_1.description AS description_1, levels_1.level_order 
FROM users LEFT OUTER JOIN roles AS roles_1 ON roles_1.id = users.role_id LEFT OUTER JOIN levels AS levels_1 ON levels_1.id = users.level_id 
WHERE users.id != $1::UUID 
 LIMIT $2::INTEGER OFFSET $3::INTEGER
2026-01-14 02:55:15,926 INFO sqlalchemy.engine.Engine [cached since 40.24s ago] (UUID('019b8bea-d0b3-7d18-b717-228a2bab0c17'), 10, 0)
2026-01-14 02:55:15,929 INFO sqlalchemy.engine.Engine SELECT count(*) AS count_1 
FROM users 
WHERE users.id != $1::UUID
2026-01-14 02:55:15,929 INFO sqlalchemy.engine.Engine [cached since 40.24s ago] (UUID('019b8bea-d0b3-7d18-b717-228a2bab0c17'),)
2026-01-14 02:55:15,930 INFO sqlalchemy.engine.Engine SELECT permissions.name 
FROM permissions JOIN role_permissions ON permissions.id = role_permissions.permission_id JOIN roles ON role_permissions.role_id = roles.id JOIN users ON users.role_id = roles.id 
WHERE users.id = $1::UUID
2026-01-14 02:55:15,930 INFO sqlalchemy.engine.Engine [cached since 1420s ago] (UUID('019bb5b4-7045-788b-9131-501538a3368f'),)
Check result: ['view_users', 'current_user', 'delete_users', 'create_users', 'edit_users', 'view_user_groups', 'edit_roles', 'view_roles', 'delete_roles', 'create_roles', 'view_permissions', 'edit_permissions', 'delete_permissions', 'create_permissions', 'assign_permissions_to_role', 'delete_permission_from_role', 'view_logs', 'view_levels', 'create_level', 'edit_level', 'delete_level', 'view_departments', 'create_department', 'edit_department', 'delete_department', 'view_groups', 'create_group', 'edit_group', 'delete_group', 'assign_user_to_group', 'delete_user_group', 'view_role_permissions_by_role_id', 'view_tags', 'view_tag_by_id', 'create_tag', 'edit_tag', 'delete_tag', 'view_ticket_events', 'create_ticket_event', 'edit_ticket_event', 'delete_ticket_event', 'view_ticket_templates', 'create_ticket_template', 'edit_ticket_template', 'delete_ticket_template', 'view_ticket_contexts', 'create_ticket_context', 'edit_ticket_context', 'delete_ticket_context', 'view_ticket_extensions', 'create_ticket_extension', 'edit_ticket_extension', 'delete_ticket_extension', 'view_tickets', 'create_ticket', 'edit_ticket', 'delete_ticket', 'assign_ticket']
2026-01-14 02:55:15,932 INFO sqlalchemy.engine.Engine SELECT permissions.name 
FROM permissions JOIN role_permissions ON permissions.id = role_permissions.permission_id JOIN roles ON role_permissions.role_id = roles.id JOIN users ON users.role_id = roles.id 
WHERE users.id = $1::UUID
2026-01-14 02:55:15,932 INFO sqlalchemy.engine.Engine [cached since 1421s ago] (UUID('019bb690-0eb3-7d23-927c-68fa0110febb'),)
Check result: ['view_users', 'current_user', 'delete_users', 'create_users', 'edit_users', 'view_user_groups', 'view_roles', 'view_levels', 'view_departments', 'create_department', 'edit_department', 'delete_department', 'view_groups', 'create_group', 'edit_group', 'delete_group', 'view_tags', 'view_ticket_events', 'view_ticket_templates', 'view_ticket_contexts', 'view_ticket_extensions', 'create_tag', 'edit_tag', 'view_tickets', 'create_ticket', 'edit_ticket', 'assign_ticket', 'create_ticket_event', 'create_ticket_context', 'create_ticket_extension']
2026-01-14 02:55:15,933 INFO sqlalchemy.engine.Engine SELECT permissions.name 
FROM permissions JOIN role_permissions ON permissions.id = role_permissions.permission_id JOIN roles ON role_permissions.role_id = roles.id JOIN users ON users.role_id = roles.id 
WHERE users.id = $1::UUID
2026-01-14 02:55:15,933 INFO sqlalchemy.engine.Engine [cached since 1421s ago] (UUID('019b8bea-d4a7-7e73-8800-5a606bfb8bc4'),)
Check result: ['view_users', 'current_user', 'delete_users', 'create_users', 'edit_users', 'view_user_groups', 'view_roles', 'view_levels', 'view_departments', 'create_department', 'edit_department', 'delete_department', 'view_groups', 'create_group', 'edit_group', 'delete_group', 'view_tags', 'view_ticket_events', 'view_ticket_templates', 'view_ticket_contexts', 'view_ticket_extensions', 'create_tag', 'edit_tag', 'view_tickets', 'create_ticket', 'edit_ticket', 'assign_ticket', 'create_ticket_event', 'create_ticket_context', 'create_ticket_extension']
2026-01-14 02:55:15,935 INFO sqlalchemy.engine.Engine ROLLBACK
INFO:     222.252.26.190:48865 - "GET /api/v1/user/all?page=1&page_size=10 HTTP/1.1" 200 OK
INFO:     222.252.26.190:52027 - "OPTIONS /api/v1/roles?page=1&page_size=10 HTTP/1.1" 200 OK
2026-01-14 02:55:34,696 INFO sqlalchemy.engine.Engine BEGIN (implicit)
2026-01-14 02:55:34,696 INFO sqlalchemy.engine.Engine SELECT users.id AS users_id, users.username AS users_username, users.password AS users_password, users.email AS users_email, users.fullname AS users_fullname, users.create_day AS users_create_day, users.chat_id AS users_chat_id, users.is_active AS users_is_active, users.token_version AS users_token_version, users.role_id AS users_role_id, users.level_id AS users_level_id, users.tenant_id AS users_tenant_id, users.webphone_enabled AS users_webphone_enabled, users.sip_extension AS users_sip_extension, users.sip_username AS users_sip_username, users.sip_password AS users_sip_password, users.sip_domain AS users_sip_domain, users.sip_ws_server AS users_sip_ws_server, users.sip_port AS users_sip_port, users.sip_protocol AS users_sip_protocol, users.webphone_api_key AS users_webphone_api_key, users.webphone_process_id AS users_webphone_process_id, users.webphone_agent_id AS users_webphone_agent_id, users.call_recording_enabled AS users_call_recording_enabled, users.call_log_enabled AS users_call_log_enabled 
FROM users 
WHERE users.id = $1::UUID
2026-01-14 02:55:34,696 INFO sqlalchemy.engine.Engine [cached since 1439s ago] (UUID('019b8bea-d0b3-7d18-b717-228a2bab0c17'),)
2026-01-14 02:55:34,700 INFO sqlalchemy.engine.Engine SELECT roles.id AS roles_id, roles.name AS roles_name, roles.description AS roles_description, roles.role_order AS roles_role_order, roles.tenant_id AS roles_tenant_id, roles.is_active AS roles_is_active 
FROM roles 
WHERE roles.id IN ($1::UUID)
2026-01-14 02:55:34,700 INFO sqlalchemy.engine.Engine [cached since 1439s ago] (UUID('019b8bea-cc2d-7967-bce5-55008e6e286e'),)
2026-01-14 02:55:34,702 INFO sqlalchemy.engine.Engine SELECT levels.id AS levels_id, levels.name AS levels_name, levels.description AS levels_description, levels.level_order AS levels_level_order 
FROM levels 
WHERE levels.id IN ($1::UUID)
2026-01-14 02:55:34,702 INFO sqlalchemy.engine.Engine [cached since 1439s ago] (UUID('019b8bea-cc40-7d2b-997c-2e87c9cf0213'),)
2026-01-14 02:55:34,704 INFO sqlalchemy.engine.Engine SELECT users.is_active 
FROM users 
WHERE users.id = $1::UUID
2026-01-14 02:55:34,704 INFO sqlalchemy.engine.Engine [cached since 1439s ago] (UUID('019b8bea-d0b3-7d18-b717-228a2bab0c17'),)
2026-01-14 02:55:34,705 INFO sqlalchemy.engine.Engine SELECT users.role_id 
FROM users 
WHERE users.id = $1::UUID
2026-01-14 02:55:34,705 INFO sqlalchemy.engine.Engine [cached since 1439s ago] (UUID('019b8bea-d0b3-7d18-b717-228a2bab0c17'),)
2026-01-14 02:55:34,706 INFO sqlalchemy.engine.Engine SELECT permissions.name 
FROM permissions JOIN role_permissions ON role_permissions.permission_id = permissions.id 
WHERE role_permissions.role_id = $1::UUID
2026-01-14 02:55:34,707 INFO sqlalchemy.engine.Engine [cached since 1439s ago] (UUID('019b8bea-cc2d-7967-bce5-55008e6e286e'),)
2026-01-14 02:55:34,708 INFO sqlalchemy.engine.Engine SELECT users.id, users.username, users.password, users.email, users.fullname, users.create_day, users.chat_id, users.is_active, users.token_version, users.role_id, users.level_id, users.tenant_id, users.webphone_enabled, users.sip_extension, users.sip_username, users.sip_password, users.sip_domain, users.sip_ws_server, users.sip_port, users.sip_protocol, users.webphone_api_key, users.webphone_process_id, users.webphone_agent_id, users.call_recording_enabled, users.call_log_enabled 
FROM users 
WHERE users.id = $1::UUID
2026-01-14 02:55:34,709 INFO sqlalchemy.engine.Engine [cached since 1439s ago] ('019b8bea-d0b3-7d18-b717-228a2bab0c17',)
2026-01-14 02:55:34,710 INFO sqlalchemy.engine.Engine SELECT roles.id AS roles_id, roles.name AS roles_name, roles.description AS roles_description, roles.role_order AS roles_role_order, roles.tenant_id AS roles_tenant_id, roles.is_active AS roles_is_active 
FROM roles 
WHERE roles.id IN ($1::UUID)
2026-01-14 02:55:34,710 INFO sqlalchemy.engine.Engine [cached since 1439s ago] (UUID('019b8bea-cc2d-7967-bce5-55008e6e286e'),)
2026-01-14 02:55:34,711 INFO sqlalchemy.engine.Engine SELECT levels.id AS levels_id, levels.name AS levels_name, levels.description AS levels_description, levels.level_order AS levels_level_order 
FROM levels 
WHERE levels.id IN ($1::UUID)
2026-01-14 02:55:34,711 INFO sqlalchemy.engine.Engine [cached since 1439s ago] (UUID('019b8bea-cc40-7d2b-997c-2e87c9cf0213'),)
2026-01-14 02:55:34,713 INFO sqlalchemy.engine.Engine SELECT max(levels.level_order) AS max_1 
FROM levels
2026-01-14 02:55:34,713 INFO sqlalchemy.engine.Engine [cached since 1439s ago] ()
2026-01-14 02:55:34,714 INFO sqlalchemy.engine.Engine SELECT roles.id, roles.name, roles.description, roles.role_order, roles.tenant_id, roles.is_active 
FROM roles 
 LIMIT $1::INTEGER OFFSET $2::INTEGER
2026-01-14 02:55:34,714 INFO sqlalchemy.engine.Engine [cached since 1439s ago] (10, 0)
2026-01-14 02:55:34,715 INFO sqlalchemy.engine.Engine SELECT users.role_id AS users_role_id, users.id AS users_id, users.username AS users_username, users.password AS users_password, users.email AS users_email, users.fullname AS users_fullname, users.create_day AS users_create_day, users.chat_id AS users_chat_id, users.is_active AS users_is_active, users.token_version AS users_token_version, users.level_id AS users_level_id, users.tenant_id AS users_tenant_id, users.webphone_enabled AS users_webphone_enabled, users.sip_extension AS users_sip_extension, users.sip_username AS users_sip_username, users.sip_password AS users_sip_password, users.sip_domain AS users_sip_domain, users.sip_ws_server AS users_sip_ws_server, users.sip_port AS users_sip_port, users.sip_protocol AS users_sip_protocol, users.webphone_api_key AS users_webphone_api_key, users.webphone_process_id AS users_webphone_process_id, users.webphone_agent_id AS users_webphone_agent_id, users.call_recording_enabled AS users_call_recording_enabled, users.call_log_enabled AS users_call_log_enabled 
FROM users 
WHERE users.role_id IN ($1::UUID, $2::UUID)
2026-01-14 02:55:34,715 INFO sqlalchemy.engine.Engine [cached since 1439s ago] (UUID('019b8bea-cc2d-7967-bce5-55008e6e286e'), UUID('019b8bea-cc37-756d-a8ab-2a3d2759023a'))
2026-01-14 02:55:34,717 INFO sqlalchemy.engine.Engine SELECT levels.id AS levels_id, levels.name AS levels_name, levels.description AS levels_description, levels.level_order AS levels_level_order 
FROM levels 
WHERE levels.id IN ($1::UUID, $2::UUID, $3::UUID)
2026-01-14 02:55:34,717 INFO sqlalchemy.engine.Engine [cached since 1439s ago] (UUID('019b8bea-cc40-7d2b-997c-2e87c9cf0213'), UUID('019b8bea-cc51-7cf1-955a-dfe07a837e08'), UUID('019b8bea-cc57-7c07-8302-4ba62612e240'))
2026-01-14 02:55:34,718 INFO sqlalchemy.engine.Engine SELECT count(*) AS count_1 
FROM roles
2026-01-14 02:55:34,718 INFO sqlalchemy.engine.Engine [cached since 1439s ago] ()
2026-01-14 02:55:34,719 INFO sqlalchemy.engine.Engine ROLLBACK
INFO:     222.252.26.190:52027 - "GET /api/v1/roles?page=1&page_size=10 HTTP/1.1" 200 OK
INFO:     89.185.80.159:34128 - "GET / HTTP/1.1" 200 OK
2026-01-14 03:01:35,387 INFO sqlalchemy.engine.Engine BEGIN (implicit)
2026-01-14 03:01:35,388 INFO sqlalchemy.engine.Engine SELECT users.id AS users_id, users.username AS users_username, users.password AS users_password, users.email AS users_email, users.fullname AS users_fullname, users.create_day AS users_create_day, users.chat_id AS users_chat_id, users.is_active AS users_is_active, users.token_version AS users_token_version, users.role_id AS users_role_id, users.level_id AS users_level_id, users.tenant_id AS users_tenant_id, users.webphone_enabled AS users_webphone_enabled, users.sip_extension AS users_sip_extension, users.sip_username AS users_sip_username, users.sip_password AS users_sip_password, users.sip_domain AS users_sip_domain, users.sip_ws_server AS users_sip_ws_server, users.sip_port AS users_sip_port, users.sip_protocol AS users_sip_protocol, users.webphone_api_key AS users_webphone_api_key, users.webphone_process_id AS users_webphone_process_id, users.webphone_agent_id AS users_webphone_agent_id, users.call_recording_enabled AS users_call_recording_enabled, users.call_log_enabled AS users_call_log_enabled 
FROM users 
WHERE users.id = $1::UUID
2026-01-14 03:01:35,389 INFO sqlalchemy.engine.Engine [cached since 1800s ago] (UUID('019b8bea-d0b3-7d18-b717-228a2bab0c17'),)
2026-01-14 03:01:35,392 INFO sqlalchemy.engine.Engine SELECT roles.id AS roles_id, roles.name AS roles_name, roles.description AS roles_description, roles.role_order AS roles_role_order, roles.tenant_id AS roles_tenant_id, roles.is_active AS roles_is_active 
FROM roles 
WHERE roles.id IN ($1::UUID)
2026-01-14 03:01:35,392 INFO sqlalchemy.engine.Engine [cached since 1800s ago] (UUID('019b8bea-cc2d-7967-bce5-55008e6e286e'),)
2026-01-14 03:01:35,394 INFO sqlalchemy.engine.Engine SELECT levels.id AS levels_id, levels.name AS levels_name, levels.description AS levels_description, levels.level_order AS levels_level_order 
FROM levels 
WHERE levels.id IN ($1::UUID)
2026-01-14 03:01:35,395 INFO sqlalchemy.engine.Engine [cached since 1800s ago] (UUID('019b8bea-cc40-7d2b-997c-2e87c9cf0213'),)
2026-01-14 03:01:35,396 INFO sqlalchemy.engine.Engine SELECT users.is_active 
FROM users 
WHERE users.id = $1::UUID
2026-01-14 03:01:35,397 INFO sqlalchemy.engine.Engine [cached since 1800s ago] (UUID('019b8bea-d0b3-7d18-b717-228a2bab0c17'),)
2026-01-14 03:01:35,398 INFO sqlalchemy.engine.Engine SELECT users.role_id 
FROM users 
WHERE users.id = $1::UUID
2026-01-14 03:01:35,398 INFO sqlalchemy.engine.Engine [cached since 1800s ago] (UUID('019b8bea-d0b3-7d18-b717-228a2bab0c17'),)
2026-01-14 03:01:35,400 INFO sqlalchemy.engine.Engine SELECT permissions.name 
FROM permissions JOIN role_permissions ON role_permissions.permission_id = permissions.id 
WHERE role_permissions.role_id = $1::UUID
2026-01-14 03:01:35,400 INFO sqlalchemy.engine.Engine [cached since 1800s ago] (UUID('019b8bea-cc2d-7967-bce5-55008e6e286e'),)
2026-01-14 03:01:35,402 INFO sqlalchemy.engine.Engine SELECT users.id, users.username, users.password, users.email, users.fullname, users.create_day, users.chat_id, users.is_active, users.token_version, users.role_id, users.level_id, users.tenant_id, users.webphone_enabled, users.sip_extension, users.sip_username, users.sip_password, users.sip_domain, users.sip_ws_server, users.sip_port, users.sip_protocol, users.webphone_api_key, users.webphone_process_id, users.webphone_agent_id, users.call_recording_enabled, users.call_log_enabled 
FROM users 
WHERE users.id = $1::UUID
2026-01-14 03:01:35,402 INFO sqlalchemy.engine.Engine [cached since 1800s ago] ('019b8bea-d0b3-7d18-b717-228a2bab0c17',)
2026-01-14 03:01:35,403 INFO sqlalchemy.engine.Engine SELECT roles.id AS roles_id, roles.name AS roles_name, roles.description AS roles_description, roles.role_order AS roles_role_order, roles.tenant_id AS roles_tenant_id, roles.is_active AS roles_is_active 
FROM roles 
WHERE roles.id IN ($1::UUID)
2026-01-14 03:01:35,403 INFO sqlalchemy.engine.Engine [cached since 1800s ago] (UUID('019b8bea-cc2d-7967-bce5-55008e6e286e'),)
2026-01-14 03:01:35,405 INFO sqlalchemy.engine.Engine SELECT levels.id AS levels_id, levels.name AS levels_name, levels.description AS levels_description, levels.level_order AS levels_level_order 
FROM levels 
WHERE levels.id IN ($1::UUID)
2026-01-14 03:01:35,405 INFO sqlalchemy.engine.Engine [cached since 1800s ago] (UUID('019b8bea-cc40-7d2b-997c-2e87c9cf0213'),)
2026-01-14 03:01:35,406 INFO sqlalchemy.engine.Engine SELECT max(levels.level_order) AS max_1 
FROM levels
2026-01-14 03:01:35,406 INFO sqlalchemy.engine.Engine [cached since 1800s ago] ()
2026-01-14 03:01:35,407 INFO sqlalchemy.engine.Engine SELECT roles.id, roles.name, roles.description, roles.role_order, roles.tenant_id, roles.is_active 
FROM roles 
 LIMIT $1::INTEGER OFFSET $2::INTEGER
2026-01-14 03:01:35,408 INFO sqlalchemy.engine.Engine [cached since 1800s ago] (10, 0)
2026-01-14 03:01:35,409 INFO sqlalchemy.engine.Engine SELECT users.role_id AS users_role_id, users.id AS users_id, users.username AS users_username, users.password AS users_password, users.email AS users_email, users.fullname AS users_fullname, users.create_day AS users_create_day, users.chat_id AS users_chat_id, users.is_active AS users_is_active, users.token_version AS users_token_version, users.level_id AS users_level_id, users.tenant_id AS users_tenant_id, users.webphone_enabled AS users_webphone_enabled, users.sip_extension AS users_sip_extension, users.sip_username AS users_sip_username, users.sip_password AS users_sip_password, users.sip_domain AS users_sip_domain, users.sip_ws_server AS users_sip_ws_server, users.sip_port AS users_sip_port, users.sip_protocol AS users_sip_protocol, users.webphone_api_key AS users_webphone_api_key, users.webphone_process_id AS users_webphone_process_id, users.webphone_agent_id AS users_webphone_agent_id, users.call_recording_enabled AS users_call_recording_enabled, users.call_log_enabled AS users_call_log_enabled 
FROM users 
WHERE users.role_id IN ($1::UUID, $2::UUID)
2026-01-14 03:01:35,409 INFO sqlalchemy.engine.Engine [cached since 1800s ago] (UUID('019b8bea-cc2d-7967-bce5-55008e6e286e'), UUID('019b8bea-cc37-756d-a8ab-2a3d2759023a'))
2026-01-14 03:01:35,412 INFO sqlalchemy.engine.Engine SELECT levels.id AS levels_id, levels.name AS levels_name, levels.description AS levels_description, levels.level_order AS levels_level_order 
FROM levels 
WHERE levels.id IN ($1::UUID, $2::UUID, $3::UUID)
2026-01-14 03:01:35,412 INFO sqlalchemy.engine.Engine [cached since 1800s ago] (UUID('019b8bea-cc40-7d2b-997c-2e87c9cf0213'), UUID('019b8bea-cc51-7cf1-955a-dfe07a837e08'), UUID('019b8bea-cc57-7c07-8302-4ba62612e240'))
2026-01-14 03:01:35,414 INFO sqlalchemy.engine.Engine SELECT count(*) AS count_1 
FROM roles
2026-01-14 03:01:35,414 INFO sqlalchemy.engine.Engine [cached since 1800s ago] ()
2026-01-14 03:01:35,416 INFO sqlalchemy.engine.Engine ROLLBACK
INFO:     222.252.26.190:45529 - "GET /api/v1/roles?page=1&page_size=10 HTTP/1.1" 200 OK
INFO:     222.252.26.190:45492 - "OPTIONS /api/v1/roles/019b8bea-cc2d-7967-bce5-55008e6e286e HTTP/1.1" 200 OK
2026-01-14 03:02:04,576 INFO sqlalchemy.engine.Engine BEGIN (implicit)
2026-01-14 03:02:04,577 INFO sqlalchemy.engine.Engine SELECT users.id, users.username, users.password, users.email, users.fullname, users.create_day, users.chat_id, users.is_active, users.token_version, users.role_id, users.level_id, users.tenant_id, users.webphone_enabled, users.sip_extension, users.sip_username, users.sip_password, users.sip_domain, users.sip_ws_server, users.sip_port, users.sip_protocol, users.webphone_api_key, users.webphone_process_id, users.webphone_agent_id, users.call_recording_enabled, users.call_log_enabled 
FROM users 
WHERE users.id = $1::UUID
2026-01-14 03:02:04,577 INFO sqlalchemy.engine.Engine [cached since 1829s ago] ('019b8bea-d0b3-7d18-b717-228a2bab0c17',)
2026-01-14 03:02:04,581 INFO sqlalchemy.engine.Engine SELECT roles.id AS roles_id, roles.name AS roles_name, roles.description AS roles_description, roles.role_order AS roles_role_order, roles.tenant_id AS roles_tenant_id, roles.is_active AS roles_is_active 
FROM roles 
WHERE roles.id IN ($1::UUID)
2026-01-14 03:02:04,581 INFO sqlalchemy.engine.Engine [cached since 1829s ago] (UUID('019b8bea-cc2d-7967-bce5-55008e6e286e'),)
2026-01-14 03:02:04,583 INFO sqlalchemy.engine.Engine SELECT levels.id AS levels_id, levels.name AS levels_name, levels.description AS levels_description, levels.level_order AS levels_level_order 
FROM levels 
WHERE levels.id IN ($1::UUID)
2026-01-14 03:02:04,583 INFO sqlalchemy.engine.Engine [cached since 1829s ago] (UUID('019b8bea-cc40-7d2b-997c-2e87c9cf0213'),)
2026-01-14 03:02:04,585 INFO sqlalchemy.engine.Engine SELECT users.is_active 
FROM users 
WHERE users.id = $1::UUID
2026-01-14 03:02:04,585 INFO sqlalchemy.engine.Engine [cached since 1829s ago] (UUID('019b8bea-d0b3-7d18-b717-228a2bab0c17'),)
2026-01-14 03:02:04,587 INFO sqlalchemy.engine.Engine SELECT users.role_id 
FROM users 
WHERE users.id = $1::UUID
2026-01-14 03:02:04,587 INFO sqlalchemy.engine.Engine [cached since 1829s ago] (UUID('019b8bea-d0b3-7d18-b717-228a2bab0c17'),)
2026-01-14 03:02:04,588 INFO sqlalchemy.engine.Engine SELECT permissions.name 
FROM permissions JOIN role_permissions ON role_permissions.permission_id = permissions.id 
WHERE role_permissions.role_id = $1::UUID
2026-01-14 03:02:04,589 INFO sqlalchemy.engine.Engine [cached since 1829s ago] (UUID('019b8bea-cc2d-7967-bce5-55008e6e286e'),)
2026-01-14 03:02:04,592 INFO sqlalchemy.engine.Engine ROLLBACK
INFO:     222.252.26.190:45492 - "PUT /api/v1/roles/019b8bea-cc2d-7967-bce5-55008e6e286e HTTP/1.1" 422 Unprocessable Entity
INFO:     222.252.26.190:45492 - "OPTIONS /api/v1/roles/019b8bea-cc2d-7967-bce5-55008e6e286e HTTP/1.1" 200 OK
2026-01-14 03:02:07,618 INFO sqlalchemy.engine.Engine BEGIN (implicit)
2026-01-14 03:02:07,618 INFO sqlalchemy.engine.Engine SELECT users.id, users.username, users.password, users.email, users.fullname, users.create_day, users.chat_id, users.is_active, users.token_version, users.role_id, users.level_id, users.tenant_id, users.webphone_enabled, users.sip_extension, users.sip_username, users.sip_password, users.sip_domain, users.sip_ws_server, users.sip_port, users.sip_protocol, users.webphone_api_key, users.webphone_process_id, users.webphone_agent_id, users.call_recording_enabled, users.call_log_enabled 
FROM users 
WHERE users.id = $1::UUID
2026-01-14 03:02:07,618 INFO sqlalchemy.engine.Engine [cached since 1832s ago] ('019b8bea-d0b3-7d18-b717-228a2bab0c17',)
2026-01-14 03:02:07,622 INFO sqlalchemy.engine.Engine SELECT roles.id AS roles_id, roles.name AS roles_name, roles.description AS roles_description, roles.role_order AS roles_role_order, roles.tenant_id AS roles_tenant_id, roles.is_active AS roles_is_active 
FROM roles 
WHERE roles.id IN ($1::UUID)
2026-01-14 03:02:07,622 INFO sqlalchemy.engine.Engine [cached since 1832s ago] (UUID('019b8bea-cc2d-7967-bce5-55008e6e286e'),)
2026-01-14 03:02:07,624 INFO sqlalchemy.engine.Engine SELECT levels.id AS levels_id, levels.name AS levels_name, levels.description AS levels_description, levels.level_order AS levels_level_order 
FROM levels 
WHERE levels.id IN ($1::UUID)
2026-01-14 03:02:07,624 INFO sqlalchemy.engine.Engine [cached since 1832s ago] (UUID('019b8bea-cc40-7d2b-997c-2e87c9cf0213'),)
2026-01-14 03:02:07,627 INFO sqlalchemy.engine.Engine SELECT users.is_active 
FROM users 
WHERE users.id = $1::UUID
2026-01-14 03:02:07,627 INFO sqlalchemy.engine.Engine [cached since 1832s ago] (UUID('019b8bea-d0b3-7d18-b717-228a2bab0c17'),)
2026-01-14 03:02:07,628 INFO sqlalchemy.engine.Engine SELECT users.role_id 
FROM users 
WHERE users.id = $1::UUID
2026-01-14 03:02:07,628 INFO sqlalchemy.engine.Engine [cached since 1832s ago] (UUID('019b8bea-d0b3-7d18-b717-228a2bab0c17'),)
2026-01-14 03:02:07,629 INFO sqlalchemy.engine.Engine SELECT permissions.name 
FROM permissions JOIN role_permissions ON role_permissions.permission_id = permissions.id 
WHERE role_permissions.role_id = $1::UUID
2026-01-14 03:02:07,629 INFO sqlalchemy.engine.Engine [cached since 1832s ago] (UUID('019b8bea-cc2d-7967-bce5-55008e6e286e'),)
2026-01-14 03:02:07,631 INFO sqlalchemy.engine.Engine ROLLBACK
INFO:     222.252.26.190:45492 - "PUT /api/v1/roles/019b8bea-cc2d-7967-bce5-55008e6e286e HTTP/1.1" 422 Unprocessable Entity
INFO:     222.252.26.190:57587 - "OPTIONS /api/v1/user/current HTTP/1.1" 200 OK
2026-01-14 03:06:25,374 INFO sqlalchemy.engine.Engine BEGIN (implicit)
2026-01-14 03:06:25,375 INFO sqlalchemy.engine.Engine SELECT users.id AS users_id, users.username AS users_username, users.password AS users_password, users.email AS users_email, users.fullname AS users_fullname, users.create_day AS users_create_day, users.chat_id AS users_chat_id, users.is_active AS users_is_active, users.token_version AS users_token_version, users.role_id AS users_role_id, users.level_id AS users_level_id, users.tenant_id AS users_tenant_id, users.webphone_enabled AS users_webphone_enabled, users.sip_extension AS users_sip_extension, users.sip_username AS users_sip_username, users.sip_password AS users_sip_password, users.sip_domain AS users_sip_domain, users.sip_ws_server AS users_sip_ws_server, users.sip_port AS users_sip_port, users.sip_protocol AS users_sip_protocol, users.webphone_api_key AS users_webphone_api_key, users.webphone_process_id AS users_webphone_process_id, users.webphone_agent_id AS users_webphone_agent_id, users.call_recording_enabled AS users_call_recording_enabled, users.call_log_enabled AS users_call_log_enabled 
FROM users 
WHERE users.id = $1::UUID
2026-01-14 03:06:25,376 INFO sqlalchemy.engine.Engine [cached since 2090s ago] (UUID('019b8bea-d0b3-7d18-b717-228a2bab0c17'),)
2026-01-14 03:06:25,380 INFO sqlalchemy.engine.Engine SELECT roles.id AS roles_id, roles.name AS roles_name, roles.description AS roles_description, roles.role_order AS roles_role_order, roles.tenant_id AS roles_tenant_id, roles.is_active AS roles_is_active 
FROM roles 
WHERE roles.id IN ($1::UUID)
2026-01-14 03:06:25,380 INFO sqlalchemy.engine.Engine [cached since 2090s ago] (UUID('019b8bea-cc2d-7967-bce5-55008e6e286e'),)
2026-01-14 03:06:25,383 INFO sqlalchemy.engine.Engine SELECT levels.id AS levels_id, levels.name AS levels_name, levels.description AS levels_description, levels.level_order AS levels_level_order 
FROM levels 
WHERE levels.id IN ($1::UUID)
2026-01-14 03:06:25,383 INFO sqlalchemy.engine.Engine [cached since 2090s ago] (UUID('019b8bea-cc40-7d2b-997c-2e87c9cf0213'),)
2026-01-14 03:06:25,386 INFO sqlalchemy.engine.Engine SELECT users.is_active 
FROM users 
WHERE users.id = $1::UUID
2026-01-14 03:06:25,386 INFO sqlalchemy.engine.Engine [cached since 2090s ago] (UUID('019b8bea-d0b3-7d18-b717-228a2bab0c17'),)
2026-01-14 03:06:25,388 INFO sqlalchemy.engine.Engine SELECT users.role_id 
FROM users 
WHERE users.id = $1::UUID
2026-01-14 03:06:25,388 INFO sqlalchemy.engine.Engine [cached since 2090s ago] (UUID('019b8bea-d0b3-7d18-b717-228a2bab0c17'),)
2026-01-14 03:06:25,390 INFO sqlalchemy.engine.Engine SELECT permissions.name 
FROM permissions JOIN role_permissions ON role_permissions.permission_id = permissions.id 
WHERE role_permissions.role_id = $1::UUID
2026-01-14 03:06:25,390 INFO sqlalchemy.engine.Engine [cached since 2090s ago] (UUID('019b8bea-cc2d-7967-bce5-55008e6e286e'),)
2026-01-14 03:06:25,392 INFO sqlalchemy.engine.Engine SELECT users.id, users.username, users.password, users.email, users.fullname, users.create_day, users.chat_id, users.is_active, users.token_version, users.role_id, users.level_id, users.tenant_id, users.webphone_enabled, users.sip_extension, users.sip_username, users.sip_password, users.sip_domain, users.sip_ws_server, users.sip_port, users.sip_protocol, users.webphone_api_key, users.webphone_process_id, users.webphone_agent_id, users.call_recording_enabled, users.call_log_enabled, roles_1.id AS id_1, roles_1.name, roles_1.description, roles_1.role_order, roles_1.tenant_id AS tenant_id_1, roles_1.is_active AS is_active_1, levels_1.id AS id_2, levels_1.name AS name_1, levels_1.description AS description_1, levels_1.level_order 
FROM users LEFT OUTER JOIN roles AS roles_1 ON roles_1.id = users.role_id LEFT OUTER JOIN levels AS levels_1 ON levels_1.id = users.level_id 
WHERE users.id = $1::UUID
2026-01-14 03:06:25,393 INFO sqlalchemy.engine.Engine [cached since 2090s ago] (UUID('019b8bea-d0b3-7d18-b717-228a2bab0c17'),)
2026-01-14 03:06:25,395 INFO sqlalchemy.engine.Engine SELECT permissions.name 
FROM permissions JOIN role_permissions ON permissions.id = role_permissions.permission_id JOIN roles ON role_permissions.role_id = roles.id JOIN users ON users.role_id = roles.id 
WHERE users.id = $1::UUID
2026-01-14 03:06:25,396 INFO sqlalchemy.engine.Engine [cached since 2090s ago] (UUID('019b8bea-d0b3-7d18-b717-228a2bab0c17'),)
Check result: ['view_users', 'current_user', 'delete_users', 'create_users', 'edit_users', 'view_user_groups', 'edit_roles', 'view_roles', 'delete_roles', 'create_roles', 'view_permissions', 'edit_permissions', 'delete_permissions', 'create_permissions', 'assign_permissions_to_role', 'delete_permission_from_role', 'view_logs', 'view_levels', 'create_level', 'edit_level', 'delete_level', 'view_departments', 'create_department', 'edit_department', 'delete_department', 'view_groups', 'create_group', 'edit_group', 'delete_group', 'assign_user_to_group', 'delete_user_group', 'view_role_permissions_by_role_id', 'view_tags', 'view_tag_by_id', 'create_tag', 'edit_tag', 'delete_tag', 'view_ticket_events', 'create_ticket_event', 'edit_ticket_event', 'delete_ticket_event', 'view_ticket_templates', 'create_ticket_template', 'edit_ticket_template', 'delete_ticket_template', 'view_ticket_contexts', 'create_ticket_context', 'edit_ticket_context', 'delete_ticket_context', 'view_ticket_extensions', 'create_ticket_extension', 'edit_ticket_extension', 'delete_ticket_extension', 'view_tickets', 'create_ticket', 'edit_ticket', 'delete_ticket', 'assign_ticket']
2026-01-14 03:06:25,397 INFO sqlalchemy.engine.Engine ROLLBACK
INFO:     222.252.26.190:57587 - "GET /api/v1/user/current HTTP/1.1" 200 OK
INFO:     222.252.26.190:44523 - "OPTIONS /api/v1/roles HTTP/1.1" 200 OK
2026-01-14 03:08:50,508 INFO sqlalchemy.engine.Engine BEGIN (implicit)
2026-01-14 03:08:50,508 INFO sqlalchemy.engine.Engine SELECT users.id, users.username, users.password, users.email, users.fullname, users.create_day, users.chat_id, users.is_active, users.token_version, users.role_id, users.level_id, users.tenant_id, users.webphone_enabled, users.sip_extension, users.sip_username, users.sip_password, users.sip_domain, users.sip_ws_server, users.sip_port, users.sip_protocol, users.webphone_api_key, users.webphone_process_id, users.webphone_agent_id, users.call_recording_enabled, users.call_log_enabled 
FROM users 
WHERE users.id = $1::UUID
2026-01-14 03:08:50,509 INFO sqlalchemy.engine.Engine [cached since 2235s ago] ('019b8bea-d0b3-7d18-b717-228a2bab0c17',)
2026-01-14 03:08:50,512 INFO sqlalchemy.engine.Engine SELECT roles.id AS roles_id, roles.name AS roles_name, roles.description AS roles_description, roles.role_order AS roles_role_order, roles.tenant_id AS roles_tenant_id, roles.is_active AS roles_is_active 
FROM roles 
WHERE roles.id IN ($1::UUID)
2026-01-14 03:08:50,513 INFO sqlalchemy.engine.Engine [cached since 2235s ago] (UUID('019b8bea-cc2d-7967-bce5-55008e6e286e'),)
2026-01-14 03:08:50,515 INFO sqlalchemy.engine.Engine SELECT levels.id AS levels_id, levels.name AS levels_name, levels.description AS levels_description, levels.level_order AS levels_level_order 
FROM levels 
WHERE levels.id IN ($1::UUID)
2026-01-14 03:08:50,516 INFO sqlalchemy.engine.Engine [cached since 2235s ago] (UUID('019b8bea-cc40-7d2b-997c-2e87c9cf0213'),)
2026-01-14 03:08:50,518 INFO sqlalchemy.engine.Engine SELECT users.is_active 
FROM users 
WHERE users.id = $1::UUID
2026-01-14 03:08:50,518 INFO sqlalchemy.engine.Engine [cached since 2235s ago] (UUID('019b8bea-d0b3-7d18-b717-228a2bab0c17'),)
2026-01-14 03:08:50,519 INFO sqlalchemy.engine.Engine SELECT users.role_id 
FROM users 
WHERE users.id = $1::UUID
2026-01-14 03:08:50,519 INFO sqlalchemy.engine.Engine [cached since 2235s ago] (UUID('019b8bea-d0b3-7d18-b717-228a2bab0c17'),)
2026-01-14 03:08:50,520 INFO sqlalchemy.engine.Engine SELECT permissions.name 
FROM permissions JOIN role_permissions ON role_permissions.permission_id = permissions.id 
WHERE role_permissions.role_id = $1::UUID
2026-01-14 03:08:50,521 INFO sqlalchemy.engine.Engine [cached since 2235s ago] (UUID('019b8bea-cc2d-7967-bce5-55008e6e286e'),)
2026-01-14 03:08:50,524 INFO sqlalchemy.engine.Engine SELECT max(levels.level_order) AS max_1 
FROM levels
2026-01-14 03:08:50,524 INFO sqlalchemy.engine.Engine [cached since 2235s ago] ()
2026-01-14 03:08:50,527 INFO sqlalchemy.engine.Engine SELECT roles.id, roles.name, roles.description, roles.role_order, roles.tenant_id, roles.is_active 
FROM roles 
WHERE upper(roles.name) = $1::VARCHAR AND roles.tenant_id = $2::UUID
2026-01-14 03:08:50,527 INFO sqlalchemy.engine.Engine [generated in 0.00014s] ('PARTNER', UUID('019b8bea-cb75-72da-8cb0-66359f310427'))
2026-01-14 03:08:50,557 INFO sqlalchemy.engine.Engine INSERT INTO roles (id, name, description, role_order, tenant_id, is_active) VALUES ($1::UUID, $2::VARCHAR, $3::VARCHAR, $4::INTEGER, $5::UUID, $6::INTEGER)
2026-01-14 03:08:50,557 INFO sqlalchemy.engine.Engine [generated in 0.00051s] (UUID('019bba7a-37fd-7e63-9a40-a98a8604d18e'), 'partner', 'Đối tác công ty', 50, UUID('019b8bea-cb75-72da-8cb0-66359f310427'), 1)
2026-01-14 03:08:50,562 INFO sqlalchemy.engine.Engine COMMIT
2026-01-14 03:08:50,566 INFO sqlalchemy.engine.Engine BEGIN (implicit)
2026-01-14 03:08:50,567 INFO sqlalchemy.engine.Engine SELECT roles.id, roles.name, roles.description, roles.role_order, roles.tenant_id, roles.is_active 
FROM roles 
WHERE roles.id = $1::UUID
2026-01-14 03:08:50,568 INFO sqlalchemy.engine.Engine [generated in 0.00024s] (UUID('019bba7a-37fd-7e63-9a40-a98a8604d18e'),)
2026-01-14 03:08:50,573 INFO sqlalchemy.engine.Engine SELECT users.id AS users_id, users.username AS users_username, users.password AS users_password, users.email AS users_email, users.fullname AS users_fullname, users.create_day AS users_create_day, users.chat_id AS users_chat_id, users.is_active AS users_is_active, users.token_version AS users_token_version, users.role_id AS users_role_id, users.level_id AS users_level_id, users.tenant_id AS users_tenant_id, users.webphone_enabled AS users_webphone_enabled, users.sip_extension AS users_sip_extension, users.sip_username AS users_sip_username, users.sip_password AS users_sip_password, users.sip_domain AS users_sip_domain, users.sip_ws_server AS users_sip_ws_server, users.sip_port AS users_sip_port, users.sip_protocol AS users_sip_protocol, users.webphone_api_key AS users_webphone_api_key, users.webphone_process_id AS users_webphone_process_id, users.webphone_agent_id AS users_webphone_agent_id, users.call_recording_enabled AS users_call_recording_enabled, users.call_log_enabled AS users_call_log_enabled 
FROM users 
WHERE $1::UUID = users.role_id
2026-01-14 03:08:50,573 INFO sqlalchemy.engine.Engine [generated in 0.00027s] (UUID('019bba7a-37fd-7e63-9a40-a98a8604d18e'),)
2026-01-14 03:08:50,576 INFO sqlalchemy.engine.Engine SELECT users.id, users.username, users.password, users.email, users.fullname, users.create_day, users.chat_id, users.is_active, users.token_version, users.role_id, users.level_id, users.tenant_id, users.webphone_enabled, users.sip_extension, users.sip_username, users.sip_password, users.sip_domain, users.sip_ws_server, users.sip_port, users.sip_protocol, users.webphone_api_key, users.webphone_process_id, users.webphone_agent_id, users.call_recording_enabled, users.call_log_enabled 
FROM users 
WHERE users.id = $1::UUID
2026-01-14 03:08:50,576 INFO sqlalchemy.engine.Engine [cached since 2235s ago] ('019b8bea-d0b3-7d18-b717-228a2bab0c17',)
2026-01-14 03:08:50,578 INFO sqlalchemy.engine.Engine SELECT roles.id AS roles_id, roles.name AS roles_name, roles.description AS roles_description, roles.role_order AS roles_role_order, roles.tenant_id AS roles_tenant_id, roles.is_active AS roles_is_active 
FROM roles 
WHERE roles.id IN ($1::UUID)
2026-01-14 03:08:50,578 INFO sqlalchemy.engine.Engine [cached since 2235s ago] (UUID('019b8bea-cc2d-7967-bce5-55008e6e286e'),)
2026-01-14 03:08:50,579 INFO sqlalchemy.engine.Engine SELECT levels.id AS levels_id, levels.name AS levels_name, levels.description AS levels_description, levels.level_order AS levels_level_order 
FROM levels 
WHERE levels.id IN ($1::UUID)
2026-01-14 03:08:50,579 INFO sqlalchemy.engine.Engine [cached since 2235s ago] (UUID('019b8bea-cc40-7d2b-997c-2e87c9cf0213'),)
2026-01-14 03:08:50,581 INFO sqlalchemy.engine.Engine INSERT INTO logs (id, user_name, action, create_time, data, user_id, tenant_id) VALUES ($1::UUID, $2::VARCHAR, $3::VARCHAR, $4::TIMESTAMP WITH TIME ZONE, $5::VARCHAR, $6::UUID, $7::UUID)
2026-01-14 03:08:50,582 INFO sqlalchemy.engine.Engine [generated in 0.00023s] (UUID('019bba7a-3815-73d9-856c-0e837718f642'), 'admin', 'create_role', datetime.datetime(2026, 1, 14, 3, 8, 50, 580489, tzinfo=datetime.timezone.utc), '{"ip": "222.252.26.190", "user_agent": "Mozilla/5.0 (Windows NT 10.0; Win64; x64) AppleWebKit/537.36 (KHTML, like Gecko) Chrome/143.0.0.0 Safari/537. ... (51 characters truncated) ... {"name": "partner", "description": "\\u0110\\u1ed1i t\\u00e1c c\\u00f4ng ty", "tenant_id": "019b8bea-cb75-72da-8cb0-66359f310427", "role_order": 50}}', UUID('019b8bea-d0b3-7d18-b717-228a2bab0c17'), None)
2026-01-14 03:08:50,585 INFO sqlalchemy.engine.Engine COMMIT
INFO:     222.252.26.190:44523 - "POST /api/v1/roles HTTP/1.1" 200 OK
INFO:     222.252.26.190:44954 - "OPTIONS /api/v1/roles HTTP/1.1" 200 OK
2026-01-14 03:09:13,818 INFO sqlalchemy.engine.Engine BEGIN (implicit)
2026-01-14 03:09:13,819 INFO sqlalchemy.engine.Engine SELECT users.id, users.username, users.password, users.email, users.fullname, users.create_day, users.chat_id, users.is_active, users.token_version, users.role_id, users.level_id, users.tenant_id, users.webphone_enabled, users.sip_extension, users.sip_username, users.sip_password, users.sip_domain, users.sip_ws_server, users.sip_port, users.sip_protocol, users.webphone_api_key, users.webphone_process_id, users.webphone_agent_id, users.call_recording_enabled, users.call_log_enabled 
FROM users 
WHERE users.id = $1::UUID
2026-01-14 03:09:13,819 INFO sqlalchemy.engine.Engine [cached since 2258s ago] ('019b8bea-d0b3-7d18-b717-228a2bab0c17',)
2026-01-14 03:09:13,822 INFO sqlalchemy.engine.Engine SELECT roles.id AS roles_id, roles.name AS roles_name, roles.description AS roles_description, roles.role_order AS roles_role_order, roles.tenant_id AS roles_tenant_id, roles.is_active AS roles_is_active 
FROM roles 
WHERE roles.id IN ($1::UUID)
2026-01-14 03:09:13,822 INFO sqlalchemy.engine.Engine [cached since 2258s ago] (UUID('019b8bea-cc2d-7967-bce5-55008e6e286e'),)
2026-01-14 03:09:13,824 INFO sqlalchemy.engine.Engine SELECT levels.id AS levels_id, levels.name AS levels_name, levels.description AS levels_description, levels.level_order AS levels_level_order 
FROM levels 
WHERE levels.id IN ($1::UUID)
2026-01-14 03:09:13,824 INFO sqlalchemy.engine.Engine [cached since 2258s ago] (UUID('019b8bea-cc40-7d2b-997c-2e87c9cf0213'),)
2026-01-14 03:09:13,826 INFO sqlalchemy.engine.Engine SELECT users.is_active 
FROM users 
WHERE users.id = $1::UUID
2026-01-14 03:09:13,826 INFO sqlalchemy.engine.Engine [cached since 2258s ago] (UUID('019b8bea-d0b3-7d18-b717-228a2bab0c17'),)
2026-01-14 03:09:13,827 INFO sqlalchemy.engine.Engine SELECT users.role_id 
FROM users 
WHERE users.id = $1::UUID
2026-01-14 03:09:13,828 INFO sqlalchemy.engine.Engine [cached since 2258s ago] (UUID('019b8bea-d0b3-7d18-b717-228a2bab0c17'),)
2026-01-14 03:09:13,829 INFO sqlalchemy.engine.Engine SELECT permissions.name 
FROM permissions JOIN role_permissions ON role_permissions.permission_id = permissions.id 
WHERE role_permissions.role_id = $1::UUID
2026-01-14 03:09:13,829 INFO sqlalchemy.engine.Engine [cached since 2258s ago] (UUID('019b8bea-cc2d-7967-bce5-55008e6e286e'),)
2026-01-14 03:09:13,831 INFO sqlalchemy.engine.Engine SELECT max(levels.level_order) AS max_1 
FROM levels
2026-01-14 03:09:13,831 INFO sqlalchemy.engine.Engine [cached since 2258s ago] ()
2026-01-14 03:09:13,833 INFO sqlalchemy.engine.Engine SELECT roles.id, roles.name, roles.description, roles.role_order, roles.tenant_id, roles.is_active 
FROM roles 
WHERE upper(roles.name) = $1::VARCHAR AND roles.tenant_id = $2::UUID
2026-01-14 03:09:13,834 INFO sqlalchemy.engine.Engine [generated in 0.00021s] ('VAI TRÒ', UUID('019b8bea-cb75-72da-8cb0-66359f310427'))
2026-01-14 03:09:13,838 INFO sqlalchemy.engine.Engine INSERT INTO roles (id, name, description, role_order, tenant_id, is_active) VALUES ($1::UUID, $2::VARCHAR, $3::VARCHAR, $4::INTEGER, $5::UUID, $6::INTEGER)
2026-01-14 03:09:13,838 INFO sqlalchemy.engine.Engine [cached since 23.28s ago] (UUID('019bba7a-92ed-7070-b915-e772aa22db8f'), 'Vai trò', '344', 24, UUID('019b8bea-cb75-72da-8cb0-66359f310427'), 1)
2026-01-14 03:09:13,840 INFO sqlalchemy.engine.Engine COMMIT
2026-01-14 03:09:13,844 INFO sqlalchemy.engine.Engine BEGIN (implicit)
2026-01-14 03:09:13,845 INFO sqlalchemy.engine.Engine SELECT roles.id, roles.name, roles.description, roles.role_order, roles.tenant_id, roles.is_active 
FROM roles 
WHERE roles.id = $1::UUID
2026-01-14 03:09:13,845 INFO sqlalchemy.engine.Engine [cached since 23.28s ago] (UUID('019bba7a-92ed-7070-b915-e772aa22db8f'),)
2026-01-14 03:09:13,848 INFO sqlalchemy.engine.Engine SELECT users.id AS users_id, users.username AS users_username, users.password AS users_password, users.email AS users_email, users.fullname AS users_fullname, users.create_day AS users_create_day, users.chat_id AS users_chat_id, users.is_active AS users_is_active, users.token_version AS users_token_version, users.role_id AS users_role_id, users.level_id AS users_level_id, users.tenant_id AS users_tenant_id, users.webphone_enabled AS users_webphone_enabled, users.sip_extension AS users_sip_extension, users.sip_username AS users_sip_username, users.sip_password AS users_sip_password, users.sip_domain AS users_sip_domain, users.sip_ws_server AS users_sip_ws_server, users.sip_port AS users_sip_port, users.sip_protocol AS users_sip_protocol, users.webphone_api_key AS users_webphone_api_key, users.webphone_process_id AS users_webphone_process_id, users.webphone_agent_id AS users_webphone_agent_id, users.call_recording_enabled AS users_call_recording_enabled, users.call_log_enabled AS users_call_log_enabled 
FROM users 
WHERE $1::UUID = users.role_id
2026-01-14 03:09:13,848 INFO sqlalchemy.engine.Engine [cached since 23.28s ago] (UUID('019bba7a-92ed-7070-b915-e772aa22db8f'),)
2026-01-14 03:09:13,851 INFO sqlalchemy.engine.Engine SELECT users.id, users.username, users.password, users.email, users.fullname, users.create_day, users.chat_id, users.is_active, users.token_version, users.role_id, users.level_id, users.tenant_id, users.webphone_enabled, users.sip_extension, users.sip_username, users.sip_password, users.sip_domain, users.sip_ws_server, users.sip_port, users.sip_protocol, users.webphone_api_key, users.webphone_process_id, users.webphone_agent_id, users.call_recording_enabled, users.call_log_enabled 
FROM users 
WHERE users.id = $1::UUID
2026-01-14 03:09:13,851 INFO sqlalchemy.engine.Engine [cached since 2258s ago] ('019b8bea-d0b3-7d18-b717-228a2bab0c17',)
2026-01-14 03:09:13,852 INFO sqlalchemy.engine.Engine SELECT roles.id AS roles_id, roles.name AS roles_name, roles.description AS roles_description, roles.role_order AS roles_role_order, roles.tenant_id AS roles_tenant_id, roles.is_active AS roles_is_active 
FROM roles 
WHERE roles.id IN ($1::UUID)
2026-01-14 03:09:13,852 INFO sqlalchemy.engine.Engine [cached since 2258s ago] (UUID('019b8bea-cc2d-7967-bce5-55008e6e286e'),)
2026-01-14 03:09:13,854 INFO sqlalchemy.engine.Engine SELECT levels.id AS levels_id, levels.name AS levels_name, levels.description AS levels_description, levels.level_order AS levels_level_order 
FROM levels 
WHERE levels.id IN ($1::UUID)
2026-01-14 03:09:13,854 INFO sqlalchemy.engine.Engine [cached since 2258s ago] (UUID('019b8bea-cc40-7d2b-997c-2e87c9cf0213'),)
2026-01-14 03:09:13,856 INFO sqlalchemy.engine.Engine INSERT INTO logs (id, user_name, action, create_time, data, user_id, tenant_id) VALUES ($1::UUID, $2::VARCHAR, $3::VARCHAR, $4::TIMESTAMP WITH TIME ZONE, $5::VARCHAR, $6::UUID, $7::UUID)
2026-01-14 03:09:13,856 INFO sqlalchemy.engine.Engine [cached since 23.28s ago] (UUID('019bba7a-9300-7d3c-a9a7-1b84a6cbc2fb'), 'admin', 'create_role', datetime.datetime(2026, 1, 14, 3, 9, 13, 856072, tzinfo=datetime.timezone.utc), '{"ip": "222.252.26.190", "user_agent": "Mozilla/5.0 (Windows NT 10.0; Win64; x64) AppleWebKit/537.36 (KHTML, like Gecko) Chrome/143.0.0.0 Safari/537. ... (21 characters truncated) ... , "query_params": {}, "body": {"name": "Vai tr\\u00f2", "description": "344", "tenant_id": "019b8bea-cb75-72da-8cb0-66359f310427", "role_order": 24}}', UUID('019b8bea-d0b3-7d18-b717-228a2bab0c17'), None)
2026-01-14 03:09:13,859 INFO sqlalchemy.engine.Engine COMMIT
INFO:     222.252.26.190:44954 - "POST /api/v1/roles HTTP/1.1" 200 OK
INFO:     Shutting down
INFO:     Waiting for application shutdown.
INFO:     Application shutdown complete.
INFO:     Finished server process [353553]
INFO:     Stopping reloader process [352141]
